2026-04-23 15:00:58.798  INFO 11860 --- [main] com.example.Application                  : Starting Application on HYH with PID 11860 (started by 48938 in C:\Users\48938\Documents\AAA\一堆2.2\信息系统实践\1716035241321-学生选课管理系统)
2026-04-23 15:00:58.802  INFO 11860 --- [main] com.example.Application                  : No active profile set, falling back to default profiles: default
2026-04-23 15:00:59.202  WARN 11860 --- [main] o.m.s.mapper.ClassPathMapperScanner      : No MyBatis mapper was found in '[com.example]' package. Please check your configuration.
2026-04-23 15:00:59.952  INFO 11860 --- [main] o.s.b.w.embedded.tomcat.TomcatWebServer  : Tomcat initialized with port(s): 8888 (http)
2026-04-23 15:00:59.965  INFO 11860 --- [main] o.apache.catalina.core.StandardService   : Starting service [Tomcat]
2026-04-23 15:00:59.966  INFO 11860 --- [main] org.apache.catalina.core.StandardEngine  : Starting Servlet Engine: Apache Tomcat/9.0.12
2026-04-23 15:00:59.971  INFO 11860 --- [main] o.a.catalina.core.AprLifecycleListener   : The APR based Apache Tomcat Native library which allows optimal performance in production environments was not found on the java.library.path: [C:\Program Files (x86)\Java\jdk-1.8\bin;C:\WINDOWS\Sun\Java\bin;C:\WINDOWS\system32;C:\WINDOWS;C:\Program Files\Common Files\Oracle\Java\javapath;C:\Program Files (x86)\Common Files\Oracle\Java\java8path;C:\Program Files (x86)\Common Files\Oracle\Java\javapath;C:\Program Files\NVIDIA GPU Computing Toolkit\CUDA\v12.9\bin;C:\Program Files\NVIDIA GPU Computing Toolkit\CUDA\v12.9\libnvvp;C:\Windows\system32;C:\Windows;C:\Windows\System32\Wbem;C:\Windows\System32\WindowsPowerShell\v1.0\;C:\Windows\System32\OpenSSH\;C:\Program Files (x86)\NVIDIA Corporation\PhysX\Common;C:\Program Files\dotnet\;C:\Oracle\instantclient-basic-windows.x64-23.26.1.0.0\instantclient_23_0;C:\WINDOWS\system32;C:\WINDOWS;C:\WINDOWS\System32\Wbem;C:\WINDOWS\System32\WindowsPowerShell\v1.0\;C:\WINDOWS\System32\OpenSSH\;C:\Program Files\Bandizip\;C:\Program Files (x86)\Windows Kits\10\Windows Performance Toolkit\;C:\Program Files\NVIDIA Corporation\NVIDIA App\NvDLISR;C:\Program Files\NVIDIA Corporation\Nsight Compute 2025.2.0\;C:\Program Files (x86)\Java\jdk-1.8\bin;%JRE_HOME%\bin;C:\Users\48938\AppData\Local\Programs\Python\Launcher\;C:\Users\48938\AppData\Local\Programs\Python\Python313;C:\Users\48938\AppData\Local\Microsoft\WindowsApps;C:\Users\48938\.dotnet\tools;C:\Users\48938\AppData\Local\Programs\Ollama;C:\Users\48938\AppData\Local\Programs\Python\Python313\Scripts;C:\Users\48938\AppData\Local\GitHubDesktop\bin;C:\mingw64\bin;.]
2026-04-23 15:01:00.047  INFO 11860 --- [main] o.a.c.c.C.[Tomcat].[localhost].[/]       : Initializing Spring embedded WebApplicationContext
2026-04-23 15:01:00.047  INFO 11860 --- [main] o.s.web.context.ContextLoader            : Root WebApplicationContext: initialization completed in 1215 ms
2026-04-23 15:01:00.061  INFO 11860 --- [main] o.s.b.w.servlet.ServletRegistrationBean  : Servlet dispatcherServlet mapped to [/]
2026-04-23 15:01:00.063  INFO 11860 --- [main] o.s.b.w.servlet.FilterRegistrationBean   : Mapping filter: 'characterEncodingFilter' to: [/*]
2026-04-23 15:01:00.063  INFO 11860 --- [main] o.s.b.w.servlet.FilterRegistrationBean   : Mapping filter: 'hiddenHttpMethodFilter' to: [/*]
2026-04-23 15:01:00.063  INFO 11860 --- [main] o.s.b.w.servlet.FilterRegistrationBean   : Mapping filter: 'formContentFilter' to: [/*]
2026-04-23 15:01:00.063  INFO 11860 --- [main] o.s.b.w.servlet.FilterRegistrationBean   : Mapping filter: 'requestContextFilter' to: [/*]
2026-04-23 15:01:00.550  INFO 11860 --- [main] o.s.s.concurrent.ThreadPoolTaskExecutor  : Initializing ExecutorService 'applicationTaskExecutor'
2026-04-23 15:01:00.720  INFO 11860 --- [main] o.s.b.w.embedded.tomcat.TomcatWebServer  : Tomcat started on port(s): 8888 (http) with context path ''
2026-04-23 15:01:00.722  INFO 11860 --- [main] com.example.Application                  : Started Application in 2.272 seconds (JVM running for 2.539)
2026-04-23 15:01:00.723  INFO 11860 --- [main] com.example.common.config.OpenBrowser    : 项目启动成功……
2026-04-23 15:01:01.234  INFO 11860 --- [http-nio-8888-exec-1] o.a.c.c.C.[Tomcat].[localhost].[/]       : Initializing Spring DispatcherServlet 'dispatcherServlet'
2026-04-23 15:01:01.234  INFO 11860 --- [http-nio-8888-exec-1] o.s.web.servlet.DispatcherServlet        : Initializing Servlet 'dispatcherServlet'
2026-04-23 15:01:01.245  INFO 11860 --- [http-nio-8888-exec-1] o.s.web.servlet.DispatcherServlet        : Completed initialization in 11 ms
2026-04-23 15:01:50.549  INFO 11860 --- [http-nio-8888-exec-3] com.zaxxer.hikari.HikariDataSource       : HikariPool-1 - Starting...
2026-04-23 15:01:55.696 ERROR 11860 --- [http-nio-8888-exec-3] com.zaxxer.hikari.pool.HikariPool        : HikariPool-1 - Exception during pool initialization.

com.mysql.cj.jdbc.exceptions.CommunicationsException: Communications link failure

The last packet sent successfully to the server was 0 milliseconds ago. The driver has not received any packets from the server.
	at com.mysql.cj.jdbc.exceptions.SQLError.createCommunicationsException(SQLError.java:174) ~[mysql-connector-java-8.0.13.jar:8.0.13]
	at com.mysql.cj.jdbc.exceptions.SQLExceptionsMapping.translateException(SQLExceptionsMapping.java:64) ~[mysql-connector-java-8.0.13.jar:8.0.13]
	at com.mysql.cj.jdbc.ConnectionImpl.createNewIO(ConnectionImpl.java:835) ~[mysql-connector-java-8.0.13.jar:8.0.13]
	at com.mysql.cj.jdbc.ConnectionImpl.<init>(ConnectionImpl.java:455) ~[mysql-connector-java-8.0.13.jar:8.0.13]
	at com.mysql.cj.jdbc.ConnectionImpl.getInstance(ConnectionImpl.java:240) ~[mysql-connector-java-8.0.13.jar:8.0.13]
	at com.mysql.cj.jdbc.NonRegisteringDriver.connect(NonRegisteringDriver.java:207) ~[mysql-connector-java-8.0.13.jar:8.0.13]
	at com.zaxxer.hikari.util.DriverDataSource.getConnection(DriverDataSource.java:136) ~[HikariCP-3.2.0.jar:na]
	at com.zaxxer.hikari.pool.PoolBase.newConnection(PoolBase.java:369) ~[HikariCP-3.2.0.jar:na]
	at com.zaxxer.hikari.pool.PoolBase.newPoolEntry(PoolBase.java:198) ~[HikariCP-3.2.0.jar:na]
	at com.zaxxer.hikari.pool.HikariPool.createPoolEntry(HikariPool.java:467) [HikariCP-3.2.0.jar:na]
	at com.zaxxer.hikari.pool.HikariPool.checkFailFast(HikariPool.java:541) [HikariCP-3.2.0.jar:na]
	at com.zaxxer.hikari.pool.HikariPool.<init>(HikariPool.java:115) [HikariCP-3.2.0.jar:na]
	at com.zaxxer.hikari.HikariDataSource.getConnection(HikariDataSource.java:112) [HikariCP-3.2.0.jar:na]
	at org.springframework.jdbc.datasource.DataSourceUtils.fetchConnection(DataSourceUtils.java:151) [spring-jdbc-5.1.2.RELEASE.jar:5.1.2.RELEASE]
	at org.springframework.jdbc.datasource.DataSourceUtils.doGetConnection(DataSourceUtils.java:115) [spring-jdbc-5.1.2.RELEASE.jar:5.1.2.RELEASE]
	at org.springframework.jdbc.datasource.DataSourceUtils.getConnection(DataSourceUtils.java:78) [spring-jdbc-5.1.2.RELEASE.jar:5.1.2.RELEASE]
	at org.mybatis.spring.transaction.SpringManagedTransaction.openConnection(SpringManagedTransaction.java:82) [mybatis-spring-1.3.2.jar:1.3.2]
	at org.mybatis.spring.transaction.SpringManagedTransaction.getConnection(SpringManagedTransaction.java:68) [mybatis-spring-1.3.2.jar:1.3.2]
	at org.apache.ibatis.executor.BaseExecutor.getConnection(BaseExecutor.java:338) [mybatis-3.4.6.jar:3.4.6]
	at org.apache.ibatis.executor.SimpleExecutor.prepareStatement(SimpleExecutor.java:84) [mybatis-3.4.6.jar:3.4.6]
	at org.apache.ibatis.executor.SimpleExecutor.doQuery(SimpleExecutor.java:62) [mybatis-3.4.6.jar:3.4.6]
	at org.apache.ibatis.executor.BaseExecutor.queryFromDatabase(BaseExecutor.java:326) [mybatis-3.4.6.jar:3.4.6]
	at org.apache.ibatis.executor.BaseExecutor.query(BaseExecutor.java:156) [mybatis-3.4.6.jar:3.4.6]
	at org.apache.ibatis.executor.CachingExecutor.query(CachingExecutor.java:109) [mybatis-3.4.6.jar:3.4.6]
	at com.github.pagehelper.PageInterceptor.intercept(PageInterceptor.java:108) [pagehelper-5.1.8.jar:na]
	at org.apache.ibatis.plugin.Plugin.invoke(Plugin.java:61) [mybatis-3.4.6.jar:3.4.6]
	at com.sun.proxy.$Proxy109.query(Unknown Source) [na:na]
	at org.apache.ibatis.session.defaults.DefaultSqlSession.selectList(DefaultSqlSession.java:148) [mybatis-3.4.6.jar:3.4.6]
	at org.apache.ibatis.session.defaults.DefaultSqlSession.selectList(DefaultSqlSession.java:141) [mybatis-3.4.6.jar:3.4.6]
	at org.apache.ibatis.session.defaults.DefaultSqlSession.selectOne(DefaultSqlSession.java:77) [mybatis-3.4.6.jar:3.4.6]
	at sun.reflect.NativeMethodAccessorImpl.invoke0(Native Method) ~[na:1.8.0_451]
	at sun.reflect.NativeMethodAccessorImpl.invoke(NativeMethodAccessorImpl.java:62) ~[na:1.8.0_451]
	at sun.reflect.DelegatingMethodAccessorImpl.invoke(DelegatingMethodAccessorImpl.java:43) ~[na:1.8.0_451]
	at java.lang.reflect.Method.invoke(Method.java:498) ~[na:1.8.0_451]
	at org.mybatis.spring.SqlSessionTemplate$SqlSessionInterceptor.invoke(SqlSessionTemplate.java:433) [mybatis-spring-1.3.2.jar:1.3.2]
	at com.sun.proxy.$Proxy71.selectOne(Unknown Source) [na:na]
	at org.mybatis.spring.SqlSessionTemplate.selectOne(SqlSessionTemplate.java:166) [mybatis-spring-1.3.2.jar:1.3.2]
	at org.apache.ibatis.binding.MapperMethod.execute(MapperMethod.java:83) [mybatis-3.4.6.jar:3.4.6]
	at org.apache.ibatis.binding.MapperProxy.invoke(MapperProxy.java:59) [mybatis-3.4.6.jar:3.4.6]
	at com.sun.proxy.$Proxy80.findByName(Unknown Source) [na:na]
	at sun.reflect.NativeMethodAccessorImpl.invoke0(Native Method) ~[na:1.8.0_451]
	at sun.reflect.NativeMethodAccessorImpl.invoke(NativeMethodAccessorImpl.java:62) ~[na:1.8.0_451]
	at sun.reflect.DelegatingMethodAccessorImpl.invoke(DelegatingMethodAccessorImpl.java:43) ~[na:1.8.0_451]
	at java.lang.reflect.Method.invoke(Method.java:498) ~[na:1.8.0_451]
	at org.springframework.aop.support.AopUtils.invokeJoinpointUsingReflection(AopUtils.java:343) [spring-aop-5.1.2.RELEASE.jar:5.1.2.RELEASE]
	at org.springframework.aop.framework.ReflectiveMethodInvocation.invokeJoinpoint(ReflectiveMethodInvocation.java:198) [spring-aop-5.1.2.RELEASE.jar:5.1.2.RELEASE]
	at org.springframework.aop.framework.ReflectiveMethodInvocation.proceed(ReflectiveMethodInvocation.java:163) [spring-aop-5.1.2.RELEASE.jar:5.1.2.RELEASE]
	at org.springframework.dao.support.PersistenceExceptionTranslationInterceptor.invoke(PersistenceExceptionTranslationInterceptor.java:139) [spring-tx-5.1.2.RELEASE.jar:5.1.2.RELEASE]
	at org.springframework.aop.framework.ReflectiveMethodInvocation.proceed(ReflectiveMethodInvocation.java:186) [spring-aop-5.1.2.RELEASE.jar:5.1.2.RELEASE]
	at org.springframework.aop.framework.JdkDynamicAopProxy.invoke(JdkDynamicAopProxy.java:212) [spring-aop-5.1.2.RELEASE.jar:5.1.2.RELEASE]
	at com.sun.proxy.$Proxy81.findByName(Unknown Source) [na:na]
	at com.example.service.TeacherInfoService.add(TeacherInfoService.java:52) [classes/:na]
	at com.example.controller.AccountController.register(AccountController.java:107) [classes/:na]
	at sun.reflect.NativeMethodAccessorImpl.invoke0(Native Method) ~[na:1.8.0_451]
	at sun.reflect.NativeMethodAccessorImpl.invoke(NativeMethodAccessorImpl.java:62) ~[na:1.8.0_451]
	at sun.reflect.DelegatingMethodAccessorImpl.invoke(DelegatingMethodAccessorImpl.java:43) ~[na:1.8.0_451]
	at java.lang.reflect.Method.invoke(Method.java:498) ~[na:1.8.0_451]
	at org.springframework.web.method.support.InvocableHandlerMethod.doInvoke(InvocableHandlerMethod.java:215) [spring-web-5.1.2.RELEASE.jar:5.1.2.RELEASE]
	at org.springframework.web.method.support.InvocableHandlerMethod.invokeForRequest(InvocableHandlerMethod.java:142) [spring-web-5.1.2.RELEASE.jar:5.1.2.RELEASE]
	at org.springframework.web.servlet.mvc.method.annotation.ServletInvocableHandlerMethod.invokeAndHandle(ServletInvocableHandlerMethod.java:102) [spring-webmvc-5.1.2.RELEASE.jar:5.1.2.RELEASE]
	at org.springframework.web.servlet.mvc.method.annotation.RequestMappingHandlerAdapter.invokeHandlerMethod(RequestMappingHandlerAdapter.java:895) [spring-webmvc-5.1.2.RELEASE.jar:5.1.2.RELEASE]
	at org.springframework.web.servlet.mvc.method.annotation.RequestMappingHandlerAdapter.handleInternal(RequestMappingHandlerAdapter.java:800) [spring-webmvc-5.1.2.RELEASE.jar:5.1.2.RELEASE]
	at org.springframework.web.servlet.mvc.method.AbstractHandlerMethodAdapter.handle(AbstractHandlerMethodAdapter.java:87) [spring-webmvc-5.1.2.RELEASE.jar:5.1.2.RELEASE]
	at org.springframework.web.servlet.DispatcherServlet.doDispatch(DispatcherServlet.java:1038) [spring-webmvc-5.1.2.RELEASE.jar:5.1.2.RELEASE]
	at org.springframework.web.servlet.DispatcherServlet.doService(DispatcherServlet.java:942) [spring-webmvc-5.1.2.RELEASE.jar:5.1.2.RELEASE]
	at org.springframework.web.servlet.FrameworkServlet.processRequest(FrameworkServlet.java:998) [spring-webmvc-5.1.2.RELEASE.jar:5.1.2.RELEASE]
	at org.springframework.web.servlet.FrameworkServlet.doPost(FrameworkServlet.java:901) [spring-webmvc-5.1.2.RELEASE.jar:5.1.2.RELEASE]
	at javax.servlet.http.HttpServlet.service(HttpServlet.java:660) [tomcat-embed-core-9.0.12.jar:9.0.12]
	at org.springframework.web.servlet.FrameworkServlet.service(FrameworkServlet.java:875) [spring-webmvc-5.1.2.RELEASE.jar:5.1.2.RELEASE]
	at javax.servlet.http.HttpServlet.service(HttpServlet.java:741) [tomcat-embed-core-9.0.12.jar:9.0.12]
	at org.apache.catalina.core.ApplicationFilterChain.internalDoFilter(ApplicationFilterChain.java:231) [tomcat-embed-core-9.0.12.jar:9.0.12]
	at org.apache.catalina.core.ApplicationFilterChain.doFilter(ApplicationFilterChain.java:166) [tomcat-embed-core-9.0.12.jar:9.0.12]
	at org.apache.tomcat.websocket.server.WsFilter.doFilter(WsFilter.java:53) [tomcat-embed-websocket-9.0.12.jar:9.0.12]
	at org.apache.catalina.core.ApplicationFilterChain.internalDoFilter(ApplicationFilterChain.java:193) [tomcat-embed-core-9.0.12.jar:9.0.12]
	at org.apache.catalina.core.ApplicationFilterChain.doFilter(ApplicationFilterChain.java:166) [tomcat-embed-core-9.0.12.jar:9.0.12]
	at org.springframework.web.filter.RequestContextFilter.doFilterInternal(RequestContextFilter.java:99) [spring-web-5.1.2.RELEASE.jar:5.1.2.RELEASE]
	at org.springframework.web.filter.OncePerRequestFilter.doFilter(OncePerRequestFilter.java:107) [spring-web-5.1.2.RELEASE.jar:5.1.2.RELEASE]
	at org.apache.catalina.core.ApplicationFilterChain.internalDoFilter(ApplicationFilterChain.java:193) [tomcat-embed-core-9.0.12.jar:9.0.12]
	at org.apache.catalina.core.ApplicationFilterChain.doFilter(ApplicationFilterChain.java:166) [tomcat-embed-core-9.0.12.jar:9.0.12]
	at org.springframework.web.filter.FormContentFilter.doFilterInternal(FormContentFilter.java:92) [spring-web-5.1.2.RELEASE.jar:5.1.2.RELEASE]
	at org.springframework.web.filter.OncePerRequestFilter.doFilter(OncePerRequestFilter.java:107) [spring-web-5.1.2.RELEASE.jar:5.1.2.RELEASE]
	at org.apache.catalina.core.ApplicationFilterChain.internalDoFilter(ApplicationFilterChain.java:193) [tomcat-embed-core-9.0.12.jar:9.0.12]
	at org.apache.catalina.core.ApplicationFilterChain.doFilter(ApplicationFilterChain.java:166) [tomcat-embed-core-9.0.12.jar:9.0.12]
	at org.springframework.web.filter.HiddenHttpMethodFilter.doFilterInternal(HiddenHttpMethodFilter.java:93) [spring-web-5.1.2.RELEASE.jar:5.1.2.RELEASE]
	at org.springframework.web.filter.OncePerRequestFilter.doFilter(OncePerRequestFilter.java:107) [spring-web-5.1.2.RELEASE.jar:5.1.2.RELEASE]
	at org.apache.catalina.core.ApplicationFilterChain.internalDoFilter(ApplicationFilterChain.java:193) [tomcat-embed-core-9.0.12.jar:9.0.12]
	at org.apache.catalina.core.ApplicationFilterChain.doFilter(ApplicationFilterChain.java:166) [tomcat-embed-core-9.0.12.jar:9.0.12]
	at org.springframework.web.filter.CharacterEncodingFilter.doFilterInternal(CharacterEncodingFilter.java:200) [spring-web-5.1.2.RELEASE.jar:5.1.2.RELEASE]
	at org.springframework.web.filter.OncePerRequestFilter.doFilter(OncePerRequestFilter.java:107) [spring-web-5.1.2.RELEASE.jar:5.1.2.RELEASE]
	at org.apache.catalina.core.ApplicationFilterChain.internalDoFilter(ApplicationFilterChain.java:193) [tomcat-embed-core-9.0.12.jar:9.0.12]
	at org.apache.catalina.core.ApplicationFilterChain.doFilter(ApplicationFilterChain.java:166) [tomcat-embed-core-9.0.12.jar:9.0.12]
	at org.apache.catalina.core.StandardWrapperValve.invoke(StandardWrapperValve.java:199) [tomcat-embed-core-9.0.12.jar:9.0.12]
	at org.apache.catalina.core.StandardContextValve.invoke(StandardContextValve.java:96) [tomcat-embed-core-9.0.12.jar:9.0.12]
	at org.apache.catalina.authenticator.AuthenticatorBase.invoke(AuthenticatorBase.java:490) [tomcat-embed-core-9.0.12.jar:9.0.12]
	at org.apache.catalina.core.StandardHostValve.invoke(StandardHostValve.java:139) [tomcat-embed-core-9.0.12.jar:9.0.12]
	at org.apache.catalina.valves.ErrorReportValve.invoke(ErrorReportValve.java:92) [tomcat-embed-core-9.0.12.jar:9.0.12]
	at org.apache.catalina.core.StandardEngineValve.invoke(StandardEngineValve.java:74) [tomcat-embed-core-9.0.12.jar:9.0.12]
	at org.apache.catalina.connector.CoyoteAdapter.service(CoyoteAdapter.java:343) [tomcat-embed-core-9.0.12.jar:9.0.12]
	at org.apache.coyote.http11.Http11Processor.service(Http11Processor.java:408) [tomcat-embed-core-9.0.12.jar:9.0.12]
	at org.apache.coyote.AbstractProcessorLight.process(AbstractProcessorLight.java:66) [tomcat-embed-core-9.0.12.jar:9.0.12]
	at org.apache.coyote.AbstractProtocol$ConnectionHandler.process(AbstractProtocol.java:770) [tomcat-embed-core-9.0.12.jar:9.0.12]
	at org.apache.tomcat.util.net.NioEndpoint$SocketProcessor.doRun(NioEndpoint.java:1415) [tomcat-embed-core-9.0.12.jar:9.0.12]
	at org.apache.tomcat.util.net.SocketProcessorBase.run(SocketProcessorBase.java:49) [tomcat-embed-core-9.0.12.jar:9.0.12]
	at java.util.concurrent.ThreadPoolExecutor.runWorker(ThreadPoolExecutor.java:1149) [na:1.8.0_451]
	at java.util.concurrent.ThreadPoolExecutor$Worker.run(ThreadPoolExecutor.java:624) [na:1.8.0_451]
	at org.apache.tomcat.util.threads.TaskThread$WrappingRunnable.run(TaskThread.java:61) [tomcat-embed-core-9.0.12.jar:9.0.12]
	at java.lang.Thread.run(Thread.java:750) [na:1.8.0_451]
Caused by: com.mysql.cj.exceptions.CJCommunicationsException: Communications link failure

The last packet sent successfully to the server was 0 milliseconds ago. The driver has not received any packets from the server.
	at sun.reflect.NativeConstructorAccessorImpl.newInstance0(Native Method) ~[na:1.8.0_451]
	at sun.reflect.NativeConstructorAccessorImpl.newInstance(NativeConstructorAccessorImpl.java:62) ~[na:1.8.0_451]
	at sun.reflect.DelegatingConstructorAccessorImpl.newInstance(DelegatingConstructorAccessorImpl.java:45) ~[na:1.8.0_451]
	at java.lang.reflect.Constructor.newInstance(Constructor.java:423) ~[na:1.8.0_451]
	at com.mysql.cj.exceptions.ExceptionFactory.createException(ExceptionFactory.java:61) ~[mysql-connector-java-8.0.13.jar:8.0.13]
	at com.mysql.cj.exceptions.ExceptionFactory.createException(ExceptionFactory.java:105) ~[mysql-connector-java-8.0.13.jar:8.0.13]
	at com.mysql.cj.exceptions.ExceptionFactory.createException(ExceptionFactory.java:151) ~[mysql-connector-java-8.0.13.jar:8.0.13]
	at com.mysql.cj.exceptions.ExceptionFactory.createCommunicationsException(ExceptionFactory.java:167) ~[mysql-connector-java-8.0.13.jar:8.0.13]
	at com.mysql.cj.protocol.a.NativeSocketConnection.connect(NativeSocketConnection.java:91) ~[mysql-connector-java-8.0.13.jar:8.0.13]
	at com.mysql.cj.NativeSession.connect(NativeSession.java:152) ~[mysql-connector-java-8.0.13.jar:8.0.13]
	at com.mysql.cj.jdbc.ConnectionImpl.connectOneTryOnly(ConnectionImpl.java:955) ~[mysql-connector-java-8.0.13.jar:8.0.13]
	at com.mysql.cj.jdbc.ConnectionImpl.createNewIO(ConnectionImpl.java:825) ~[mysql-connector-java-8.0.13.jar:8.0.13]
	... 104 common frames omitted
Caused by: java.net.ConnectException: Connection refused: connect
	at java.net.DualStackPlainSocketImpl.waitForConnect(Native Method) ~[na:1.8.0_451]
	at java.net.DualStackPlainSocketImpl.socketConnect(DualStackPlainSocketImpl.java:81) ~[na:1.8.0_451]
	at java.net.AbstractPlainSocketImpl.doConnect(AbstractPlainSocketImpl.java:476) ~[na:1.8.0_451]
	at java.net.AbstractPlainSocketImpl.connectToAddress(AbstractPlainSocketImpl.java:218) ~[na:1.8.0_451]
	at java.net.AbstractPlainSocketImpl.connect(AbstractPlainSocketImpl.java:200) ~[na:1.8.0_451]
	at java.net.PlainSocketImpl.connect(PlainSocketImpl.java:162) ~[na:1.8.0_451]
	at java.net.SocksSocketImpl.connect(SocksSocketImpl.java:394) ~[na:1.8.0_451]
	at java.net.Socket.connect(Socket.java:606) ~[na:1.8.0_451]
	at com.mysql.cj.protocol.StandardSocketFactory.connect(StandardSocketFactory.java:155) ~[mysql-connector-java-8.0.13.jar:8.0.13]
	at com.mysql.cj.protocol.a.NativeSocketConnection.connect(NativeSocketConnection.java:65) ~[mysql-connector-java-8.0.13.jar:8.0.13]
	... 107 common frames omitted

2026-04-23 15:01:55.698  INFO 11860 --- [http-nio-8888-exec-7] com.zaxxer.hikari.HikariDataSource       : HikariPool-1 - Starting...
2026-04-23 15:01:55.705 ERROR 11860 --- [http-nio-8888-exec-3] c.e.exception.GlobalExceptionHandler     : 异常信息：

org.mybatis.spring.MyBatisSystemException: nested exception is org.apache.ibatis.exceptions.PersistenceException: 
### Error querying database.  Cause: org.springframework.jdbc.CannotGetJdbcConnectionException: Failed to obtain JDBC Connection; nested exception is com.mysql.cj.jdbc.exceptions.CommunicationsException: Communications link failure

The last packet sent successfully to the server was 0 milliseconds ago. The driver has not received any packets from the server.
### The error may exist in com/example/dao/TeacherInfoDao.java (best guess)
### The error may involve com.example.dao.TeacherInfoDao.findByName
### The error occurred while executing a query
### Cause: org.springframework.jdbc.CannotGetJdbcConnectionException: Failed to obtain JDBC Connection; nested exception is com.mysql.cj.jdbc.exceptions.CommunicationsException: Communications link failure

The last packet sent successfully to the server was 0 milliseconds ago. The driver has not received any packets from the server.
	at org.mybatis.spring.MyBatisExceptionTranslator.translateExceptionIfPossible(MyBatisExceptionTranslator.java:77) ~[mybatis-spring-1.3.2.jar:1.3.2]
	at org.mybatis.spring.SqlSessionTemplate$SqlSessionInterceptor.invoke(SqlSessionTemplate.java:446) ~[mybatis-spring-1.3.2.jar:1.3.2]
	at com.sun.proxy.$Proxy71.selectOne(Unknown Source) ~[na:na]
	at org.mybatis.spring.SqlSessionTemplate.selectOne(SqlSessionTemplate.java:166) ~[mybatis-spring-1.3.2.jar:1.3.2]
	at org.apache.ibatis.binding.MapperMethod.execute(MapperMethod.java:83) ~[mybatis-3.4.6.jar:3.4.6]
	at org.apache.ibatis.binding.MapperProxy.invoke(MapperProxy.java:59) ~[mybatis-3.4.6.jar:3.4.6]
	at com.sun.proxy.$Proxy80.findByName(Unknown Source) ~[na:na]
	at sun.reflect.NativeMethodAccessorImpl.invoke0(Native Method) ~[na:1.8.0_451]
	at sun.reflect.NativeMethodAccessorImpl.invoke(NativeMethodAccessorImpl.java:62) ~[na:1.8.0_451]
	at sun.reflect.DelegatingMethodAccessorImpl.invoke(DelegatingMethodAccessorImpl.java:43) ~[na:1.8.0_451]
	at java.lang.reflect.Method.invoke(Method.java:498) ~[na:1.8.0_451]
	at org.springframework.aop.support.AopUtils.invokeJoinpointUsingReflection(AopUtils.java:343) ~[spring-aop-5.1.2.RELEASE.jar:5.1.2.RELEASE]
	at org.springframework.aop.framework.ReflectiveMethodInvocation.invokeJoinpoint(ReflectiveMethodInvocation.java:198) ~[spring-aop-5.1.2.RELEASE.jar:5.1.2.RELEASE]
	at org.springframework.aop.framework.ReflectiveMethodInvocation.proceed(ReflectiveMethodInvocation.java:163) ~[spring-aop-5.1.2.RELEASE.jar:5.1.2.RELEASE]
	at org.springframework.dao.support.PersistenceExceptionTranslationInterceptor.invoke(PersistenceExceptionTranslationInterceptor.java:139) ~[spring-tx-5.1.2.RELEASE.jar:5.1.2.RELEASE]
	at org.springframework.aop.framework.ReflectiveMethodInvocation.proceed(ReflectiveMethodInvocation.java:186) ~[spring-aop-5.1.2.RELEASE.jar:5.1.2.RELEASE]
	at org.springframework.aop.framework.JdkDynamicAopProxy.invoke(JdkDynamicAopProxy.java:212) ~[spring-aop-5.1.2.RELEASE.jar:5.1.2.RELEASE]
	at com.sun.proxy.$Proxy81.findByName(Unknown Source) ~[na:na]
	at com.example.service.TeacherInfoService.add(TeacherInfoService.java:52) ~[classes/:na]
	at com.example.controller.AccountController.register(AccountController.java:107) ~[classes/:na]
	at sun.reflect.NativeMethodAccessorImpl.invoke0(Native Method) ~[na:1.8.0_451]
	at sun.reflect.NativeMethodAccessorImpl.invoke(NativeMethodAccessorImpl.java:62) ~[na:1.8.0_451]
	at sun.reflect.DelegatingMethodAccessorImpl.invoke(DelegatingMethodAccessorImpl.java:43) ~[na:1.8.0_451]
	at java.lang.reflect.Method.invoke(Method.java:498) ~[na:1.8.0_451]
	at org.springframework.web.method.support.InvocableHandlerMethod.doInvoke(InvocableHandlerMethod.java:215) ~[spring-web-5.1.2.RELEASE.jar:5.1.2.RELEASE]
	at org.springframework.web.method.support.InvocableHandlerMethod.invokeForRequest(InvocableHandlerMethod.java:142) ~[spring-web-5.1.2.RELEASE.jar:5.1.2.RELEASE]
	at org.springframework.web.servlet.mvc.method.annotation.ServletInvocableHandlerMethod.invokeAndHandle(ServletInvocableHandlerMethod.java:102) ~[spring-webmvc-5.1.2.RELEASE.jar:5.1.2.RELEASE]
	at org.springframework.web.servlet.mvc.method.annotation.RequestMappingHandlerAdapter.invokeHandlerMethod(RequestMappingHandlerAdapter.java:895) ~[spring-webmvc-5.1.2.RELEASE.jar:5.1.2.RELEASE]
	at org.springframework.web.servlet.mvc.method.annotation.RequestMappingHandlerAdapter.handleInternal(RequestMappingHandlerAdapter.java:800) ~[spring-webmvc-5.1.2.RELEASE.jar:5.1.2.RELEASE]
	at org.springframework.web.servlet.mvc.method.AbstractHandlerMethodAdapter.handle(AbstractHandlerMethodAdapter.java:87) ~[spring-webmvc-5.1.2.RELEASE.jar:5.1.2.RELEASE]
	at org.springframework.web.servlet.DispatcherServlet.doDispatch(DispatcherServlet.java:1038) ~[spring-webmvc-5.1.2.RELEASE.jar:5.1.2.RELEASE]
	at org.springframework.web.servlet.DispatcherServlet.doService(DispatcherServlet.java:942) ~[spring-webmvc-5.1.2.RELEASE.jar:5.1.2.RELEASE]
	at org.springframework.web.servlet.FrameworkServlet.processRequest(FrameworkServlet.java:998) [spring-webmvc-5.1.2.RELEASE.jar:5.1.2.RELEASE]
	at org.springframework.web.servlet.FrameworkServlet.doPost(FrameworkServlet.java:901) [spring-webmvc-5.1.2.RELEASE.jar:5.1.2.RELEASE]
	at javax.servlet.http.HttpServlet.service(HttpServlet.java:660) [tomcat-embed-core-9.0.12.jar:9.0.12]
	at org.springframework.web.servlet.FrameworkServlet.service(FrameworkServlet.java:875) [spring-webmvc-5.1.2.RELEASE.jar:5.1.2.RELEASE]
	at javax.servlet.http.HttpServlet.service(HttpServlet.java:741) [tomcat-embed-core-9.0.12.jar:9.0.12]
	at org.apache.catalina.core.ApplicationFilterChain.internalDoFilter(ApplicationFilterChain.java:231) [tomcat-embed-core-9.0.12.jar:9.0.12]
	at org.apache.catalina.core.ApplicationFilterChain.doFilter(ApplicationFilterChain.java:166) [tomcat-embed-core-9.0.12.jar:9.0.12]
	at org.apache.tomcat.websocket.server.WsFilter.doFilter(WsFilter.java:53) [tomcat-embed-websocket-9.0.12.jar:9.0.12]
	at org.apache.catalina.core.ApplicationFilterChain.internalDoFilter(ApplicationFilterChain.java:193) [tomcat-embed-core-9.0.12.jar:9.0.12]
	at org.apache.catalina.core.ApplicationFilterChain.doFilter(ApplicationFilterChain.java:166) [tomcat-embed-core-9.0.12.jar:9.0.12]
	at org.springframework.web.filter.RequestContextFilter.doFilterInternal(RequestContextFilter.java:99) [spring-web-5.1.2.RELEASE.jar:5.1.2.RELEASE]
	at org.springframework.web.filter.OncePerRequestFilter.doFilter(OncePerRequestFilter.java:107) [spring-web-5.1.2.RELEASE.jar:5.1.2.RELEASE]
	at org.apache.catalina.core.ApplicationFilterChain.internalDoFilter(ApplicationFilterChain.java:193) [tomcat-embed-core-9.0.12.jar:9.0.12]
	at org.apache.catalina.core.ApplicationFilterChain.doFilter(ApplicationFilterChain.java:166) [tomcat-embed-core-9.0.12.jar:9.0.12]
	at org.springframework.web.filter.FormContentFilter.doFilterInternal(FormContentFilter.java:92) [spring-web-5.1.2.RELEASE.jar:5.1.2.RELEASE]
	at org.springframework.web.filter.OncePerRequestFilter.doFilter(OncePerRequestFilter.java:107) [spring-web-5.1.2.RELEASE.jar:5.1.2.RELEASE]
	at org.apache.catalina.core.ApplicationFilterChain.internalDoFilter(ApplicationFilterChain.java:193) [tomcat-embed-core-9.0.12.jar:9.0.12]
	at org.apache.catalina.core.ApplicationFilterChain.doFilter(ApplicationFilterChain.java:166) [tomcat-embed-core-9.0.12.jar:9.0.12]
	at org.springframework.web.filter.HiddenHttpMethodFilter.doFilterInternal(HiddenHttpMethodFilter.java:93) [spring-web-5.1.2.RELEASE.jar:5.1.2.RELEASE]
	at org.springframework.web.filter.OncePerRequestFilter.doFilter(OncePerRequestFilter.java:107) [spring-web-5.1.2.RELEASE.jar:5.1.2.RELEASE]
	at org.apache.catalina.core.ApplicationFilterChain.internalDoFilter(ApplicationFilterChain.java:193) [tomcat-embed-core-9.0.12.jar:9.0.12]
	at org.apache.catalina.core.ApplicationFilterChain.doFilter(ApplicationFilterChain.java:166) [tomcat-embed-core-9.0.12.jar:9.0.12]
	at org.springframework.web.filter.CharacterEncodingFilter.doFilterInternal(CharacterEncodingFilter.java:200) [spring-web-5.1.2.RELEASE.jar:5.1.2.RELEASE]
	at org.springframework.web.filter.OncePerRequestFilter.doFilter(OncePerRequestFilter.java:107) [spring-web-5.1.2.RELEASE.jar:5.1.2.RELEASE]
	at org.apache.catalina.core.ApplicationFilterChain.internalDoFilter(ApplicationFilterChain.java:193) [tomcat-embed-core-9.0.12.jar:9.0.12]
	at org.apache.catalina.core.ApplicationFilterChain.doFilter(ApplicationFilterChain.java:166) [tomcat-embed-core-9.0.12.jar:9.0.12]
	at org.apache.catalina.core.StandardWrapperValve.invoke(StandardWrapperValve.java:199) [tomcat-embed-core-9.0.12.jar:9.0.12]
	at org.apache.catalina.core.StandardContextValve.invoke(StandardContextValve.java:96) [tomcat-embed-core-9.0.12.jar:9.0.12]
	at org.apache.catalina.authenticator.AuthenticatorBase.invoke(AuthenticatorBase.java:490) [tomcat-embed-core-9.0.12.jar:9.0.12]
	at org.apache.catalina.core.StandardHostValve.invoke(StandardHostValve.java:139) [tomcat-embed-core-9.0.12.jar:9.0.12]
	at org.apache.catalina.valves.ErrorReportValve.invoke(ErrorReportValve.java:92) [tomcat-embed-core-9.0.12.jar:9.0.12]
	at org.apache.catalina.core.StandardEngineValve.invoke(StandardEngineValve.java:74) [tomcat-embed-core-9.0.12.jar:9.0.12]
	at org.apache.catalina.connector.CoyoteAdapter.service(CoyoteAdapter.java:343) [tomcat-embed-core-9.0.12.jar:9.0.12]
	at org.apache.coyote.http11.Http11Processor.service(Http11Processor.java:408) [tomcat-embed-core-9.0.12.jar:9.0.12]
	at org.apache.coyote.AbstractProcessorLight.process(AbstractProcessorLight.java:66) [tomcat-embed-core-9.0.12.jar:9.0.12]
	at org.apache.coyote.AbstractProtocol$ConnectionHandler.process(AbstractProtocol.java:770) [tomcat-embed-core-9.0.12.jar:9.0.12]
	at org.apache.tomcat.util.net.NioEndpoint$SocketProcessor.doRun(NioEndpoint.java:1415) [tomcat-embed-core-9.0.12.jar:9.0.12]
	at org.apache.tomcat.util.net.SocketProcessorBase.run(SocketProcessorBase.java:49) [tomcat-embed-core-9.0.12.jar:9.0.12]
	at java.util.concurrent.ThreadPoolExecutor.runWorker(ThreadPoolExecutor.java:1149) [na:1.8.0_451]
	at java.util.concurrent.ThreadPoolExecutor$Worker.run(ThreadPoolExecutor.java:624) [na:1.8.0_451]
	at org.apache.tomcat.util.threads.TaskThread$WrappingRunnable.run(TaskThread.java:61) [tomcat-embed-core-9.0.12.jar:9.0.12]
	at java.lang.Thread.run(Thread.java:750) [na:1.8.0_451]
Caused by: org.apache.ibatis.exceptions.PersistenceException: 
### Error querying database.  Cause: org.springframework.jdbc.CannotGetJdbcConnectionException: Failed to obtain JDBC Connection; nested exception is com.mysql.cj.jdbc.exceptions.CommunicationsException: Communications link failure

The last packet sent successfully to the server was 0 milliseconds ago. The driver has not received any packets from the server.
### The error may exist in com/example/dao/TeacherInfoDao.java (best guess)
### The error may involve com.example.dao.TeacherInfoDao.findByName
### The error occurred while executing a query
### Cause: org.springframework.jdbc.CannotGetJdbcConnectionException: Failed to obtain JDBC Connection; nested exception is com.mysql.cj.jdbc.exceptions.CommunicationsException: Communications link failure

The last packet sent successfully to the server was 0 milliseconds ago. The driver has not received any packets from the server.
	at org.apache.ibatis.exceptions.ExceptionFactory.wrapException(ExceptionFactory.java:30) ~[mybatis-3.4.6.jar:3.4.6]
	at org.apache.ibatis.session.defaults.DefaultSqlSession.selectList(DefaultSqlSession.java:150) ~[mybatis-3.4.6.jar:3.4.6]
	at org.apache.ibatis.session.defaults.DefaultSqlSession.selectList(DefaultSqlSession.java:141) ~[mybatis-3.4.6.jar:3.4.6]
	at org.apache.ibatis.session.defaults.DefaultSqlSession.selectOne(DefaultSqlSession.java:77) ~[mybatis-3.4.6.jar:3.4.6]
	at sun.reflect.NativeMethodAccessorImpl.invoke0(Native Method) ~[na:1.8.0_451]
	at sun.reflect.NativeMethodAccessorImpl.invoke(NativeMethodAccessorImpl.java:62) ~[na:1.8.0_451]
	at sun.reflect.DelegatingMethodAccessorImpl.invoke(DelegatingMethodAccessorImpl.java:43) ~[na:1.8.0_451]
	at java.lang.reflect.Method.invoke(Method.java:498) ~[na:1.8.0_451]
	at org.mybatis.spring.SqlSessionTemplate$SqlSessionInterceptor.invoke(SqlSessionTemplate.java:433) ~[mybatis-spring-1.3.2.jar:1.3.2]
	... 72 common frames omitted
Caused by: org.springframework.jdbc.CannotGetJdbcConnectionException: Failed to obtain JDBC Connection; nested exception is com.mysql.cj.jdbc.exceptions.CommunicationsException: Communications link failure

The last packet sent successfully to the server was 0 milliseconds ago. The driver has not received any packets from the server.
	at org.springframework.jdbc.datasource.DataSourceUtils.getConnection(DataSourceUtils.java:81) ~[spring-jdbc-5.1.2.RELEASE.jar:5.1.2.RELEASE]
	at org.mybatis.spring.transaction.SpringManagedTransaction.openConnection(SpringManagedTransaction.java:82) ~[mybatis-spring-1.3.2.jar:1.3.2]
	at org.mybatis.spring.transaction.SpringManagedTransaction.getConnection(SpringManagedTransaction.java:68) ~[mybatis-spring-1.3.2.jar:1.3.2]
	at org.apache.ibatis.executor.BaseExecutor.getConnection(BaseExecutor.java:338) ~[mybatis-3.4.6.jar:3.4.6]
	at org.apache.ibatis.executor.SimpleExecutor.prepareStatement(SimpleExecutor.java:84) ~[mybatis-3.4.6.jar:3.4.6]
	at org.apache.ibatis.executor.SimpleExecutor.doQuery(SimpleExecutor.java:62) ~[mybatis-3.4.6.jar:3.4.6]
	at org.apache.ibatis.executor.BaseExecutor.queryFromDatabase(BaseExecutor.java:326) ~[mybatis-3.4.6.jar:3.4.6]
	at org.apache.ibatis.executor.BaseExecutor.query(BaseExecutor.java:156) ~[mybatis-3.4.6.jar:3.4.6]
	at org.apache.ibatis.executor.CachingExecutor.query(CachingExecutor.java:109) ~[mybatis-3.4.6.jar:3.4.6]
	at com.github.pagehelper.PageInterceptor.intercept(PageInterceptor.java:108) ~[pagehelper-5.1.8.jar:na]
	at org.apache.ibatis.plugin.Plugin.invoke(Plugin.java:61) ~[mybatis-3.4.6.jar:3.4.6]
	at com.sun.proxy.$Proxy109.query(Unknown Source) ~[na:na]
	at org.apache.ibatis.session.defaults.DefaultSqlSession.selectList(DefaultSqlSession.java:148) ~[mybatis-3.4.6.jar:3.4.6]
	... 79 common frames omitted
Caused by: com.mysql.cj.jdbc.exceptions.CommunicationsException: Communications link failure

The last packet sent successfully to the server was 0 milliseconds ago. The driver has not received any packets from the server.
	at com.mysql.cj.jdbc.exceptions.SQLError.createCommunicationsException(SQLError.java:174) ~[mysql-connector-java-8.0.13.jar:8.0.13]
	at com.mysql.cj.jdbc.exceptions.SQLExceptionsMapping.translateException(SQLExceptionsMapping.java:64) ~[mysql-connector-java-8.0.13.jar:8.0.13]
	at com.mysql.cj.jdbc.ConnectionImpl.createNewIO(ConnectionImpl.java:835) ~[mysql-connector-java-8.0.13.jar:8.0.13]
	at com.mysql.cj.jdbc.ConnectionImpl.<init>(ConnectionImpl.java:455) ~[mysql-connector-java-8.0.13.jar:8.0.13]
	at com.mysql.cj.jdbc.ConnectionImpl.getInstance(ConnectionImpl.java:240) ~[mysql-connector-java-8.0.13.jar:8.0.13]
	at com.mysql.cj.jdbc.NonRegisteringDriver.connect(NonRegisteringDriver.java:207) ~[mysql-connector-java-8.0.13.jar:8.0.13]
	at com.zaxxer.hikari.util.DriverDataSource.getConnection(DriverDataSource.java:136) ~[HikariCP-3.2.0.jar:na]
	at com.zaxxer.hikari.pool.PoolBase.newConnection(PoolBase.java:369) ~[HikariCP-3.2.0.jar:na]
	at com.zaxxer.hikari.pool.PoolBase.newPoolEntry(PoolBase.java:198) ~[HikariCP-3.2.0.jar:na]
	at com.zaxxer.hikari.pool.HikariPool.createPoolEntry(HikariPool.java:467) ~[HikariCP-3.2.0.jar:na]
	at com.zaxxer.hikari.pool.HikariPool.checkFailFast(HikariPool.java:541) ~[HikariCP-3.2.0.jar:na]
	at com.zaxxer.hikari.pool.HikariPool.<init>(HikariPool.java:115) ~[HikariCP-3.2.0.jar:na]
	at com.zaxxer.hikari.HikariDataSource.getConnection(HikariDataSource.java:112) ~[HikariCP-3.2.0.jar:na]
	at org.springframework.jdbc.datasource.DataSourceUtils.fetchConnection(DataSourceUtils.java:151) ~[spring-jdbc-5.1.2.RELEASE.jar:5.1.2.RELEASE]
	at org.springframework.jdbc.datasource.DataSourceUtils.doGetConnection(DataSourceUtils.java:115) ~[spring-jdbc-5.1.2.RELEASE.jar:5.1.2.RELEASE]
	at org.springframework.jdbc.datasource.DataSourceUtils.getConnection(DataSourceUtils.java:78) ~[spring-jdbc-5.1.2.RELEASE.jar:5.1.2.RELEASE]
	... 91 common frames omitted
Caused by: com.mysql.cj.exceptions.CJCommunicationsException: Communications link failure

The last packet sent successfully to the server was 0 milliseconds ago. The driver has not received any packets from the server.
	at sun.reflect.NativeConstructorAccessorImpl.newInstance0(Native Method) ~[na:1.8.0_451]
	at sun.reflect.NativeConstructorAccessorImpl.newInstance(NativeConstructorAccessorImpl.java:62) ~[na:1.8.0_451]
	at sun.reflect.DelegatingConstructorAccessorImpl.newInstance(DelegatingConstructorAccessorImpl.java:45) ~[na:1.8.0_451]
	at java.lang.reflect.Constructor.newInstance(Constructor.java:423) ~[na:1.8.0_451]
	at com.mysql.cj.exceptions.ExceptionFactory.createException(ExceptionFactory.java:61) ~[mysql-connector-java-8.0.13.jar:8.0.13]
	at com.mysql.cj.exceptions.ExceptionFactory.createException(ExceptionFactory.java:105) ~[mysql-connector-java-8.0.13.jar:8.0.13]
	at com.mysql.cj.exceptions.ExceptionFactory.createException(ExceptionFactory.java:151) ~[mysql-connector-java-8.0.13.jar:8.0.13]
	at com.mysql.cj.exceptions.ExceptionFactory.createCommunicationsException(ExceptionFactory.java:167) ~[mysql-connector-java-8.0.13.jar:8.0.13]
	at com.mysql.cj.protocol.a.NativeSocketConnection.connect(NativeSocketConnection.java:91) ~[mysql-connector-java-8.0.13.jar:8.0.13]
	at com.mysql.cj.NativeSession.connect(NativeSession.java:152) ~[mysql-connector-java-8.0.13.jar:8.0.13]
	at com.mysql.cj.jdbc.ConnectionImpl.connectOneTryOnly(ConnectionImpl.java:955) ~[mysql-connector-java-8.0.13.jar:8.0.13]
	at com.mysql.cj.jdbc.ConnectionImpl.createNewIO(ConnectionImpl.java:825) ~[mysql-connector-java-8.0.13.jar:8.0.13]
	... 104 common frames omitted
Caused by: java.net.ConnectException: Connection refused: connect
	at java.net.DualStackPlainSocketImpl.waitForConnect(Native Method) ~[na:1.8.0_451]
	at java.net.DualStackPlainSocketImpl.socketConnect(DualStackPlainSocketImpl.java:81) ~[na:1.8.0_451]
	at java.net.AbstractPlainSocketImpl.doConnect(AbstractPlainSocketImpl.java:476) ~[na:1.8.0_451]
	at java.net.AbstractPlainSocketImpl.connectToAddress(AbstractPlainSocketImpl.java:218) ~[na:1.8.0_451]
	at java.net.AbstractPlainSocketImpl.connect(AbstractPlainSocketImpl.java:200) ~[na:1.8.0_451]
	at java.net.PlainSocketImpl.connect(PlainSocketImpl.java:162) ~[na:1.8.0_451]
	at java.net.SocksSocketImpl.connect(SocksSocketImpl.java:394) ~[na:1.8.0_451]
	at java.net.Socket.connect(Socket.java:606) ~[na:1.8.0_451]
	at com.mysql.cj.protocol.StandardSocketFactory.connect(StandardSocketFactory.java:155) ~[mysql-connector-java-8.0.13.jar:8.0.13]
	at com.mysql.cj.protocol.a.NativeSocketConnection.connect(NativeSocketConnection.java:65) ~[mysql-connector-java-8.0.13.jar:8.0.13]
	... 107 common frames omitted

2026-04-23 15:02:00.810 ERROR 11860 --- [http-nio-8888-exec-7] com.zaxxer.hikari.pool.HikariPool        : HikariPool-1 - Exception during pool initialization.

com.mysql.cj.jdbc.exceptions.CommunicationsException: Communications link failure

The last packet sent successfully to the server was 0 milliseconds ago. The driver has not received any packets from the server.
	at com.mysql.cj.jdbc.exceptions.SQLError.createCommunicationsException(SQLError.java:174) ~[mysql-connector-java-8.0.13.jar:8.0.13]
	at com.mysql.cj.jdbc.exceptions.SQLExceptionsMapping.translateException(SQLExceptionsMapping.java:64) ~[mysql-connector-java-8.0.13.jar:8.0.13]
	at com.mysql.cj.jdbc.ConnectionImpl.createNewIO(ConnectionImpl.java:835) ~[mysql-connector-java-8.0.13.jar:8.0.13]
	at com.mysql.cj.jdbc.ConnectionImpl.<init>(ConnectionImpl.java:455) ~[mysql-connector-java-8.0.13.jar:8.0.13]
	at com.mysql.cj.jdbc.ConnectionImpl.getInstance(ConnectionImpl.java:240) ~[mysql-connector-java-8.0.13.jar:8.0.13]
	at com.mysql.cj.jdbc.NonRegisteringDriver.connect(NonRegisteringDriver.java:207) ~[mysql-connector-java-8.0.13.jar:8.0.13]
	at com.zaxxer.hikari.util.DriverDataSource.getConnection(DriverDataSource.java:136) ~[HikariCP-3.2.0.jar:na]
	at com.zaxxer.hikari.pool.PoolBase.newConnection(PoolBase.java:369) ~[HikariCP-3.2.0.jar:na]
	at com.zaxxer.hikari.pool.PoolBase.newPoolEntry(PoolBase.java:198) ~[HikariCP-3.2.0.jar:na]
	at com.zaxxer.hikari.pool.HikariPool.createPoolEntry(HikariPool.java:467) [HikariCP-3.2.0.jar:na]
	at com.zaxxer.hikari.pool.HikariPool.checkFailFast(HikariPool.java:541) [HikariCP-3.2.0.jar:na]
	at com.zaxxer.hikari.pool.HikariPool.<init>(HikariPool.java:115) [HikariCP-3.2.0.jar:na]
	at com.zaxxer.hikari.HikariDataSource.getConnection(HikariDataSource.java:112) [HikariCP-3.2.0.jar:na]
	at org.springframework.jdbc.datasource.DataSourceUtils.fetchConnection(DataSourceUtils.java:151) [spring-jdbc-5.1.2.RELEASE.jar:5.1.2.RELEASE]
	at org.springframework.jdbc.datasource.DataSourceUtils.doGetConnection(DataSourceUtils.java:115) [spring-jdbc-5.1.2.RELEASE.jar:5.1.2.RELEASE]
	at org.springframework.jdbc.datasource.DataSourceUtils.getConnection(DataSourceUtils.java:78) [spring-jdbc-5.1.2.RELEASE.jar:5.1.2.RELEASE]
	at org.mybatis.spring.transaction.SpringManagedTransaction.openConnection(SpringManagedTransaction.java:82) [mybatis-spring-1.3.2.jar:1.3.2]
	at org.mybatis.spring.transaction.SpringManagedTransaction.getConnection(SpringManagedTransaction.java:68) [mybatis-spring-1.3.2.jar:1.3.2]
	at org.apache.ibatis.executor.BaseExecutor.getConnection(BaseExecutor.java:338) [mybatis-3.4.6.jar:3.4.6]
	at org.apache.ibatis.executor.SimpleExecutor.prepareStatement(SimpleExecutor.java:84) [mybatis-3.4.6.jar:3.4.6]
	at org.apache.ibatis.executor.SimpleExecutor.doQuery(SimpleExecutor.java:62) [mybatis-3.4.6.jar:3.4.6]
	at org.apache.ibatis.executor.BaseExecutor.queryFromDatabase(BaseExecutor.java:326) [mybatis-3.4.6.jar:3.4.6]
	at org.apache.ibatis.executor.BaseExecutor.query(BaseExecutor.java:156) [mybatis-3.4.6.jar:3.4.6]
	at org.apache.ibatis.executor.CachingExecutor.query(CachingExecutor.java:109) [mybatis-3.4.6.jar:3.4.6]
	at com.github.pagehelper.PageInterceptor.intercept(PageInterceptor.java:108) [pagehelper-5.1.8.jar:na]
	at org.apache.ibatis.plugin.Plugin.invoke(Plugin.java:61) [mybatis-3.4.6.jar:3.4.6]
	at com.sun.proxy.$Proxy109.query(Unknown Source) [na:na]
	at org.apache.ibatis.session.defaults.DefaultSqlSession.selectList(DefaultSqlSession.java:148) [mybatis-3.4.6.jar:3.4.6]
	at org.apache.ibatis.session.defaults.DefaultSqlSession.selectList(DefaultSqlSession.java:141) [mybatis-3.4.6.jar:3.4.6]
	at org.apache.ibatis.session.defaults.DefaultSqlSession.selectOne(DefaultSqlSession.java:77) [mybatis-3.4.6.jar:3.4.6]
	at sun.reflect.NativeMethodAccessorImpl.invoke0(Native Method) ~[na:1.8.0_451]
	at sun.reflect.NativeMethodAccessorImpl.invoke(NativeMethodAccessorImpl.java:62) ~[na:1.8.0_451]
	at sun.reflect.DelegatingMethodAccessorImpl.invoke(DelegatingMethodAccessorImpl.java:43) ~[na:1.8.0_451]
	at java.lang.reflect.Method.invoke(Method.java:498) ~[na:1.8.0_451]
	at org.mybatis.spring.SqlSessionTemplate$SqlSessionInterceptor.invoke(SqlSessionTemplate.java:433) [mybatis-spring-1.3.2.jar:1.3.2]
	at com.sun.proxy.$Proxy71.selectOne(Unknown Source) [na:na]
	at org.mybatis.spring.SqlSessionTemplate.selectOne(SqlSessionTemplate.java:166) [mybatis-spring-1.3.2.jar:1.3.2]
	at org.apache.ibatis.binding.MapperMethod.execute(MapperMethod.java:83) [mybatis-3.4.6.jar:3.4.6]
	at org.apache.ibatis.binding.MapperProxy.invoke(MapperProxy.java:59) [mybatis-3.4.6.jar:3.4.6]
	at com.sun.proxy.$Proxy80.findByName(Unknown Source) [na:na]
	at sun.reflect.NativeMethodAccessorImpl.invoke0(Native Method) ~[na:1.8.0_451]
	at sun.reflect.NativeMethodAccessorImpl.invoke(NativeMethodAccessorImpl.java:62) ~[na:1.8.0_451]
	at sun.reflect.DelegatingMethodAccessorImpl.invoke(DelegatingMethodAccessorImpl.java:43) ~[na:1.8.0_451]
	at java.lang.reflect.Method.invoke(Method.java:498) ~[na:1.8.0_451]
	at org.springframework.aop.support.AopUtils.invokeJoinpointUsingReflection(AopUtils.java:343) [spring-aop-5.1.2.RELEASE.jar:5.1.2.RELEASE]
	at org.springframework.aop.framework.ReflectiveMethodInvocation.invokeJoinpoint(ReflectiveMethodInvocation.java:198) [spring-aop-5.1.2.RELEASE.jar:5.1.2.RELEASE]
	at org.springframework.aop.framework.ReflectiveMethodInvocation.proceed(ReflectiveMethodInvocation.java:163) [spring-aop-5.1.2.RELEASE.jar:5.1.2.RELEASE]
	at org.springframework.dao.support.PersistenceExceptionTranslationInterceptor.invoke(PersistenceExceptionTranslationInterceptor.java:139) [spring-tx-5.1.2.RELEASE.jar:5.1.2.RELEASE]
	at org.springframework.aop.framework.ReflectiveMethodInvocation.proceed(ReflectiveMethodInvocation.java:186) [spring-aop-5.1.2.RELEASE.jar:5.1.2.RELEASE]
	at org.springframework.aop.framework.JdkDynamicAopProxy.invoke(JdkDynamicAopProxy.java:212) [spring-aop-5.1.2.RELEASE.jar:5.1.2.RELEASE]
	at com.sun.proxy.$Proxy81.findByName(Unknown Source) [na:na]
	at com.example.service.TeacherInfoService.add(TeacherInfoService.java:52) [classes/:na]
	at com.example.controller.AccountController.register(AccountController.java:107) [classes/:na]
	at sun.reflect.NativeMethodAccessorImpl.invoke0(Native Method) ~[na:1.8.0_451]
	at sun.reflect.NativeMethodAccessorImpl.invoke(NativeMethodAccessorImpl.java:62) ~[na:1.8.0_451]
	at sun.reflect.DelegatingMethodAccessorImpl.invoke(DelegatingMethodAccessorImpl.java:43) ~[na:1.8.0_451]
	at java.lang.reflect.Method.invoke(Method.java:498) ~[na:1.8.0_451]
	at org.springframework.web.method.support.InvocableHandlerMethod.doInvoke(InvocableHandlerMethod.java:215) [spring-web-5.1.2.RELEASE.jar:5.1.2.RELEASE]
	at org.springframework.web.method.support.InvocableHandlerMethod.invokeForRequest(InvocableHandlerMethod.java:142) [spring-web-5.1.2.RELEASE.jar:5.1.2.RELEASE]
	at org.springframework.web.servlet.mvc.method.annotation.ServletInvocableHandlerMethod.invokeAndHandle(ServletInvocableHandlerMethod.java:102) [spring-webmvc-5.1.2.RELEASE.jar:5.1.2.RELEASE]
	at org.springframework.web.servlet.mvc.method.annotation.RequestMappingHandlerAdapter.invokeHandlerMethod(RequestMappingHandlerAdapter.java:895) [spring-webmvc-5.1.2.RELEASE.jar:5.1.2.RELEASE]
	at org.springframework.web.servlet.mvc.method.annotation.RequestMappingHandlerAdapter.handleInternal(RequestMappingHandlerAdapter.java:800) [spring-webmvc-5.1.2.RELEASE.jar:5.1.2.RELEASE]
	at org.springframework.web.servlet.mvc.method.AbstractHandlerMethodAdapter.handle(AbstractHandlerMethodAdapter.java:87) [spring-webmvc-5.1.2.RELEASE.jar:5.1.2.RELEASE]
	at org.springframework.web.servlet.DispatcherServlet.doDispatch(DispatcherServlet.java:1038) [spring-webmvc-5.1.2.RELEASE.jar:5.1.2.RELEASE]
	at org.springframework.web.servlet.DispatcherServlet.doService(DispatcherServlet.java:942) [spring-webmvc-5.1.2.RELEASE.jar:5.1.2.RELEASE]
	at org.springframework.web.servlet.FrameworkServlet.processRequest(FrameworkServlet.java:998) [spring-webmvc-5.1.2.RELEASE.jar:5.1.2.RELEASE]
	at org.springframework.web.servlet.FrameworkServlet.doPost(FrameworkServlet.java:901) [spring-webmvc-5.1.2.RELEASE.jar:5.1.2.RELEASE]
	at javax.servlet.http.HttpServlet.service(HttpServlet.java:660) [tomcat-embed-core-9.0.12.jar:9.0.12]
	at org.springframework.web.servlet.FrameworkServlet.service(FrameworkServlet.java:875) [spring-webmvc-5.1.2.RELEASE.jar:5.1.2.RELEASE]
	at javax.servlet.http.HttpServlet.service(HttpServlet.java:741) [tomcat-embed-core-9.0.12.jar:9.0.12]
	at org.apache.catalina.core.ApplicationFilterChain.internalDoFilter(ApplicationFilterChain.java:231) [tomcat-embed-core-9.0.12.jar:9.0.12]
	at org.apache.catalina.core.ApplicationFilterChain.doFilter(ApplicationFilterChain.java:166) [tomcat-embed-core-9.0.12.jar:9.0.12]
	at org.apache.tomcat.websocket.server.WsFilter.doFilter(WsFilter.java:53) [tomcat-embed-websocket-9.0.12.jar:9.0.12]
	at org.apache.catalina.core.ApplicationFilterChain.internalDoFilter(ApplicationFilterChain.java:193) [tomcat-embed-core-9.0.12.jar:9.0.12]
	at org.apache.catalina.core.ApplicationFilterChain.doFilter(ApplicationFilterChain.java:166) [tomcat-embed-core-9.0.12.jar:9.0.12]
	at org.springframework.web.filter.RequestContextFilter.doFilterInternal(RequestContextFilter.java:99) [spring-web-5.1.2.RELEASE.jar:5.1.2.RELEASE]
	at org.springframework.web.filter.OncePerRequestFilter.doFilter(OncePerRequestFilter.java:107) [spring-web-5.1.2.RELEASE.jar:5.1.2.RELEASE]
	at org.apache.catalina.core.ApplicationFilterChain.internalDoFilter(ApplicationFilterChain.java:193) [tomcat-embed-core-9.0.12.jar:9.0.12]
	at org.apache.catalina.core.ApplicationFilterChain.doFilter(ApplicationFilterChain.java:166) [tomcat-embed-core-9.0.12.jar:9.0.12]
	at org.springframework.web.filter.FormContentFilter.doFilterInternal(FormContentFilter.java:92) [spring-web-5.1.2.RELEASE.jar:5.1.2.RELEASE]
	at org.springframework.web.filter.OncePerRequestFilter.doFilter(OncePerRequestFilter.java:107) [spring-web-5.1.2.RELEASE.jar:5.1.2.RELEASE]
	at org.apache.catalina.core.ApplicationFilterChain.internalDoFilter(ApplicationFilterChain.java:193) [tomcat-embed-core-9.0.12.jar:9.0.12]
	at org.apache.catalina.core.ApplicationFilterChain.doFilter(ApplicationFilterChain.java:166) [tomcat-embed-core-9.0.12.jar:9.0.12]
	at org.springframework.web.filter.HiddenHttpMethodFilter.doFilterInternal(HiddenHttpMethodFilter.java:93) [spring-web-5.1.2.RELEASE.jar:5.1.2.RELEASE]
	at org.springframework.web.filter.OncePerRequestFilter.doFilter(OncePerRequestFilter.java:107) [spring-web-5.1.2.RELEASE.jar:5.1.2.RELEASE]
	at org.apache.catalina.core.ApplicationFilterChain.internalDoFilter(ApplicationFilterChain.java:193) [tomcat-embed-core-9.0.12.jar:9.0.12]
	at org.apache.catalina.core.ApplicationFilterChain.doFilter(ApplicationFilterChain.java:166) [tomcat-embed-core-9.0.12.jar:9.0.12]
	at org.springframework.web.filter.CharacterEncodingFilter.doFilterInternal(CharacterEncodingFilter.java:200) [spring-web-5.1.2.RELEASE.jar:5.1.2.RELEASE]
	at org.springframework.web.filter.OncePerRequestFilter.doFilter(OncePerRequestFilter.java:107) [spring-web-5.1.2.RELEASE.jar:5.1.2.RELEASE]
	at org.apache.catalina.core.ApplicationFilterChain.internalDoFilter(ApplicationFilterChain.java:193) [tomcat-embed-core-9.0.12.jar:9.0.12]
	at org.apache.catalina.core.ApplicationFilterChain.doFilter(ApplicationFilterChain.java:166) [tomcat-embed-core-9.0.12.jar:9.0.12]
	at org.apache.catalina.core.StandardWrapperValve.invoke(StandardWrapperValve.java:199) [tomcat-embed-core-9.0.12.jar:9.0.12]
	at org.apache.catalina.core.StandardContextValve.invoke(StandardContextValve.java:96) [tomcat-embed-core-9.0.12.jar:9.0.12]
	at org.apache.catalina.authenticator.AuthenticatorBase.invoke(AuthenticatorBase.java:490) [tomcat-embed-core-9.0.12.jar:9.0.12]
	at org.apache.catalina.core.StandardHostValve.invoke(StandardHostValve.java:139) [tomcat-embed-core-9.0.12.jar:9.0.12]
	at org.apache.catalina.valves.ErrorReportValve.invoke(ErrorReportValve.java:92) [tomcat-embed-core-9.0.12.jar:9.0.12]
	at org.apache.catalina.core.StandardEngineValve.invoke(StandardEngineValve.java:74) [tomcat-embed-core-9.0.12.jar:9.0.12]
	at org.apache.catalina.connector.CoyoteAdapter.service(CoyoteAdapter.java:343) [tomcat-embed-core-9.0.12.jar:9.0.12]
	at org.apache.coyote.http11.Http11Processor.service(Http11Processor.java:408) [tomcat-embed-core-9.0.12.jar:9.0.12]
	at org.apache.coyote.AbstractProcessorLight.process(AbstractProcessorLight.java:66) [tomcat-embed-core-9.0.12.jar:9.0.12]
	at org.apache.coyote.AbstractProtocol$ConnectionHandler.process(AbstractProtocol.java:770) [tomcat-embed-core-9.0.12.jar:9.0.12]
	at org.apache.tomcat.util.net.NioEndpoint$SocketProcessor.doRun(NioEndpoint.java:1415) [tomcat-embed-core-9.0.12.jar:9.0.12]
	at org.apache.tomcat.util.net.SocketProcessorBase.run(SocketProcessorBase.java:49) [tomcat-embed-core-9.0.12.jar:9.0.12]
	at java.util.concurrent.ThreadPoolExecutor.runWorker(ThreadPoolExecutor.java:1149) [na:1.8.0_451]
	at java.util.concurrent.ThreadPoolExecutor$Worker.run(ThreadPoolExecutor.java:624) [na:1.8.0_451]
	at org.apache.tomcat.util.threads.TaskThread$WrappingRunnable.run(TaskThread.java:61) [tomcat-embed-core-9.0.12.jar:9.0.12]
	at java.lang.Thread.run(Thread.java:750) [na:1.8.0_451]
Caused by: com.mysql.cj.exceptions.CJCommunicationsException: Communications link failure

The last packet sent successfully to the server was 0 milliseconds ago. The driver has not received any packets from the server.
	at sun.reflect.NativeConstructorAccessorImpl.newInstance0(Native Method) ~[na:1.8.0_451]
	at sun.reflect.NativeConstructorAccessorImpl.newInstance(NativeConstructorAccessorImpl.java:62) ~[na:1.8.0_451]
	at sun.reflect.DelegatingConstructorAccessorImpl.newInstance(DelegatingConstructorAccessorImpl.java:45) ~[na:1.8.0_451]
	at java.lang.reflect.Constructor.newInstance(Constructor.java:423) ~[na:1.8.0_451]
	at com.mysql.cj.exceptions.ExceptionFactory.createException(ExceptionFactory.java:61) ~[mysql-connector-java-8.0.13.jar:8.0.13]
	at com.mysql.cj.exceptions.ExceptionFactory.createException(ExceptionFactory.java:105) ~[mysql-connector-java-8.0.13.jar:8.0.13]
	at com.mysql.cj.exceptions.ExceptionFactory.createException(ExceptionFactory.java:151) ~[mysql-connector-java-8.0.13.jar:8.0.13]
	at com.mysql.cj.exceptions.ExceptionFactory.createCommunicationsException(ExceptionFactory.java:167) ~[mysql-connector-java-8.0.13.jar:8.0.13]
	at com.mysql.cj.protocol.a.NativeSocketConnection.connect(NativeSocketConnection.java:91) ~[mysql-connector-java-8.0.13.jar:8.0.13]
	at com.mysql.cj.NativeSession.connect(NativeSession.java:152) ~[mysql-connector-java-8.0.13.jar:8.0.13]
	at com.mysql.cj.jdbc.ConnectionImpl.connectOneTryOnly(ConnectionImpl.java:955) ~[mysql-connector-java-8.0.13.jar:8.0.13]
	at com.mysql.cj.jdbc.ConnectionImpl.createNewIO(ConnectionImpl.java:825) ~[mysql-connector-java-8.0.13.jar:8.0.13]
	... 104 common frames omitted
Caused by: java.net.ConnectException: Connection refused: connect
	at java.net.DualStackPlainSocketImpl.waitForConnect(Native Method) ~[na:1.8.0_451]
	at java.net.DualStackPlainSocketImpl.socketConnect(DualStackPlainSocketImpl.java:81) ~[na:1.8.0_451]
	at java.net.AbstractPlainSocketImpl.doConnect(AbstractPlainSocketImpl.java:476) ~[na:1.8.0_451]
	at java.net.AbstractPlainSocketImpl.connectToAddress(AbstractPlainSocketImpl.java:218) ~[na:1.8.0_451]
	at java.net.AbstractPlainSocketImpl.connect(AbstractPlainSocketImpl.java:200) ~[na:1.8.0_451]
	at java.net.PlainSocketImpl.connect(PlainSocketImpl.java:162) ~[na:1.8.0_451]
	at java.net.SocksSocketImpl.connect(SocksSocketImpl.java:394) ~[na:1.8.0_451]
	at java.net.Socket.connect(Socket.java:606) ~[na:1.8.0_451]
	at com.mysql.cj.protocol.StandardSocketFactory.connect(StandardSocketFactory.java:155) ~[mysql-connector-java-8.0.13.jar:8.0.13]
	at com.mysql.cj.protocol.a.NativeSocketConnection.connect(NativeSocketConnection.java:65) ~[mysql-connector-java-8.0.13.jar:8.0.13]
	... 107 common frames omitted

2026-04-23 15:02:00.821 ERROR 11860 --- [http-nio-8888-exec-7] c.e.exception.GlobalExceptionHandler     : 异常信息：

org.mybatis.spring.MyBatisSystemException: nested exception is org.apache.ibatis.exceptions.PersistenceException: 
### Error querying database.  Cause: org.springframework.jdbc.CannotGetJdbcConnectionException: Failed to obtain JDBC Connection; nested exception is com.mysql.cj.jdbc.exceptions.CommunicationsException: Communications link failure

The last packet sent successfully to the server was 0 milliseconds ago. The driver has not received any packets from the server.
### The error may exist in com/example/dao/TeacherInfoDao.java (best guess)
### The error may involve com.example.dao.TeacherInfoDao.findByName
### The error occurred while executing a query
### Cause: org.springframework.jdbc.CannotGetJdbcConnectionException: Failed to obtain JDBC Connection; nested exception is com.mysql.cj.jdbc.exceptions.CommunicationsException: Communications link failure

The last packet sent successfully to the server was 0 milliseconds ago. The driver has not received any packets from the server.
	at org.mybatis.spring.MyBatisExceptionTranslator.translateExceptionIfPossible(MyBatisExceptionTranslator.java:77) ~[mybatis-spring-1.3.2.jar:1.3.2]
	at org.mybatis.spring.SqlSessionTemplate$SqlSessionInterceptor.invoke(SqlSessionTemplate.java:446) ~[mybatis-spring-1.3.2.jar:1.3.2]
	at com.sun.proxy.$Proxy71.selectOne(Unknown Source) ~[na:na]
	at org.mybatis.spring.SqlSessionTemplate.selectOne(SqlSessionTemplate.java:166) ~[mybatis-spring-1.3.2.jar:1.3.2]
	at org.apache.ibatis.binding.MapperMethod.execute(MapperMethod.java:83) ~[mybatis-3.4.6.jar:3.4.6]
	at org.apache.ibatis.binding.MapperProxy.invoke(MapperProxy.java:59) ~[mybatis-3.4.6.jar:3.4.6]
	at com.sun.proxy.$Proxy80.findByName(Unknown Source) ~[na:na]
	at sun.reflect.NativeMethodAccessorImpl.invoke0(Native Method) ~[na:1.8.0_451]
	at sun.reflect.NativeMethodAccessorImpl.invoke(NativeMethodAccessorImpl.java:62) ~[na:1.8.0_451]
	at sun.reflect.DelegatingMethodAccessorImpl.invoke(DelegatingMethodAccessorImpl.java:43) ~[na:1.8.0_451]
	at java.lang.reflect.Method.invoke(Method.java:498) ~[na:1.8.0_451]
	at org.springframework.aop.support.AopUtils.invokeJoinpointUsingReflection(AopUtils.java:343) ~[spring-aop-5.1.2.RELEASE.jar:5.1.2.RELEASE]
	at org.springframework.aop.framework.ReflectiveMethodInvocation.invokeJoinpoint(ReflectiveMethodInvocation.java:198) ~[spring-aop-5.1.2.RELEASE.jar:5.1.2.RELEASE]
	at org.springframework.aop.framework.ReflectiveMethodInvocation.proceed(ReflectiveMethodInvocation.java:163) ~[spring-aop-5.1.2.RELEASE.jar:5.1.2.RELEASE]
	at org.springframework.dao.support.PersistenceExceptionTranslationInterceptor.invoke(PersistenceExceptionTranslationInterceptor.java:139) ~[spring-tx-5.1.2.RELEASE.jar:5.1.2.RELEASE]
	at org.springframework.aop.framework.ReflectiveMethodInvocation.proceed(ReflectiveMethodInvocation.java:186) ~[spring-aop-5.1.2.RELEASE.jar:5.1.2.RELEASE]
	at org.springframework.aop.framework.JdkDynamicAopProxy.invoke(JdkDynamicAopProxy.java:212) ~[spring-aop-5.1.2.RELEASE.jar:5.1.2.RELEASE]
	at com.sun.proxy.$Proxy81.findByName(Unknown Source) ~[na:na]
	at com.example.service.TeacherInfoService.add(TeacherInfoService.java:52) ~[classes/:na]
	at com.example.controller.AccountController.register(AccountController.java:107) ~[classes/:na]
	at sun.reflect.NativeMethodAccessorImpl.invoke0(Native Method) ~[na:1.8.0_451]
	at sun.reflect.NativeMethodAccessorImpl.invoke(NativeMethodAccessorImpl.java:62) ~[na:1.8.0_451]
	at sun.reflect.DelegatingMethodAccessorImpl.invoke(DelegatingMethodAccessorImpl.java:43) ~[na:1.8.0_451]
	at java.lang.reflect.Method.invoke(Method.java:498) ~[na:1.8.0_451]
	at org.springframework.web.method.support.InvocableHandlerMethod.doInvoke(InvocableHandlerMethod.java:215) ~[spring-web-5.1.2.RELEASE.jar:5.1.2.RELEASE]
	at org.springframework.web.method.support.InvocableHandlerMethod.invokeForRequest(InvocableHandlerMethod.java:142) ~[spring-web-5.1.2.RELEASE.jar:5.1.2.RELEASE]
	at org.springframework.web.servlet.mvc.method.annotation.ServletInvocableHandlerMethod.invokeAndHandle(ServletInvocableHandlerMethod.java:102) ~[spring-webmvc-5.1.2.RELEASE.jar:5.1.2.RELEASE]
	at org.springframework.web.servlet.mvc.method.annotation.RequestMappingHandlerAdapter.invokeHandlerMethod(RequestMappingHandlerAdapter.java:895) ~[spring-webmvc-5.1.2.RELEASE.jar:5.1.2.RELEASE]
	at org.springframework.web.servlet.mvc.method.annotation.RequestMappingHandlerAdapter.handleInternal(RequestMappingHandlerAdapter.java:800) ~[spring-webmvc-5.1.2.RELEASE.jar:5.1.2.RELEASE]
	at org.springframework.web.servlet.mvc.method.AbstractHandlerMethodAdapter.handle(AbstractHandlerMethodAdapter.java:87) ~[spring-webmvc-5.1.2.RELEASE.jar:5.1.2.RELEASE]
	at org.springframework.web.servlet.DispatcherServlet.doDispatch(DispatcherServlet.java:1038) ~[spring-webmvc-5.1.2.RELEASE.jar:5.1.2.RELEASE]
	at org.springframework.web.servlet.DispatcherServlet.doService(DispatcherServlet.java:942) ~[spring-webmvc-5.1.2.RELEASE.jar:5.1.2.RELEASE]
	at org.springframework.web.servlet.FrameworkServlet.processRequest(FrameworkServlet.java:998) [spring-webmvc-5.1.2.RELEASE.jar:5.1.2.RELEASE]
	at org.springframework.web.servlet.FrameworkServlet.doPost(FrameworkServlet.java:901) [spring-webmvc-5.1.2.RELEASE.jar:5.1.2.RELEASE]
	at javax.servlet.http.HttpServlet.service(HttpServlet.java:660) [tomcat-embed-core-9.0.12.jar:9.0.12]
	at org.springframework.web.servlet.FrameworkServlet.service(FrameworkServlet.java:875) [spring-webmvc-5.1.2.RELEASE.jar:5.1.2.RELEASE]
	at javax.servlet.http.HttpServlet.service(HttpServlet.java:741) [tomcat-embed-core-9.0.12.jar:9.0.12]
	at org.apache.catalina.core.ApplicationFilterChain.internalDoFilter(ApplicationFilterChain.java:231) [tomcat-embed-core-9.0.12.jar:9.0.12]
	at org.apache.catalina.core.ApplicationFilterChain.doFilter(ApplicationFilterChain.java:166) [tomcat-embed-core-9.0.12.jar:9.0.12]
	at org.apache.tomcat.websocket.server.WsFilter.doFilter(WsFilter.java:53) [tomcat-embed-websocket-9.0.12.jar:9.0.12]
	at org.apache.catalina.core.ApplicationFilterChain.internalDoFilter(ApplicationFilterChain.java:193) [tomcat-embed-core-9.0.12.jar:9.0.12]
	at org.apache.catalina.core.ApplicationFilterChain.doFilter(ApplicationFilterChain.java:166) [tomcat-embed-core-9.0.12.jar:9.0.12]
	at org.springframework.web.filter.RequestContextFilter.doFilterInternal(RequestContextFilter.java:99) [spring-web-5.1.2.RELEASE.jar:5.1.2.RELEASE]
	at org.springframework.web.filter.OncePerRequestFilter.doFilter(OncePerRequestFilter.java:107) [spring-web-5.1.2.RELEASE.jar:5.1.2.RELEASE]
	at org.apache.catalina.core.ApplicationFilterChain.internalDoFilter(ApplicationFilterChain.java:193) [tomcat-embed-core-9.0.12.jar:9.0.12]
	at org.apache.catalina.core.ApplicationFilterChain.doFilter(ApplicationFilterChain.java:166) [tomcat-embed-core-9.0.12.jar:9.0.12]
	at org.springframework.web.filter.FormContentFilter.doFilterInternal(FormContentFilter.java:92) [spring-web-5.1.2.RELEASE.jar:5.1.2.RELEASE]
	at org.springframework.web.filter.OncePerRequestFilter.doFilter(OncePerRequestFilter.java:107) [spring-web-5.1.2.RELEASE.jar:5.1.2.RELEASE]
	at org.apache.catalina.core.ApplicationFilterChain.internalDoFilter(ApplicationFilterChain.java:193) [tomcat-embed-core-9.0.12.jar:9.0.12]
	at org.apache.catalina.core.ApplicationFilterChain.doFilter(ApplicationFilterChain.java:166) [tomcat-embed-core-9.0.12.jar:9.0.12]
	at org.springframework.web.filter.HiddenHttpMethodFilter.doFilterInternal(HiddenHttpMethodFilter.java:93) [spring-web-5.1.2.RELEASE.jar:5.1.2.RELEASE]
	at org.springframework.web.filter.OncePerRequestFilter.doFilter(OncePerRequestFilter.java:107) [spring-web-5.1.2.RELEASE.jar:5.1.2.RELEASE]
	at org.apache.catalina.core.ApplicationFilterChain.internalDoFilter(ApplicationFilterChain.java:193) [tomcat-embed-core-9.0.12.jar:9.0.12]
	at org.apache.catalina.core.ApplicationFilterChain.doFilter(ApplicationFilterChain.java:166) [tomcat-embed-core-9.0.12.jar:9.0.12]
	at org.springframework.web.filter.CharacterEncodingFilter.doFilterInternal(CharacterEncodingFilter.java:200) [spring-web-5.1.2.RELEASE.jar:5.1.2.RELEASE]
	at org.springframework.web.filter.OncePerRequestFilter.doFilter(OncePerRequestFilter.java:107) [spring-web-5.1.2.RELEASE.jar:5.1.2.RELEASE]
	at org.apache.catalina.core.ApplicationFilterChain.internalDoFilter(ApplicationFilterChain.java:193) [tomcat-embed-core-9.0.12.jar:9.0.12]
	at org.apache.catalina.core.ApplicationFilterChain.doFilter(ApplicationFilterChain.java:166) [tomcat-embed-core-9.0.12.jar:9.0.12]
	at org.apache.catalina.core.StandardWrapperValve.invoke(StandardWrapperValve.java:199) [tomcat-embed-core-9.0.12.jar:9.0.12]
	at org.apache.catalina.core.StandardContextValve.invoke(StandardContextValve.java:96) [tomcat-embed-core-9.0.12.jar:9.0.12]
	at org.apache.catalina.authenticator.AuthenticatorBase.invoke(AuthenticatorBase.java:490) [tomcat-embed-core-9.0.12.jar:9.0.12]
	at org.apache.catalina.core.StandardHostValve.invoke(StandardHostValve.java:139) [tomcat-embed-core-9.0.12.jar:9.0.12]
	at org.apache.catalina.valves.ErrorReportValve.invoke(ErrorReportValve.java:92) [tomcat-embed-core-9.0.12.jar:9.0.12]
	at org.apache.catalina.core.StandardEngineValve.invoke(StandardEngineValve.java:74) [tomcat-embed-core-9.0.12.jar:9.0.12]
	at org.apache.catalina.connector.CoyoteAdapter.service(CoyoteAdapter.java:343) [tomcat-embed-core-9.0.12.jar:9.0.12]
	at org.apache.coyote.http11.Http11Processor.service(Http11Processor.java:408) [tomcat-embed-core-9.0.12.jar:9.0.12]
	at org.apache.coyote.AbstractProcessorLight.process(AbstractProcessorLight.java:66) [tomcat-embed-core-9.0.12.jar:9.0.12]
	at org.apache.coyote.AbstractProtocol$ConnectionHandler.process(AbstractProtocol.java:770) [tomcat-embed-core-9.0.12.jar:9.0.12]
	at org.apache.tomcat.util.net.NioEndpoint$SocketProcessor.doRun(NioEndpoint.java:1415) [tomcat-embed-core-9.0.12.jar:9.0.12]
	at org.apache.tomcat.util.net.SocketProcessorBase.run(SocketProcessorBase.java:49) [tomcat-embed-core-9.0.12.jar:9.0.12]
	at java.util.concurrent.ThreadPoolExecutor.runWorker(ThreadPoolExecutor.java:1149) [na:1.8.0_451]
	at java.util.concurrent.ThreadPoolExecutor$Worker.run(ThreadPoolExecutor.java:624) [na:1.8.0_451]
	at org.apache.tomcat.util.threads.TaskThread$WrappingRunnable.run(TaskThread.java:61) [tomcat-embed-core-9.0.12.jar:9.0.12]
	at java.lang.Thread.run(Thread.java:750) [na:1.8.0_451]
Caused by: org.apache.ibatis.exceptions.PersistenceException: 
### Error querying database.  Cause: org.springframework.jdbc.CannotGetJdbcConnectionException: Failed to obtain JDBC Connection; nested exception is com.mysql.cj.jdbc.exceptions.CommunicationsException: Communications link failure

The last packet sent successfully to the server was 0 milliseconds ago. The driver has not received any packets from the server.
### The error may exist in com/example/dao/TeacherInfoDao.java (best guess)
### The error may involve com.example.dao.TeacherInfoDao.findByName
### The error occurred while executing a query
### Cause: org.springframework.jdbc.CannotGetJdbcConnectionException: Failed to obtain JDBC Connection; nested exception is com.mysql.cj.jdbc.exceptions.CommunicationsException: Communications link failure

The last packet sent successfully to the server was 0 milliseconds ago. The driver has not received any packets from the server.
	at org.apache.ibatis.exceptions.ExceptionFactory.wrapException(ExceptionFactory.java:30) ~[mybatis-3.4.6.jar:3.4.6]
	at org.apache.ibatis.session.defaults.DefaultSqlSession.selectList(DefaultSqlSession.java:150) ~[mybatis-3.4.6.jar:3.4.6]
	at org.apache.ibatis.session.defaults.DefaultSqlSession.selectList(DefaultSqlSession.java:141) ~[mybatis-3.4.6.jar:3.4.6]
	at org.apache.ibatis.session.defaults.DefaultSqlSession.selectOne(DefaultSqlSession.java:77) ~[mybatis-3.4.6.jar:3.4.6]
	at sun.reflect.NativeMethodAccessorImpl.invoke0(Native Method) ~[na:1.8.0_451]
	at sun.reflect.NativeMethodAccessorImpl.invoke(NativeMethodAccessorImpl.java:62) ~[na:1.8.0_451]
	at sun.reflect.DelegatingMethodAccessorImpl.invoke(DelegatingMethodAccessorImpl.java:43) ~[na:1.8.0_451]
	at java.lang.reflect.Method.invoke(Method.java:498) ~[na:1.8.0_451]
	at org.mybatis.spring.SqlSessionTemplate$SqlSessionInterceptor.invoke(SqlSessionTemplate.java:433) ~[mybatis-spring-1.3.2.jar:1.3.2]
	... 72 common frames omitted
Caused by: org.springframework.jdbc.CannotGetJdbcConnectionException: Failed to obtain JDBC Connection; nested exception is com.mysql.cj.jdbc.exceptions.CommunicationsException: Communications link failure

The last packet sent successfully to the server was 0 milliseconds ago. The driver has not received any packets from the server.
	at org.springframework.jdbc.datasource.DataSourceUtils.getConnection(DataSourceUtils.java:81) ~[spring-jdbc-5.1.2.RELEASE.jar:5.1.2.RELEASE]
	at org.mybatis.spring.transaction.SpringManagedTransaction.openConnection(SpringManagedTransaction.java:82) ~[mybatis-spring-1.3.2.jar:1.3.2]
	at org.mybatis.spring.transaction.SpringManagedTransaction.getConnection(SpringManagedTransaction.java:68) ~[mybatis-spring-1.3.2.jar:1.3.2]
	at org.apache.ibatis.executor.BaseExecutor.getConnection(BaseExecutor.java:338) ~[mybatis-3.4.6.jar:3.4.6]
	at org.apache.ibatis.executor.SimpleExecutor.prepareStatement(SimpleExecutor.java:84) ~[mybatis-3.4.6.jar:3.4.6]
	at org.apache.ibatis.executor.SimpleExecutor.doQuery(SimpleExecutor.java:62) ~[mybatis-3.4.6.jar:3.4.6]
	at org.apache.ibatis.executor.BaseExecutor.queryFromDatabase(BaseExecutor.java:326) ~[mybatis-3.4.6.jar:3.4.6]
	at org.apache.ibatis.executor.BaseExecutor.query(BaseExecutor.java:156) ~[mybatis-3.4.6.jar:3.4.6]
	at org.apache.ibatis.executor.CachingExecutor.query(CachingExecutor.java:109) ~[mybatis-3.4.6.jar:3.4.6]
	at com.github.pagehelper.PageInterceptor.intercept(PageInterceptor.java:108) ~[pagehelper-5.1.8.jar:na]
	at org.apache.ibatis.plugin.Plugin.invoke(Plugin.java:61) ~[mybatis-3.4.6.jar:3.4.6]
	at com.sun.proxy.$Proxy109.query(Unknown Source) ~[na:na]
	at org.apache.ibatis.session.defaults.DefaultSqlSession.selectList(DefaultSqlSession.java:148) ~[mybatis-3.4.6.jar:3.4.6]
	... 79 common frames omitted
Caused by: com.mysql.cj.jdbc.exceptions.CommunicationsException: Communications link failure

The last packet sent successfully to the server was 0 milliseconds ago. The driver has not received any packets from the server.
	at com.mysql.cj.jdbc.exceptions.SQLError.createCommunicationsException(SQLError.java:174) ~[mysql-connector-java-8.0.13.jar:8.0.13]
	at com.mysql.cj.jdbc.exceptions.SQLExceptionsMapping.translateException(SQLExceptionsMapping.java:64) ~[mysql-connector-java-8.0.13.jar:8.0.13]
	at com.mysql.cj.jdbc.ConnectionImpl.createNewIO(ConnectionImpl.java:835) ~[mysql-connector-java-8.0.13.jar:8.0.13]
	at com.mysql.cj.jdbc.ConnectionImpl.<init>(ConnectionImpl.java:455) ~[mysql-connector-java-8.0.13.jar:8.0.13]
	at com.mysql.cj.jdbc.ConnectionImpl.getInstance(ConnectionImpl.java:240) ~[mysql-connector-java-8.0.13.jar:8.0.13]
	at com.mysql.cj.jdbc.NonRegisteringDriver.connect(NonRegisteringDriver.java:207) ~[mysql-connector-java-8.0.13.jar:8.0.13]
	at com.zaxxer.hikari.util.DriverDataSource.getConnection(DriverDataSource.java:136) ~[HikariCP-3.2.0.jar:na]
	at com.zaxxer.hikari.pool.PoolBase.newConnection(PoolBase.java:369) ~[HikariCP-3.2.0.jar:na]
	at com.zaxxer.hikari.pool.PoolBase.newPoolEntry(PoolBase.java:198) ~[HikariCP-3.2.0.jar:na]
	at com.zaxxer.hikari.pool.HikariPool.createPoolEntry(HikariPool.java:467) ~[HikariCP-3.2.0.jar:na]
	at com.zaxxer.hikari.pool.HikariPool.checkFailFast(HikariPool.java:541) ~[HikariCP-3.2.0.jar:na]
	at com.zaxxer.hikari.pool.HikariPool.<init>(HikariPool.java:115) ~[HikariCP-3.2.0.jar:na]
	at com.zaxxer.hikari.HikariDataSource.getConnection(HikariDataSource.java:112) ~[HikariCP-3.2.0.jar:na]
	at org.springframework.jdbc.datasource.DataSourceUtils.fetchConnection(DataSourceUtils.java:151) ~[spring-jdbc-5.1.2.RELEASE.jar:5.1.2.RELEASE]
	at org.springframework.jdbc.datasource.DataSourceUtils.doGetConnection(DataSourceUtils.java:115) ~[spring-jdbc-5.1.2.RELEASE.jar:5.1.2.RELEASE]
	at org.springframework.jdbc.datasource.DataSourceUtils.getConnection(DataSourceUtils.java:78) ~[spring-jdbc-5.1.2.RELEASE.jar:5.1.2.RELEASE]
	... 91 common frames omitted
Caused by: com.mysql.cj.exceptions.CJCommunicationsException: Communications link failure

The last packet sent successfully to the server was 0 milliseconds ago. The driver has not received any packets from the server.
	at sun.reflect.NativeConstructorAccessorImpl.newInstance0(Native Method) ~[na:1.8.0_451]
	at sun.reflect.NativeConstructorAccessorImpl.newInstance(NativeConstructorAccessorImpl.java:62) ~[na:1.8.0_451]
	at sun.reflect.DelegatingConstructorAccessorImpl.newInstance(DelegatingConstructorAccessorImpl.java:45) ~[na:1.8.0_451]
	at java.lang.reflect.Constructor.newInstance(Constructor.java:423) ~[na:1.8.0_451]
	at com.mysql.cj.exceptions.ExceptionFactory.createException(ExceptionFactory.java:61) ~[mysql-connector-java-8.0.13.jar:8.0.13]
	at com.mysql.cj.exceptions.ExceptionFactory.createException(ExceptionFactory.java:105) ~[mysql-connector-java-8.0.13.jar:8.0.13]
	at com.mysql.cj.exceptions.ExceptionFactory.createException(ExceptionFactory.java:151) ~[mysql-connector-java-8.0.13.jar:8.0.13]
	at com.mysql.cj.exceptions.ExceptionFactory.createCommunicationsException(ExceptionFactory.java:167) ~[mysql-connector-java-8.0.13.jar:8.0.13]
	at com.mysql.cj.protocol.a.NativeSocketConnection.connect(NativeSocketConnection.java:91) ~[mysql-connector-java-8.0.13.jar:8.0.13]
	at com.mysql.cj.NativeSession.connect(NativeSession.java:152) ~[mysql-connector-java-8.0.13.jar:8.0.13]
	at com.mysql.cj.jdbc.ConnectionImpl.connectOneTryOnly(ConnectionImpl.java:955) ~[mysql-connector-java-8.0.13.jar:8.0.13]
	at com.mysql.cj.jdbc.ConnectionImpl.createNewIO(ConnectionImpl.java:825) ~[mysql-connector-java-8.0.13.jar:8.0.13]
	... 104 common frames omitted
Caused by: java.net.ConnectException: Connection refused: connect
	at java.net.DualStackPlainSocketImpl.waitForConnect(Native Method) ~[na:1.8.0_451]
	at java.net.DualStackPlainSocketImpl.socketConnect(DualStackPlainSocketImpl.java:81) ~[na:1.8.0_451]
	at java.net.AbstractPlainSocketImpl.doConnect(AbstractPlainSocketImpl.java:476) ~[na:1.8.0_451]
	at java.net.AbstractPlainSocketImpl.connectToAddress(AbstractPlainSocketImpl.java:218) ~[na:1.8.0_451]
	at java.net.AbstractPlainSocketImpl.connect(AbstractPlainSocketImpl.java:200) ~[na:1.8.0_451]
	at java.net.PlainSocketImpl.connect(PlainSocketImpl.java:162) ~[na:1.8.0_451]
	at java.net.SocksSocketImpl.connect(SocksSocketImpl.java:394) ~[na:1.8.0_451]
	at java.net.Socket.connect(Socket.java:606) ~[na:1.8.0_451]
	at com.mysql.cj.protocol.StandardSocketFactory.connect(StandardSocketFactory.java:155) ~[mysql-connector-java-8.0.13.jar:8.0.13]
	at com.mysql.cj.protocol.a.NativeSocketConnection.connect(NativeSocketConnection.java:65) ~[mysql-connector-java-8.0.13.jar:8.0.13]
	... 107 common frames omitted

2026-04-23 15:02:42.785  INFO 11860 --- [http-nio-8888-exec-10] com.zaxxer.hikari.HikariDataSource       : HikariPool-1 - Starting...
2026-04-23 15:02:47.889 ERROR 11860 --- [http-nio-8888-exec-10] com.zaxxer.hikari.pool.HikariPool        : HikariPool-1 - Exception during pool initialization.

com.mysql.cj.jdbc.exceptions.CommunicationsException: Communications link failure

The last packet sent successfully to the server was 0 milliseconds ago. The driver has not received any packets from the server.
	at com.mysql.cj.jdbc.exceptions.SQLError.createCommunicationsException(SQLError.java:174) ~[mysql-connector-java-8.0.13.jar:8.0.13]
	at com.mysql.cj.jdbc.exceptions.SQLExceptionsMapping.translateException(SQLExceptionsMapping.java:64) ~[mysql-connector-java-8.0.13.jar:8.0.13]
	at com.mysql.cj.jdbc.ConnectionImpl.createNewIO(ConnectionImpl.java:835) ~[mysql-connector-java-8.0.13.jar:8.0.13]
	at com.mysql.cj.jdbc.ConnectionImpl.<init>(ConnectionImpl.java:455) ~[mysql-connector-java-8.0.13.jar:8.0.13]
	at com.mysql.cj.jdbc.ConnectionImpl.getInstance(ConnectionImpl.java:240) ~[mysql-connector-java-8.0.13.jar:8.0.13]
	at com.mysql.cj.jdbc.NonRegisteringDriver.connect(NonRegisteringDriver.java:207) ~[mysql-connector-java-8.0.13.jar:8.0.13]
	at com.zaxxer.hikari.util.DriverDataSource.getConnection(DriverDataSource.java:136) ~[HikariCP-3.2.0.jar:na]
	at com.zaxxer.hikari.pool.PoolBase.newConnection(PoolBase.java:369) ~[HikariCP-3.2.0.jar:na]
	at com.zaxxer.hikari.pool.PoolBase.newPoolEntry(PoolBase.java:198) ~[HikariCP-3.2.0.jar:na]
	at com.zaxxer.hikari.pool.HikariPool.createPoolEntry(HikariPool.java:467) [HikariCP-3.2.0.jar:na]
	at com.zaxxer.hikari.pool.HikariPool.checkFailFast(HikariPool.java:541) [HikariCP-3.2.0.jar:na]
	at com.zaxxer.hikari.pool.HikariPool.<init>(HikariPool.java:115) [HikariCP-3.2.0.jar:na]
	at com.zaxxer.hikari.HikariDataSource.getConnection(HikariDataSource.java:112) [HikariCP-3.2.0.jar:na]
	at org.springframework.jdbc.datasource.DataSourceUtils.fetchConnection(DataSourceUtils.java:151) [spring-jdbc-5.1.2.RELEASE.jar:5.1.2.RELEASE]
	at org.springframework.jdbc.datasource.DataSourceUtils.doGetConnection(DataSourceUtils.java:115) [spring-jdbc-5.1.2.RELEASE.jar:5.1.2.RELEASE]
	at org.springframework.jdbc.datasource.DataSourceUtils.getConnection(DataSourceUtils.java:78) [spring-jdbc-5.1.2.RELEASE.jar:5.1.2.RELEASE]
	at org.mybatis.spring.transaction.SpringManagedTransaction.openConnection(SpringManagedTransaction.java:82) [mybatis-spring-1.3.2.jar:1.3.2]
	at org.mybatis.spring.transaction.SpringManagedTransaction.getConnection(SpringManagedTransaction.java:68) [mybatis-spring-1.3.2.jar:1.3.2]
	at org.apache.ibatis.executor.BaseExecutor.getConnection(BaseExecutor.java:338) [mybatis-3.4.6.jar:3.4.6]
	at org.apache.ibatis.executor.SimpleExecutor.prepareStatement(SimpleExecutor.java:84) [mybatis-3.4.6.jar:3.4.6]
	at org.apache.ibatis.executor.SimpleExecutor.doQuery(SimpleExecutor.java:62) [mybatis-3.4.6.jar:3.4.6]
	at org.apache.ibatis.executor.BaseExecutor.queryFromDatabase(BaseExecutor.java:326) [mybatis-3.4.6.jar:3.4.6]
	at org.apache.ibatis.executor.BaseExecutor.query(BaseExecutor.java:156) [mybatis-3.4.6.jar:3.4.6]
	at org.apache.ibatis.executor.CachingExecutor.query(CachingExecutor.java:109) [mybatis-3.4.6.jar:3.4.6]
	at com.github.pagehelper.PageInterceptor.intercept(PageInterceptor.java:108) [pagehelper-5.1.8.jar:na]
	at org.apache.ibatis.plugin.Plugin.invoke(Plugin.java:61) [mybatis-3.4.6.jar:3.4.6]
	at com.sun.proxy.$Proxy109.query(Unknown Source) [na:na]
	at org.apache.ibatis.session.defaults.DefaultSqlSession.selectList(DefaultSqlSession.java:148) [mybatis-3.4.6.jar:3.4.6]
	at org.apache.ibatis.session.defaults.DefaultSqlSession.selectList(DefaultSqlSession.java:141) [mybatis-3.4.6.jar:3.4.6]
	at org.apache.ibatis.session.defaults.DefaultSqlSession.selectOne(DefaultSqlSession.java:77) [mybatis-3.4.6.jar:3.4.6]
	at sun.reflect.NativeMethodAccessorImpl.invoke0(Native Method) ~[na:1.8.0_451]
	at sun.reflect.NativeMethodAccessorImpl.invoke(NativeMethodAccessorImpl.java:62) ~[na:1.8.0_451]
	at sun.reflect.DelegatingMethodAccessorImpl.invoke(DelegatingMethodAccessorImpl.java:43) ~[na:1.8.0_451]
	at java.lang.reflect.Method.invoke(Method.java:498) ~[na:1.8.0_451]
	at org.mybatis.spring.SqlSessionTemplate$SqlSessionInterceptor.invoke(SqlSessionTemplate.java:433) [mybatis-spring-1.3.2.jar:1.3.2]
	at com.sun.proxy.$Proxy71.selectOne(Unknown Source) [na:na]
	at org.mybatis.spring.SqlSessionTemplate.selectOne(SqlSessionTemplate.java:166) [mybatis-spring-1.3.2.jar:1.3.2]
	at org.apache.ibatis.binding.MapperMethod.execute(MapperMethod.java:83) [mybatis-3.4.6.jar:3.4.6]
	at org.apache.ibatis.binding.MapperProxy.invoke(MapperProxy.java:59) [mybatis-3.4.6.jar:3.4.6]
	at com.sun.proxy.$Proxy77.findByNameAndPass(Unknown Source) [na:na]
	at sun.reflect.NativeMethodAccessorImpl.invoke0(Native Method) ~[na:1.8.0_451]
	at sun.reflect.NativeMethodAccessorImpl.invoke(NativeMethodAccessorImpl.java:62) ~[na:1.8.0_451]
	at sun.reflect.DelegatingMethodAccessorImpl.invoke(DelegatingMethodAccessorImpl.java:43) ~[na:1.8.0_451]
	at java.lang.reflect.Method.invoke(Method.java:498) ~[na:1.8.0_451]
	at org.springframework.aop.support.AopUtils.invokeJoinpointUsingReflection(AopUtils.java:343) [spring-aop-5.1.2.RELEASE.jar:5.1.2.RELEASE]
	at org.springframework.aop.framework.ReflectiveMethodInvocation.invokeJoinpoint(ReflectiveMethodInvocation.java:198) [spring-aop-5.1.2.RELEASE.jar:5.1.2.RELEASE]
	at org.springframework.aop.framework.ReflectiveMethodInvocation.proceed(ReflectiveMethodInvocation.java:163) [spring-aop-5.1.2.RELEASE.jar:5.1.2.RELEASE]
	at org.springframework.dao.support.PersistenceExceptionTranslationInterceptor.invoke(PersistenceExceptionTranslationInterceptor.java:139) [spring-tx-5.1.2.RELEASE.jar:5.1.2.RELEASE]
	at org.springframework.aop.framework.ReflectiveMethodInvocation.proceed(ReflectiveMethodInvocation.java:186) [spring-aop-5.1.2.RELEASE.jar:5.1.2.RELEASE]
	at org.springframework.aop.framework.JdkDynamicAopProxy.invoke(JdkDynamicAopProxy.java:212) [spring-aop-5.1.2.RELEASE.jar:5.1.2.RELEASE]
	at com.sun.proxy.$Proxy79.findByNameAndPass(Unknown Source) [na:na]
	at com.example.service.AdminInfoService.login(AdminInfoService.java:26) [classes/:na]
	at com.example.controller.AccountController.login(AccountController.java:78) [classes/:na]
	at sun.reflect.NativeMethodAccessorImpl.invoke0(Native Method) ~[na:1.8.0_451]
	at sun.reflect.NativeMethodAccessorImpl.invoke(NativeMethodAccessorImpl.java:62) ~[na:1.8.0_451]
	at sun.reflect.DelegatingMethodAccessorImpl.invoke(DelegatingMethodAccessorImpl.java:43) ~[na:1.8.0_451]
	at java.lang.reflect.Method.invoke(Method.java:498) ~[na:1.8.0_451]
	at org.springframework.web.method.support.InvocableHandlerMethod.doInvoke(InvocableHandlerMethod.java:215) [spring-web-5.1.2.RELEASE.jar:5.1.2.RELEASE]
	at org.springframework.web.method.support.InvocableHandlerMethod.invokeForRequest(InvocableHandlerMethod.java:142) [spring-web-5.1.2.RELEASE.jar:5.1.2.RELEASE]
	at org.springframework.web.servlet.mvc.method.annotation.ServletInvocableHandlerMethod.invokeAndHandle(ServletInvocableHandlerMethod.java:102) [spring-webmvc-5.1.2.RELEASE.jar:5.1.2.RELEASE]
	at org.springframework.web.servlet.mvc.method.annotation.RequestMappingHandlerAdapter.invokeHandlerMethod(RequestMappingHandlerAdapter.java:895) [spring-webmvc-5.1.2.RELEASE.jar:5.1.2.RELEASE]
	at org.springframework.web.servlet.mvc.method.annotation.RequestMappingHandlerAdapter.handleInternal(RequestMappingHandlerAdapter.java:800) [spring-webmvc-5.1.2.RELEASE.jar:5.1.2.RELEASE]
	at org.springframework.web.servlet.mvc.method.AbstractHandlerMethodAdapter.handle(AbstractHandlerMethodAdapter.java:87) [spring-webmvc-5.1.2.RELEASE.jar:5.1.2.RELEASE]
	at org.springframework.web.servlet.DispatcherServlet.doDispatch(DispatcherServlet.java:1038) [spring-webmvc-5.1.2.RELEASE.jar:5.1.2.RELEASE]
	at org.springframework.web.servlet.DispatcherServlet.doService(DispatcherServlet.java:942) [spring-webmvc-5.1.2.RELEASE.jar:5.1.2.RELEASE]
	at org.springframework.web.servlet.FrameworkServlet.processRequest(FrameworkServlet.java:998) [spring-webmvc-5.1.2.RELEASE.jar:5.1.2.RELEASE]
	at org.springframework.web.servlet.FrameworkServlet.doPost(FrameworkServlet.java:901) [spring-webmvc-5.1.2.RELEASE.jar:5.1.2.RELEASE]
	at javax.servlet.http.HttpServlet.service(HttpServlet.java:660) [tomcat-embed-core-9.0.12.jar:9.0.12]
	at org.springframework.web.servlet.FrameworkServlet.service(FrameworkServlet.java:875) [spring-webmvc-5.1.2.RELEASE.jar:5.1.2.RELEASE]
	at javax.servlet.http.HttpServlet.service(HttpServlet.java:741) [tomcat-embed-core-9.0.12.jar:9.0.12]
	at org.apache.catalina.core.ApplicationFilterChain.internalDoFilter(ApplicationFilterChain.java:231) [tomcat-embed-core-9.0.12.jar:9.0.12]
	at org.apache.catalina.core.ApplicationFilterChain.doFilter(ApplicationFilterChain.java:166) [tomcat-embed-core-9.0.12.jar:9.0.12]
	at org.apache.tomcat.websocket.server.WsFilter.doFilter(WsFilter.java:53) [tomcat-embed-websocket-9.0.12.jar:9.0.12]
	at org.apache.catalina.core.ApplicationFilterChain.internalDoFilter(ApplicationFilterChain.java:193) [tomcat-embed-core-9.0.12.jar:9.0.12]
	at org.apache.catalina.core.ApplicationFilterChain.doFilter(ApplicationFilterChain.java:166) [tomcat-embed-core-9.0.12.jar:9.0.12]
	at org.springframework.web.filter.RequestContextFilter.doFilterInternal(RequestContextFilter.java:99) [spring-web-5.1.2.RELEASE.jar:5.1.2.RELEASE]
	at org.springframework.web.filter.OncePerRequestFilter.doFilter(OncePerRequestFilter.java:107) [spring-web-5.1.2.RELEASE.jar:5.1.2.RELEASE]
	at org.apache.catalina.core.ApplicationFilterChain.internalDoFilter(ApplicationFilterChain.java:193) [tomcat-embed-core-9.0.12.jar:9.0.12]
	at org.apache.catalina.core.ApplicationFilterChain.doFilter(ApplicationFilterChain.java:166) [tomcat-embed-core-9.0.12.jar:9.0.12]
	at org.springframework.web.filter.FormContentFilter.doFilterInternal(FormContentFilter.java:92) [spring-web-5.1.2.RELEASE.jar:5.1.2.RELEASE]
	at org.springframework.web.filter.OncePerRequestFilter.doFilter(OncePerRequestFilter.java:107) [spring-web-5.1.2.RELEASE.jar:5.1.2.RELEASE]
	at org.apache.catalina.core.ApplicationFilterChain.internalDoFilter(ApplicationFilterChain.java:193) [tomcat-embed-core-9.0.12.jar:9.0.12]
	at org.apache.catalina.core.ApplicationFilterChain.doFilter(ApplicationFilterChain.java:166) [tomcat-embed-core-9.0.12.jar:9.0.12]
	at org.springframework.web.filter.HiddenHttpMethodFilter.doFilterInternal(HiddenHttpMethodFilter.java:93) [spring-web-5.1.2.RELEASE.jar:5.1.2.RELEASE]
	at org.springframework.web.filter.OncePerRequestFilter.doFilter(OncePerRequestFilter.java:107) [spring-web-5.1.2.RELEASE.jar:5.1.2.RELEASE]
	at org.apache.catalina.core.ApplicationFilterChain.internalDoFilter(ApplicationFilterChain.java:193) [tomcat-embed-core-9.0.12.jar:9.0.12]
	at org.apache.catalina.core.ApplicationFilterChain.doFilter(ApplicationFilterChain.java:166) [tomcat-embed-core-9.0.12.jar:9.0.12]
	at org.springframework.web.filter.CharacterEncodingFilter.doFilterInternal(CharacterEncodingFilter.java:200) [spring-web-5.1.2.RELEASE.jar:5.1.2.RELEASE]
	at org.springframework.web.filter.OncePerRequestFilter.doFilter(OncePerRequestFilter.java:107) [spring-web-5.1.2.RELEASE.jar:5.1.2.RELEASE]
	at org.apache.catalina.core.ApplicationFilterChain.internalDoFilter(ApplicationFilterChain.java:193) [tomcat-embed-core-9.0.12.jar:9.0.12]
	at org.apache.catalina.core.ApplicationFilterChain.doFilter(ApplicationFilterChain.java:166) [tomcat-embed-core-9.0.12.jar:9.0.12]
	at org.apache.catalina.core.StandardWrapperValve.invoke(StandardWrapperValve.java:199) [tomcat-embed-core-9.0.12.jar:9.0.12]
	at org.apache.catalina.core.StandardContextValve.invoke(StandardContextValve.java:96) [tomcat-embed-core-9.0.12.jar:9.0.12]
	at org.apache.catalina.authenticator.AuthenticatorBase.invoke(AuthenticatorBase.java:490) [tomcat-embed-core-9.0.12.jar:9.0.12]
	at org.apache.catalina.core.StandardHostValve.invoke(StandardHostValve.java:139) [tomcat-embed-core-9.0.12.jar:9.0.12]
	at org.apache.catalina.valves.ErrorReportValve.invoke(ErrorReportValve.java:92) [tomcat-embed-core-9.0.12.jar:9.0.12]
	at org.apache.catalina.core.StandardEngineValve.invoke(StandardEngineValve.java:74) [tomcat-embed-core-9.0.12.jar:9.0.12]
	at org.apache.catalina.connector.CoyoteAdapter.service(CoyoteAdapter.java:343) [tomcat-embed-core-9.0.12.jar:9.0.12]
	at org.apache.coyote.http11.Http11Processor.service(Http11Processor.java:408) [tomcat-embed-core-9.0.12.jar:9.0.12]
	at org.apache.coyote.AbstractProcessorLight.process(AbstractProcessorLight.java:66) [tomcat-embed-core-9.0.12.jar:9.0.12]
	at org.apache.coyote.AbstractProtocol$ConnectionHandler.process(AbstractProtocol.java:770) [tomcat-embed-core-9.0.12.jar:9.0.12]
	at org.apache.tomcat.util.net.NioEndpoint$SocketProcessor.doRun(NioEndpoint.java:1415) [tomcat-embed-core-9.0.12.jar:9.0.12]
	at org.apache.tomcat.util.net.SocketProcessorBase.run(SocketProcessorBase.java:49) [tomcat-embed-core-9.0.12.jar:9.0.12]
	at java.util.concurrent.ThreadPoolExecutor.runWorker(ThreadPoolExecutor.java:1149) [na:1.8.0_451]
	at java.util.concurrent.ThreadPoolExecutor$Worker.run(ThreadPoolExecutor.java:624) [na:1.8.0_451]
	at org.apache.tomcat.util.threads.TaskThread$WrappingRunnable.run(TaskThread.java:61) [tomcat-embed-core-9.0.12.jar:9.0.12]
	at java.lang.Thread.run(Thread.java:750) [na:1.8.0_451]
Caused by: com.mysql.cj.exceptions.CJCommunicationsException: Communications link failure

The last packet sent successfully to the server was 0 milliseconds ago. The driver has not received any packets from the server.
	at sun.reflect.NativeConstructorAccessorImpl.newInstance0(Native Method) ~[na:1.8.0_451]
	at sun.reflect.NativeConstructorAccessorImpl.newInstance(NativeConstructorAccessorImpl.java:62) ~[na:1.8.0_451]
	at sun.reflect.DelegatingConstructorAccessorImpl.newInstance(DelegatingConstructorAccessorImpl.java:45) ~[na:1.8.0_451]
	at java.lang.reflect.Constructor.newInstance(Constructor.java:423) ~[na:1.8.0_451]
	at com.mysql.cj.exceptions.ExceptionFactory.createException(ExceptionFactory.java:61) ~[mysql-connector-java-8.0.13.jar:8.0.13]
	at com.mysql.cj.exceptions.ExceptionFactory.createException(ExceptionFactory.java:105) ~[mysql-connector-java-8.0.13.jar:8.0.13]
	at com.mysql.cj.exceptions.ExceptionFactory.createException(ExceptionFactory.java:151) ~[mysql-connector-java-8.0.13.jar:8.0.13]
	at com.mysql.cj.exceptions.ExceptionFactory.createCommunicationsException(ExceptionFactory.java:167) ~[mysql-connector-java-8.0.13.jar:8.0.13]
	at com.mysql.cj.protocol.a.NativeSocketConnection.connect(NativeSocketConnection.java:91) ~[mysql-connector-java-8.0.13.jar:8.0.13]
	at com.mysql.cj.NativeSession.connect(NativeSession.java:152) ~[mysql-connector-java-8.0.13.jar:8.0.13]
	at com.mysql.cj.jdbc.ConnectionImpl.connectOneTryOnly(ConnectionImpl.java:955) ~[mysql-connector-java-8.0.13.jar:8.0.13]
	at com.mysql.cj.jdbc.ConnectionImpl.createNewIO(ConnectionImpl.java:825) ~[mysql-connector-java-8.0.13.jar:8.0.13]
	... 104 common frames omitted
Caused by: java.net.ConnectException: Connection refused: connect
	at java.net.DualStackPlainSocketImpl.waitForConnect(Native Method) ~[na:1.8.0_451]
	at java.net.DualStackPlainSocketImpl.socketConnect(DualStackPlainSocketImpl.java:81) ~[na:1.8.0_451]
	at java.net.AbstractPlainSocketImpl.doConnect(AbstractPlainSocketImpl.java:476) ~[na:1.8.0_451]
	at java.net.AbstractPlainSocketImpl.connectToAddress(AbstractPlainSocketImpl.java:218) ~[na:1.8.0_451]
	at java.net.AbstractPlainSocketImpl.connect(AbstractPlainSocketImpl.java:200) ~[na:1.8.0_451]
	at java.net.PlainSocketImpl.connect(PlainSocketImpl.java:162) ~[na:1.8.0_451]
	at java.net.SocksSocketImpl.connect(SocksSocketImpl.java:394) ~[na:1.8.0_451]
	at java.net.Socket.connect(Socket.java:606) ~[na:1.8.0_451]
	at com.mysql.cj.protocol.StandardSocketFactory.connect(StandardSocketFactory.java:155) ~[mysql-connector-java-8.0.13.jar:8.0.13]
	at com.mysql.cj.protocol.a.NativeSocketConnection.connect(NativeSocketConnection.java:65) ~[mysql-connector-java-8.0.13.jar:8.0.13]
	... 107 common frames omitted

2026-04-23 15:02:47.891 ERROR 11860 --- [http-nio-8888-exec-10] c.e.exception.GlobalExceptionHandler     : 异常信息：

org.mybatis.spring.MyBatisSystemException: nested exception is org.apache.ibatis.exceptions.PersistenceException: 
### Error querying database.  Cause: org.springframework.jdbc.CannotGetJdbcConnectionException: Failed to obtain JDBC Connection; nested exception is com.mysql.cj.jdbc.exceptions.CommunicationsException: Communications link failure

The last packet sent successfully to the server was 0 milliseconds ago. The driver has not received any packets from the server.
### The error may exist in com/example/dao/AdminInfoDao.java (best guess)
### The error may involve com.example.dao.AdminInfoDao.findByNameAndPass
### The error occurred while executing a query
### Cause: org.springframework.jdbc.CannotGetJdbcConnectionException: Failed to obtain JDBC Connection; nested exception is com.mysql.cj.jdbc.exceptions.CommunicationsException: Communications link failure

The last packet sent successfully to the server was 0 milliseconds ago. The driver has not received any packets from the server.
	at org.mybatis.spring.MyBatisExceptionTranslator.translateExceptionIfPossible(MyBatisExceptionTranslator.java:77) ~[mybatis-spring-1.3.2.jar:1.3.2]
	at org.mybatis.spring.SqlSessionTemplate$SqlSessionInterceptor.invoke(SqlSessionTemplate.java:446) ~[mybatis-spring-1.3.2.jar:1.3.2]
	at com.sun.proxy.$Proxy71.selectOne(Unknown Source) ~[na:na]
	at org.mybatis.spring.SqlSessionTemplate.selectOne(SqlSessionTemplate.java:166) ~[mybatis-spring-1.3.2.jar:1.3.2]
	at org.apache.ibatis.binding.MapperMethod.execute(MapperMethod.java:83) ~[mybatis-3.4.6.jar:3.4.6]
	at org.apache.ibatis.binding.MapperProxy.invoke(MapperProxy.java:59) ~[mybatis-3.4.6.jar:3.4.6]
	at com.sun.proxy.$Proxy77.findByNameAndPass(Unknown Source) ~[na:na]
	at sun.reflect.NativeMethodAccessorImpl.invoke0(Native Method) ~[na:1.8.0_451]
	at sun.reflect.NativeMethodAccessorImpl.invoke(NativeMethodAccessorImpl.java:62) ~[na:1.8.0_451]
	at sun.reflect.DelegatingMethodAccessorImpl.invoke(DelegatingMethodAccessorImpl.java:43) ~[na:1.8.0_451]
	at java.lang.reflect.Method.invoke(Method.java:498) ~[na:1.8.0_451]
	at org.springframework.aop.support.AopUtils.invokeJoinpointUsingReflection(AopUtils.java:343) ~[spring-aop-5.1.2.RELEASE.jar:5.1.2.RELEASE]
	at org.springframework.aop.framework.ReflectiveMethodInvocation.invokeJoinpoint(ReflectiveMethodInvocation.java:198) ~[spring-aop-5.1.2.RELEASE.jar:5.1.2.RELEASE]
	at org.springframework.aop.framework.ReflectiveMethodInvocation.proceed(ReflectiveMethodInvocation.java:163) ~[spring-aop-5.1.2.RELEASE.jar:5.1.2.RELEASE]
	at org.springframework.dao.support.PersistenceExceptionTranslationInterceptor.invoke(PersistenceExceptionTranslationInterceptor.java:139) ~[spring-tx-5.1.2.RELEASE.jar:5.1.2.RELEASE]
	at org.springframework.aop.framework.ReflectiveMethodInvocation.proceed(ReflectiveMethodInvocation.java:186) ~[spring-aop-5.1.2.RELEASE.jar:5.1.2.RELEASE]
	at org.springframework.aop.framework.JdkDynamicAopProxy.invoke(JdkDynamicAopProxy.java:212) ~[spring-aop-5.1.2.RELEASE.jar:5.1.2.RELEASE]
	at com.sun.proxy.$Proxy79.findByNameAndPass(Unknown Source) ~[na:na]
	at com.example.service.AdminInfoService.login(AdminInfoService.java:26) ~[classes/:na]
	at com.example.controller.AccountController.login(AccountController.java:78) ~[classes/:na]
	at sun.reflect.NativeMethodAccessorImpl.invoke0(Native Method) ~[na:1.8.0_451]
	at sun.reflect.NativeMethodAccessorImpl.invoke(NativeMethodAccessorImpl.java:62) ~[na:1.8.0_451]
	at sun.reflect.DelegatingMethodAccessorImpl.invoke(DelegatingMethodAccessorImpl.java:43) ~[na:1.8.0_451]
	at java.lang.reflect.Method.invoke(Method.java:498) ~[na:1.8.0_451]
	at org.springframework.web.method.support.InvocableHandlerMethod.doInvoke(InvocableHandlerMethod.java:215) ~[spring-web-5.1.2.RELEASE.jar:5.1.2.RELEASE]
	at org.springframework.web.method.support.InvocableHandlerMethod.invokeForRequest(InvocableHandlerMethod.java:142) ~[spring-web-5.1.2.RELEASE.jar:5.1.2.RELEASE]
	at org.springframework.web.servlet.mvc.method.annotation.ServletInvocableHandlerMethod.invokeAndHandle(ServletInvocableHandlerMethod.java:102) ~[spring-webmvc-5.1.2.RELEASE.jar:5.1.2.RELEASE]
	at org.springframework.web.servlet.mvc.method.annotation.RequestMappingHandlerAdapter.invokeHandlerMethod(RequestMappingHandlerAdapter.java:895) ~[spring-webmvc-5.1.2.RELEASE.jar:5.1.2.RELEASE]
	at org.springframework.web.servlet.mvc.method.annotation.RequestMappingHandlerAdapter.handleInternal(RequestMappingHandlerAdapter.java:800) ~[spring-webmvc-5.1.2.RELEASE.jar:5.1.2.RELEASE]
	at org.springframework.web.servlet.mvc.method.AbstractHandlerMethodAdapter.handle(AbstractHandlerMethodAdapter.java:87) ~[spring-webmvc-5.1.2.RELEASE.jar:5.1.2.RELEASE]
	at org.springframework.web.servlet.DispatcherServlet.doDispatch(DispatcherServlet.java:1038) ~[spring-webmvc-5.1.2.RELEASE.jar:5.1.2.RELEASE]
	at org.springframework.web.servlet.DispatcherServlet.doService(DispatcherServlet.java:942) ~[spring-webmvc-5.1.2.RELEASE.jar:5.1.2.RELEASE]
	at org.springframework.web.servlet.FrameworkServlet.processRequest(FrameworkServlet.java:998) [spring-webmvc-5.1.2.RELEASE.jar:5.1.2.RELEASE]
	at org.springframework.web.servlet.FrameworkServlet.doPost(FrameworkServlet.java:901) [spring-webmvc-5.1.2.RELEASE.jar:5.1.2.RELEASE]
	at javax.servlet.http.HttpServlet.service(HttpServlet.java:660) [tomcat-embed-core-9.0.12.jar:9.0.12]
	at org.springframework.web.servlet.FrameworkServlet.service(FrameworkServlet.java:875) [spring-webmvc-5.1.2.RELEASE.jar:5.1.2.RELEASE]
	at javax.servlet.http.HttpServlet.service(HttpServlet.java:741) [tomcat-embed-core-9.0.12.jar:9.0.12]
	at org.apache.catalina.core.ApplicationFilterChain.internalDoFilter(ApplicationFilterChain.java:231) [tomcat-embed-core-9.0.12.jar:9.0.12]
	at org.apache.catalina.core.ApplicationFilterChain.doFilter(ApplicationFilterChain.java:166) [tomcat-embed-core-9.0.12.jar:9.0.12]
	at org.apache.tomcat.websocket.server.WsFilter.doFilter(WsFilter.java:53) [tomcat-embed-websocket-9.0.12.jar:9.0.12]
	at org.apache.catalina.core.ApplicationFilterChain.internalDoFilter(ApplicationFilterChain.java:193) [tomcat-embed-core-9.0.12.jar:9.0.12]
	at org.apache.catalina.core.ApplicationFilterChain.doFilter(ApplicationFilterChain.java:166) [tomcat-embed-core-9.0.12.jar:9.0.12]
	at org.springframework.web.filter.RequestContextFilter.doFilterInternal(RequestContextFilter.java:99) [spring-web-5.1.2.RELEASE.jar:5.1.2.RELEASE]
	at org.springframework.web.filter.OncePerRequestFilter.doFilter(OncePerRequestFilter.java:107) [spring-web-5.1.2.RELEASE.jar:5.1.2.RELEASE]
	at org.apache.catalina.core.ApplicationFilterChain.internalDoFilter(ApplicationFilterChain.java:193) [tomcat-embed-core-9.0.12.jar:9.0.12]
	at org.apache.catalina.core.ApplicationFilterChain.doFilter(ApplicationFilterChain.java:166) [tomcat-embed-core-9.0.12.jar:9.0.12]
	at org.springframework.web.filter.FormContentFilter.doFilterInternal(FormContentFilter.java:92) [spring-web-5.1.2.RELEASE.jar:5.1.2.RELEASE]
	at org.springframework.web.filter.OncePerRequestFilter.doFilter(OncePerRequestFilter.java:107) [spring-web-5.1.2.RELEASE.jar:5.1.2.RELEASE]
	at org.apache.catalina.core.ApplicationFilterChain.internalDoFilter(ApplicationFilterChain.java:193) [tomcat-embed-core-9.0.12.jar:9.0.12]
	at org.apache.catalina.core.ApplicationFilterChain.doFilter(ApplicationFilterChain.java:166) [tomcat-embed-core-9.0.12.jar:9.0.12]
	at org.springframework.web.filter.HiddenHttpMethodFilter.doFilterInternal(HiddenHttpMethodFilter.java:93) [spring-web-5.1.2.RELEASE.jar:5.1.2.RELEASE]
	at org.springframework.web.filter.OncePerRequestFilter.doFilter(OncePerRequestFilter.java:107) [spring-web-5.1.2.RELEASE.jar:5.1.2.RELEASE]
	at org.apache.catalina.core.ApplicationFilterChain.internalDoFilter(ApplicationFilterChain.java:193) [tomcat-embed-core-9.0.12.jar:9.0.12]
	at org.apache.catalina.core.ApplicationFilterChain.doFilter(ApplicationFilterChain.java:166) [tomcat-embed-core-9.0.12.jar:9.0.12]
	at org.springframework.web.filter.CharacterEncodingFilter.doFilterInternal(CharacterEncodingFilter.java:200) [spring-web-5.1.2.RELEASE.jar:5.1.2.RELEASE]
	at org.springframework.web.filter.OncePerRequestFilter.doFilter(OncePerRequestFilter.java:107) [spring-web-5.1.2.RELEASE.jar:5.1.2.RELEASE]
	at org.apache.catalina.core.ApplicationFilterChain.internalDoFilter(ApplicationFilterChain.java:193) [tomcat-embed-core-9.0.12.jar:9.0.12]
	at org.apache.catalina.core.ApplicationFilterChain.doFilter(ApplicationFilterChain.java:166) [tomcat-embed-core-9.0.12.jar:9.0.12]
	at org.apache.catalina.core.StandardWrapperValve.invoke(StandardWrapperValve.java:199) [tomcat-embed-core-9.0.12.jar:9.0.12]
	at org.apache.catalina.core.StandardContextValve.invoke(StandardContextValve.java:96) [tomcat-embed-core-9.0.12.jar:9.0.12]
	at org.apache.catalina.authenticator.AuthenticatorBase.invoke(AuthenticatorBase.java:490) [tomcat-embed-core-9.0.12.jar:9.0.12]
	at org.apache.catalina.core.StandardHostValve.invoke(StandardHostValve.java:139) [tomcat-embed-core-9.0.12.jar:9.0.12]
	at org.apache.catalina.valves.ErrorReportValve.invoke(ErrorReportValve.java:92) [tomcat-embed-core-9.0.12.jar:9.0.12]
	at org.apache.catalina.core.StandardEngineValve.invoke(StandardEngineValve.java:74) [tomcat-embed-core-9.0.12.jar:9.0.12]
	at org.apache.catalina.connector.CoyoteAdapter.service(CoyoteAdapter.java:343) [tomcat-embed-core-9.0.12.jar:9.0.12]
	at org.apache.coyote.http11.Http11Processor.service(Http11Processor.java:408) [tomcat-embed-core-9.0.12.jar:9.0.12]
	at org.apache.coyote.AbstractProcessorLight.process(AbstractProcessorLight.java:66) [tomcat-embed-core-9.0.12.jar:9.0.12]
	at org.apache.coyote.AbstractProtocol$ConnectionHandler.process(AbstractProtocol.java:770) [tomcat-embed-core-9.0.12.jar:9.0.12]
	at org.apache.tomcat.util.net.NioEndpoint$SocketProcessor.doRun(NioEndpoint.java:1415) [tomcat-embed-core-9.0.12.jar:9.0.12]
	at org.apache.tomcat.util.net.SocketProcessorBase.run(SocketProcessorBase.java:49) [tomcat-embed-core-9.0.12.jar:9.0.12]
	at java.util.concurrent.ThreadPoolExecutor.runWorker(ThreadPoolExecutor.java:1149) [na:1.8.0_451]
	at java.util.concurrent.ThreadPoolExecutor$Worker.run(ThreadPoolExecutor.java:624) [na:1.8.0_451]
	at org.apache.tomcat.util.threads.TaskThread$WrappingRunnable.run(TaskThread.java:61) [tomcat-embed-core-9.0.12.jar:9.0.12]
	at java.lang.Thread.run(Thread.java:750) [na:1.8.0_451]
Caused by: org.apache.ibatis.exceptions.PersistenceException: 
### Error querying database.  Cause: org.springframework.jdbc.CannotGetJdbcConnectionException: Failed to obtain JDBC Connection; nested exception is com.mysql.cj.jdbc.exceptions.CommunicationsException: Communications link failure

The last packet sent successfully to the server was 0 milliseconds ago. The driver has not received any packets from the server.
### The error may exist in com/example/dao/AdminInfoDao.java (best guess)
### The error may involve com.example.dao.AdminInfoDao.findByNameAndPass
### The error occurred while executing a query
### Cause: org.springframework.jdbc.CannotGetJdbcConnectionException: Failed to obtain JDBC Connection; nested exception is com.mysql.cj.jdbc.exceptions.CommunicationsException: Communications link failure

The last packet sent successfully to the server was 0 milliseconds ago. The driver has not received any packets from the server.
	at org.apache.ibatis.exceptions.ExceptionFactory.wrapException(ExceptionFactory.java:30) ~[mybatis-3.4.6.jar:3.4.6]
	at org.apache.ibatis.session.defaults.DefaultSqlSession.selectList(DefaultSqlSession.java:150) ~[mybatis-3.4.6.jar:3.4.6]
	at org.apache.ibatis.session.defaults.DefaultSqlSession.selectList(DefaultSqlSession.java:141) ~[mybatis-3.4.6.jar:3.4.6]
	at org.apache.ibatis.session.defaults.DefaultSqlSession.selectOne(DefaultSqlSession.java:77) ~[mybatis-3.4.6.jar:3.4.6]
	at sun.reflect.NativeMethodAccessorImpl.invoke0(Native Method) ~[na:1.8.0_451]
	at sun.reflect.NativeMethodAccessorImpl.invoke(NativeMethodAccessorImpl.java:62) ~[na:1.8.0_451]
	at sun.reflect.DelegatingMethodAccessorImpl.invoke(DelegatingMethodAccessorImpl.java:43) ~[na:1.8.0_451]
	at java.lang.reflect.Method.invoke(Method.java:498) ~[na:1.8.0_451]
	at org.mybatis.spring.SqlSessionTemplate$SqlSessionInterceptor.invoke(SqlSessionTemplate.java:433) ~[mybatis-spring-1.3.2.jar:1.3.2]
	... 72 common frames omitted
Caused by: org.springframework.jdbc.CannotGetJdbcConnectionException: Failed to obtain JDBC Connection; nested exception is com.mysql.cj.jdbc.exceptions.CommunicationsException: Communications link failure

The last packet sent successfully to the server was 0 milliseconds ago. The driver has not received any packets from the server.
	at org.springframework.jdbc.datasource.DataSourceUtils.getConnection(DataSourceUtils.java:81) ~[spring-jdbc-5.1.2.RELEASE.jar:5.1.2.RELEASE]
	at org.mybatis.spring.transaction.SpringManagedTransaction.openConnection(SpringManagedTransaction.java:82) ~[mybatis-spring-1.3.2.jar:1.3.2]
	at org.mybatis.spring.transaction.SpringManagedTransaction.getConnection(SpringManagedTransaction.java:68) ~[mybatis-spring-1.3.2.jar:1.3.2]
	at org.apache.ibatis.executor.BaseExecutor.getConnection(BaseExecutor.java:338) ~[mybatis-3.4.6.jar:3.4.6]
	at org.apache.ibatis.executor.SimpleExecutor.prepareStatement(SimpleExecutor.java:84) ~[mybatis-3.4.6.jar:3.4.6]
	at org.apache.ibatis.executor.SimpleExecutor.doQuery(SimpleExecutor.java:62) ~[mybatis-3.4.6.jar:3.4.6]
	at org.apache.ibatis.executor.BaseExecutor.queryFromDatabase(BaseExecutor.java:326) ~[mybatis-3.4.6.jar:3.4.6]
	at org.apache.ibatis.executor.BaseExecutor.query(BaseExecutor.java:156) ~[mybatis-3.4.6.jar:3.4.6]
	at org.apache.ibatis.executor.CachingExecutor.query(CachingExecutor.java:109) ~[mybatis-3.4.6.jar:3.4.6]
	at com.github.pagehelper.PageInterceptor.intercept(PageInterceptor.java:108) ~[pagehelper-5.1.8.jar:na]
	at org.apache.ibatis.plugin.Plugin.invoke(Plugin.java:61) ~[mybatis-3.4.6.jar:3.4.6]
	at com.sun.proxy.$Proxy109.query(Unknown Source) ~[na:na]
	at org.apache.ibatis.session.defaults.DefaultSqlSession.selectList(DefaultSqlSession.java:148) ~[mybatis-3.4.6.jar:3.4.6]
	... 79 common frames omitted
Caused by: com.mysql.cj.jdbc.exceptions.CommunicationsException: Communications link failure

The last packet sent successfully to the server was 0 milliseconds ago. The driver has not received any packets from the server.
	at com.mysql.cj.jdbc.exceptions.SQLError.createCommunicationsException(SQLError.java:174) ~[mysql-connector-java-8.0.13.jar:8.0.13]
	at com.mysql.cj.jdbc.exceptions.SQLExceptionsMapping.translateException(SQLExceptionsMapping.java:64) ~[mysql-connector-java-8.0.13.jar:8.0.13]
	at com.mysql.cj.jdbc.ConnectionImpl.createNewIO(ConnectionImpl.java:835) ~[mysql-connector-java-8.0.13.jar:8.0.13]
	at com.mysql.cj.jdbc.ConnectionImpl.<init>(ConnectionImpl.java:455) ~[mysql-connector-java-8.0.13.jar:8.0.13]
	at com.mysql.cj.jdbc.ConnectionImpl.getInstance(ConnectionImpl.java:240) ~[mysql-connector-java-8.0.13.jar:8.0.13]
	at com.mysql.cj.jdbc.NonRegisteringDriver.connect(NonRegisteringDriver.java:207) ~[mysql-connector-java-8.0.13.jar:8.0.13]
	at com.zaxxer.hikari.util.DriverDataSource.getConnection(DriverDataSource.java:136) ~[HikariCP-3.2.0.jar:na]
	at com.zaxxer.hikari.pool.PoolBase.newConnection(PoolBase.java:369) ~[HikariCP-3.2.0.jar:na]
	at com.zaxxer.hikari.pool.PoolBase.newPoolEntry(PoolBase.java:198) ~[HikariCP-3.2.0.jar:na]
	at com.zaxxer.hikari.pool.HikariPool.createPoolEntry(HikariPool.java:467) ~[HikariCP-3.2.0.jar:na]
	at com.zaxxer.hikari.pool.HikariPool.checkFailFast(HikariPool.java:541) ~[HikariCP-3.2.0.jar:na]
	at com.zaxxer.hikari.pool.HikariPool.<init>(HikariPool.java:115) ~[HikariCP-3.2.0.jar:na]
	at com.zaxxer.hikari.HikariDataSource.getConnection(HikariDataSource.java:112) ~[HikariCP-3.2.0.jar:na]
	at org.springframework.jdbc.datasource.DataSourceUtils.fetchConnection(DataSourceUtils.java:151) ~[spring-jdbc-5.1.2.RELEASE.jar:5.1.2.RELEASE]
	at org.springframework.jdbc.datasource.DataSourceUtils.doGetConnection(DataSourceUtils.java:115) ~[spring-jdbc-5.1.2.RELEASE.jar:5.1.2.RELEASE]
	at org.springframework.jdbc.datasource.DataSourceUtils.getConnection(DataSourceUtils.java:78) ~[spring-jdbc-5.1.2.RELEASE.jar:5.1.2.RELEASE]
	... 91 common frames omitted
Caused by: com.mysql.cj.exceptions.CJCommunicationsException: Communications link failure

The last packet sent successfully to the server was 0 milliseconds ago. The driver has not received any packets from the server.
	at sun.reflect.NativeConstructorAccessorImpl.newInstance0(Native Method) ~[na:1.8.0_451]
	at sun.reflect.NativeConstructorAccessorImpl.newInstance(NativeConstructorAccessorImpl.java:62) ~[na:1.8.0_451]
	at sun.reflect.DelegatingConstructorAccessorImpl.newInstance(DelegatingConstructorAccessorImpl.java:45) ~[na:1.8.0_451]
	at java.lang.reflect.Constructor.newInstance(Constructor.java:423) ~[na:1.8.0_451]
	at com.mysql.cj.exceptions.ExceptionFactory.createException(ExceptionFactory.java:61) ~[mysql-connector-java-8.0.13.jar:8.0.13]
	at com.mysql.cj.exceptions.ExceptionFactory.createException(ExceptionFactory.java:105) ~[mysql-connector-java-8.0.13.jar:8.0.13]
	at com.mysql.cj.exceptions.ExceptionFactory.createException(ExceptionFactory.java:151) ~[mysql-connector-java-8.0.13.jar:8.0.13]
	at com.mysql.cj.exceptions.ExceptionFactory.createCommunicationsException(ExceptionFactory.java:167) ~[mysql-connector-java-8.0.13.jar:8.0.13]
	at com.mysql.cj.protocol.a.NativeSocketConnection.connect(NativeSocketConnection.java:91) ~[mysql-connector-java-8.0.13.jar:8.0.13]
	at com.mysql.cj.NativeSession.connect(NativeSession.java:152) ~[mysql-connector-java-8.0.13.jar:8.0.13]
	at com.mysql.cj.jdbc.ConnectionImpl.connectOneTryOnly(ConnectionImpl.java:955) ~[mysql-connector-java-8.0.13.jar:8.0.13]
	at com.mysql.cj.jdbc.ConnectionImpl.createNewIO(ConnectionImpl.java:825) ~[mysql-connector-java-8.0.13.jar:8.0.13]
	... 104 common frames omitted
Caused by: java.net.ConnectException: Connection refused: connect
	at java.net.DualStackPlainSocketImpl.waitForConnect(Native Method) ~[na:1.8.0_451]
	at java.net.DualStackPlainSocketImpl.socketConnect(DualStackPlainSocketImpl.java:81) ~[na:1.8.0_451]
	at java.net.AbstractPlainSocketImpl.doConnect(AbstractPlainSocketImpl.java:476) ~[na:1.8.0_451]
	at java.net.AbstractPlainSocketImpl.connectToAddress(AbstractPlainSocketImpl.java:218) ~[na:1.8.0_451]
	at java.net.AbstractPlainSocketImpl.connect(AbstractPlainSocketImpl.java:200) ~[na:1.8.0_451]
	at java.net.PlainSocketImpl.connect(PlainSocketImpl.java:162) ~[na:1.8.0_451]
	at java.net.SocksSocketImpl.connect(SocksSocketImpl.java:394) ~[na:1.8.0_451]
	at java.net.Socket.connect(Socket.java:606) ~[na:1.8.0_451]
	at com.mysql.cj.protocol.StandardSocketFactory.connect(StandardSocketFactory.java:155) ~[mysql-connector-java-8.0.13.jar:8.0.13]
	at com.mysql.cj.protocol.a.NativeSocketConnection.connect(NativeSocketConnection.java:65) ~[mysql-connector-java-8.0.13.jar:8.0.13]
	... 107 common frames omitted

2026-04-23 15:03:26.847  INFO 11860 --- [http-nio-8888-exec-7] com.zaxxer.hikari.HikariDataSource       : HikariPool-1 - Starting...
2026-04-23 15:03:31.968 ERROR 11860 --- [http-nio-8888-exec-7] com.zaxxer.hikari.pool.HikariPool        : HikariPool-1 - Exception during pool initialization.

com.mysql.cj.jdbc.exceptions.CommunicationsException: Communications link failure

The last packet sent successfully to the server was 0 milliseconds ago. The driver has not received any packets from the server.
	at com.mysql.cj.jdbc.exceptions.SQLError.createCommunicationsException(SQLError.java:174) ~[mysql-connector-java-8.0.13.jar:8.0.13]
	at com.mysql.cj.jdbc.exceptions.SQLExceptionsMapping.translateException(SQLExceptionsMapping.java:64) ~[mysql-connector-java-8.0.13.jar:8.0.13]
	at com.mysql.cj.jdbc.ConnectionImpl.createNewIO(ConnectionImpl.java:835) ~[mysql-connector-java-8.0.13.jar:8.0.13]
	at com.mysql.cj.jdbc.ConnectionImpl.<init>(ConnectionImpl.java:455) ~[mysql-connector-java-8.0.13.jar:8.0.13]
	at com.mysql.cj.jdbc.ConnectionImpl.getInstance(ConnectionImpl.java:240) ~[mysql-connector-java-8.0.13.jar:8.0.13]
	at com.mysql.cj.jdbc.NonRegisteringDriver.connect(NonRegisteringDriver.java:207) ~[mysql-connector-java-8.0.13.jar:8.0.13]
	at com.zaxxer.hikari.util.DriverDataSource.getConnection(DriverDataSource.java:136) ~[HikariCP-3.2.0.jar:na]
	at com.zaxxer.hikari.pool.PoolBase.newConnection(PoolBase.java:369) ~[HikariCP-3.2.0.jar:na]
	at com.zaxxer.hikari.pool.PoolBase.newPoolEntry(PoolBase.java:198) ~[HikariCP-3.2.0.jar:na]
	at com.zaxxer.hikari.pool.HikariPool.createPoolEntry(HikariPool.java:467) [HikariCP-3.2.0.jar:na]
	at com.zaxxer.hikari.pool.HikariPool.checkFailFast(HikariPool.java:541) [HikariCP-3.2.0.jar:na]
	at com.zaxxer.hikari.pool.HikariPool.<init>(HikariPool.java:115) [HikariCP-3.2.0.jar:na]
	at com.zaxxer.hikari.HikariDataSource.getConnection(HikariDataSource.java:112) [HikariCP-3.2.0.jar:na]
	at org.springframework.jdbc.datasource.DataSourceUtils.fetchConnection(DataSourceUtils.java:151) [spring-jdbc-5.1.2.RELEASE.jar:5.1.2.RELEASE]
	at org.springframework.jdbc.datasource.DataSourceUtils.doGetConnection(DataSourceUtils.java:115) [spring-jdbc-5.1.2.RELEASE.jar:5.1.2.RELEASE]
	at org.springframework.jdbc.datasource.DataSourceUtils.getConnection(DataSourceUtils.java:78) [spring-jdbc-5.1.2.RELEASE.jar:5.1.2.RELEASE]
	at org.mybatis.spring.transaction.SpringManagedTransaction.openConnection(SpringManagedTransaction.java:82) [mybatis-spring-1.3.2.jar:1.3.2]
	at org.mybatis.spring.transaction.SpringManagedTransaction.getConnection(SpringManagedTransaction.java:68) [mybatis-spring-1.3.2.jar:1.3.2]
	at org.apache.ibatis.executor.BaseExecutor.getConnection(BaseExecutor.java:338) [mybatis-3.4.6.jar:3.4.6]
	at org.apache.ibatis.executor.SimpleExecutor.prepareStatement(SimpleExecutor.java:84) [mybatis-3.4.6.jar:3.4.6]
	at org.apache.ibatis.executor.SimpleExecutor.doQuery(SimpleExecutor.java:62) [mybatis-3.4.6.jar:3.4.6]
	at org.apache.ibatis.executor.BaseExecutor.queryFromDatabase(BaseExecutor.java:326) [mybatis-3.4.6.jar:3.4.6]
	at org.apache.ibatis.executor.BaseExecutor.query(BaseExecutor.java:156) [mybatis-3.4.6.jar:3.4.6]
	at org.apache.ibatis.executor.CachingExecutor.query(CachingExecutor.java:109) [mybatis-3.4.6.jar:3.4.6]
	at com.github.pagehelper.PageInterceptor.intercept(PageInterceptor.java:108) [pagehelper-5.1.8.jar:na]
	at org.apache.ibatis.plugin.Plugin.invoke(Plugin.java:61) [mybatis-3.4.6.jar:3.4.6]
	at com.sun.proxy.$Proxy109.query(Unknown Source) [na:na]
	at org.apache.ibatis.session.defaults.DefaultSqlSession.selectList(DefaultSqlSession.java:148) [mybatis-3.4.6.jar:3.4.6]
	at org.apache.ibatis.session.defaults.DefaultSqlSession.selectList(DefaultSqlSession.java:141) [mybatis-3.4.6.jar:3.4.6]
	at org.apache.ibatis.session.defaults.DefaultSqlSession.selectOne(DefaultSqlSession.java:77) [mybatis-3.4.6.jar:3.4.6]
	at sun.reflect.NativeMethodAccessorImpl.invoke0(Native Method) ~[na:1.8.0_451]
	at sun.reflect.NativeMethodAccessorImpl.invoke(NativeMethodAccessorImpl.java:62) ~[na:1.8.0_451]
	at sun.reflect.DelegatingMethodAccessorImpl.invoke(DelegatingMethodAccessorImpl.java:43) ~[na:1.8.0_451]
	at java.lang.reflect.Method.invoke(Method.java:498) ~[na:1.8.0_451]
	at org.mybatis.spring.SqlSessionTemplate$SqlSessionInterceptor.invoke(SqlSessionTemplate.java:433) [mybatis-spring-1.3.2.jar:1.3.2]
	at com.sun.proxy.$Proxy71.selectOne(Unknown Source) [na:na]
	at org.mybatis.spring.SqlSessionTemplate.selectOne(SqlSessionTemplate.java:166) [mybatis-spring-1.3.2.jar:1.3.2]
	at org.apache.ibatis.binding.MapperMethod.execute(MapperMethod.java:83) [mybatis-3.4.6.jar:3.4.6]
	at org.apache.ibatis.binding.MapperProxy.invoke(MapperProxy.java:59) [mybatis-3.4.6.jar:3.4.6]
	at com.sun.proxy.$Proxy77.findByNameAndPass(Unknown Source) [na:na]
	at sun.reflect.NativeMethodAccessorImpl.invoke0(Native Method) ~[na:1.8.0_451]
	at sun.reflect.NativeMethodAccessorImpl.invoke(NativeMethodAccessorImpl.java:62) ~[na:1.8.0_451]
	at sun.reflect.DelegatingMethodAccessorImpl.invoke(DelegatingMethodAccessorImpl.java:43) ~[na:1.8.0_451]
	at java.lang.reflect.Method.invoke(Method.java:498) ~[na:1.8.0_451]
	at org.springframework.aop.support.AopUtils.invokeJoinpointUsingReflection(AopUtils.java:343) [spring-aop-5.1.2.RELEASE.jar:5.1.2.RELEASE]
	at org.springframework.aop.framework.ReflectiveMethodInvocation.invokeJoinpoint(ReflectiveMethodInvocation.java:198) [spring-aop-5.1.2.RELEASE.jar:5.1.2.RELEASE]
	at org.springframework.aop.framework.ReflectiveMethodInvocation.proceed(ReflectiveMethodInvocation.java:163) [spring-aop-5.1.2.RELEASE.jar:5.1.2.RELEASE]
	at org.springframework.dao.support.PersistenceExceptionTranslationInterceptor.invoke(PersistenceExceptionTranslationInterceptor.java:139) [spring-tx-5.1.2.RELEASE.jar:5.1.2.RELEASE]
	at org.springframework.aop.framework.ReflectiveMethodInvocation.proceed(ReflectiveMethodInvocation.java:186) [spring-aop-5.1.2.RELEASE.jar:5.1.2.RELEASE]
	at org.springframework.aop.framework.JdkDynamicAopProxy.invoke(JdkDynamicAopProxy.java:212) [spring-aop-5.1.2.RELEASE.jar:5.1.2.RELEASE]
	at com.sun.proxy.$Proxy79.findByNameAndPass(Unknown Source) [na:na]
	at com.example.service.AdminInfoService.login(AdminInfoService.java:26) [classes/:na]
	at com.example.controller.AccountController.login(AccountController.java:78) [classes/:na]
	at sun.reflect.NativeMethodAccessorImpl.invoke0(Native Method) ~[na:1.8.0_451]
	at sun.reflect.NativeMethodAccessorImpl.invoke(NativeMethodAccessorImpl.java:62) ~[na:1.8.0_451]
	at sun.reflect.DelegatingMethodAccessorImpl.invoke(DelegatingMethodAccessorImpl.java:43) ~[na:1.8.0_451]
	at java.lang.reflect.Method.invoke(Method.java:498) ~[na:1.8.0_451]
	at org.springframework.web.method.support.InvocableHandlerMethod.doInvoke(InvocableHandlerMethod.java:215) [spring-web-5.1.2.RELEASE.jar:5.1.2.RELEASE]
	at org.springframework.web.method.support.InvocableHandlerMethod.invokeForRequest(InvocableHandlerMethod.java:142) [spring-web-5.1.2.RELEASE.jar:5.1.2.RELEASE]
	at org.springframework.web.servlet.mvc.method.annotation.ServletInvocableHandlerMethod.invokeAndHandle(ServletInvocableHandlerMethod.java:102) [spring-webmvc-5.1.2.RELEASE.jar:5.1.2.RELEASE]
	at org.springframework.web.servlet.mvc.method.annotation.RequestMappingHandlerAdapter.invokeHandlerMethod(RequestMappingHandlerAdapter.java:895) [spring-webmvc-5.1.2.RELEASE.jar:5.1.2.RELEASE]
	at org.springframework.web.servlet.mvc.method.annotation.RequestMappingHandlerAdapter.handleInternal(RequestMappingHandlerAdapter.java:800) [spring-webmvc-5.1.2.RELEASE.jar:5.1.2.RELEASE]
	at org.springframework.web.servlet.mvc.method.AbstractHandlerMethodAdapter.handle(AbstractHandlerMethodAdapter.java:87) [spring-webmvc-5.1.2.RELEASE.jar:5.1.2.RELEASE]
	at org.springframework.web.servlet.DispatcherServlet.doDispatch(DispatcherServlet.java:1038) [spring-webmvc-5.1.2.RELEASE.jar:5.1.2.RELEASE]
	at org.springframework.web.servlet.DispatcherServlet.doService(DispatcherServlet.java:942) [spring-webmvc-5.1.2.RELEASE.jar:5.1.2.RELEASE]
	at org.springframework.web.servlet.FrameworkServlet.processRequest(FrameworkServlet.java:998) [spring-webmvc-5.1.2.RELEASE.jar:5.1.2.RELEASE]
	at org.springframework.web.servlet.FrameworkServlet.doPost(FrameworkServlet.java:901) [spring-webmvc-5.1.2.RELEASE.jar:5.1.2.RELEASE]
	at javax.servlet.http.HttpServlet.service(HttpServlet.java:660) [tomcat-embed-core-9.0.12.jar:9.0.12]
	at org.springframework.web.servlet.FrameworkServlet.service(FrameworkServlet.java:875) [spring-webmvc-5.1.2.RELEASE.jar:5.1.2.RELEASE]
	at javax.servlet.http.HttpServlet.service(HttpServlet.java:741) [tomcat-embed-core-9.0.12.jar:9.0.12]
	at org.apache.catalina.core.ApplicationFilterChain.internalDoFilter(ApplicationFilterChain.java:231) [tomcat-embed-core-9.0.12.jar:9.0.12]
	at org.apache.catalina.core.ApplicationFilterChain.doFilter(ApplicationFilterChain.java:166) [tomcat-embed-core-9.0.12.jar:9.0.12]
	at org.apache.tomcat.websocket.server.WsFilter.doFilter(WsFilter.java:53) [tomcat-embed-websocket-9.0.12.jar:9.0.12]
	at org.apache.catalina.core.ApplicationFilterChain.internalDoFilter(ApplicationFilterChain.java:193) [tomcat-embed-core-9.0.12.jar:9.0.12]
	at org.apache.catalina.core.ApplicationFilterChain.doFilter(ApplicationFilterChain.java:166) [tomcat-embed-core-9.0.12.jar:9.0.12]
	at org.springframework.web.filter.RequestContextFilter.doFilterInternal(RequestContextFilter.java:99) [spring-web-5.1.2.RELEASE.jar:5.1.2.RELEASE]
	at org.springframework.web.filter.OncePerRequestFilter.doFilter(OncePerRequestFilter.java:107) [spring-web-5.1.2.RELEASE.jar:5.1.2.RELEASE]
	at org.apache.catalina.core.ApplicationFilterChain.internalDoFilter(ApplicationFilterChain.java:193) [tomcat-embed-core-9.0.12.jar:9.0.12]
	at org.apache.catalina.core.ApplicationFilterChain.doFilter(ApplicationFilterChain.java:166) [tomcat-embed-core-9.0.12.jar:9.0.12]
	at org.springframework.web.filter.FormContentFilter.doFilterInternal(FormContentFilter.java:92) [spring-web-5.1.2.RELEASE.jar:5.1.2.RELEASE]
	at org.springframework.web.filter.OncePerRequestFilter.doFilter(OncePerRequestFilter.java:107) [spring-web-5.1.2.RELEASE.jar:5.1.2.RELEASE]
	at org.apache.catalina.core.ApplicationFilterChain.internalDoFilter(ApplicationFilterChain.java:193) [tomcat-embed-core-9.0.12.jar:9.0.12]
	at org.apache.catalina.core.ApplicationFilterChain.doFilter(ApplicationFilterChain.java:166) [tomcat-embed-core-9.0.12.jar:9.0.12]
	at org.springframework.web.filter.HiddenHttpMethodFilter.doFilterInternal(HiddenHttpMethodFilter.java:93) [spring-web-5.1.2.RELEASE.jar:5.1.2.RELEASE]
	at org.springframework.web.filter.OncePerRequestFilter.doFilter(OncePerRequestFilter.java:107) [spring-web-5.1.2.RELEASE.jar:5.1.2.RELEASE]
	at org.apache.catalina.core.ApplicationFilterChain.internalDoFilter(ApplicationFilterChain.java:193) [tomcat-embed-core-9.0.12.jar:9.0.12]
	at org.apache.catalina.core.ApplicationFilterChain.doFilter(ApplicationFilterChain.java:166) [tomcat-embed-core-9.0.12.jar:9.0.12]
	at org.springframework.web.filter.CharacterEncodingFilter.doFilterInternal(CharacterEncodingFilter.java:200) [spring-web-5.1.2.RELEASE.jar:5.1.2.RELEASE]
	at org.springframework.web.filter.OncePerRequestFilter.doFilter(OncePerRequestFilter.java:107) [spring-web-5.1.2.RELEASE.jar:5.1.2.RELEASE]
	at org.apache.catalina.core.ApplicationFilterChain.internalDoFilter(ApplicationFilterChain.java:193) [tomcat-embed-core-9.0.12.jar:9.0.12]
	at org.apache.catalina.core.ApplicationFilterChain.doFilter(ApplicationFilterChain.java:166) [tomcat-embed-core-9.0.12.jar:9.0.12]
	at org.apache.catalina.core.StandardWrapperValve.invoke(StandardWrapperValve.java:199) [tomcat-embed-core-9.0.12.jar:9.0.12]
	at org.apache.catalina.core.StandardContextValve.invoke(StandardContextValve.java:96) [tomcat-embed-core-9.0.12.jar:9.0.12]
	at org.apache.catalina.authenticator.AuthenticatorBase.invoke(AuthenticatorBase.java:490) [tomcat-embed-core-9.0.12.jar:9.0.12]
	at org.apache.catalina.core.StandardHostValve.invoke(StandardHostValve.java:139) [tomcat-embed-core-9.0.12.jar:9.0.12]
	at org.apache.catalina.valves.ErrorReportValve.invoke(ErrorReportValve.java:92) [tomcat-embed-core-9.0.12.jar:9.0.12]
	at org.apache.catalina.core.StandardEngineValve.invoke(StandardEngineValve.java:74) [tomcat-embed-core-9.0.12.jar:9.0.12]
	at org.apache.catalina.connector.CoyoteAdapter.service(CoyoteAdapter.java:343) [tomcat-embed-core-9.0.12.jar:9.0.12]
	at org.apache.coyote.http11.Http11Processor.service(Http11Processor.java:408) [tomcat-embed-core-9.0.12.jar:9.0.12]
	at org.apache.coyote.AbstractProcessorLight.process(AbstractProcessorLight.java:66) [tomcat-embed-core-9.0.12.jar:9.0.12]
	at org.apache.coyote.AbstractProtocol$ConnectionHandler.process(AbstractProtocol.java:770) [tomcat-embed-core-9.0.12.jar:9.0.12]
	at org.apache.tomcat.util.net.NioEndpoint$SocketProcessor.doRun(NioEndpoint.java:1415) [tomcat-embed-core-9.0.12.jar:9.0.12]
	at org.apache.tomcat.util.net.SocketProcessorBase.run(SocketProcessorBase.java:49) [tomcat-embed-core-9.0.12.jar:9.0.12]
	at java.util.concurrent.ThreadPoolExecutor.runWorker(ThreadPoolExecutor.java:1149) [na:1.8.0_451]
	at java.util.concurrent.ThreadPoolExecutor$Worker.run(ThreadPoolExecutor.java:624) [na:1.8.0_451]
	at org.apache.tomcat.util.threads.TaskThread$WrappingRunnable.run(TaskThread.java:61) [tomcat-embed-core-9.0.12.jar:9.0.12]
	at java.lang.Thread.run(Thread.java:750) [na:1.8.0_451]
Caused by: com.mysql.cj.exceptions.CJCommunicationsException: Communications link failure

The last packet sent successfully to the server was 0 milliseconds ago. The driver has not received any packets from the server.
	at sun.reflect.NativeConstructorAccessorImpl.newInstance0(Native Method) ~[na:1.8.0_451]
	at sun.reflect.NativeConstructorAccessorImpl.newInstance(NativeConstructorAccessorImpl.java:62) ~[na:1.8.0_451]
	at sun.reflect.DelegatingConstructorAccessorImpl.newInstance(DelegatingConstructorAccessorImpl.java:45) ~[na:1.8.0_451]
	at java.lang.reflect.Constructor.newInstance(Constructor.java:423) ~[na:1.8.0_451]
	at com.mysql.cj.exceptions.ExceptionFactory.createException(ExceptionFactory.java:61) ~[mysql-connector-java-8.0.13.jar:8.0.13]
	at com.mysql.cj.exceptions.ExceptionFactory.createException(ExceptionFactory.java:105) ~[mysql-connector-java-8.0.13.jar:8.0.13]
	at com.mysql.cj.exceptions.ExceptionFactory.createException(ExceptionFactory.java:151) ~[mysql-connector-java-8.0.13.jar:8.0.13]
	at com.mysql.cj.exceptions.ExceptionFactory.createCommunicationsException(ExceptionFactory.java:167) ~[mysql-connector-java-8.0.13.jar:8.0.13]
	at com.mysql.cj.protocol.a.NativeSocketConnection.connect(NativeSocketConnection.java:91) ~[mysql-connector-java-8.0.13.jar:8.0.13]
	at com.mysql.cj.NativeSession.connect(NativeSession.java:152) ~[mysql-connector-java-8.0.13.jar:8.0.13]
	at com.mysql.cj.jdbc.ConnectionImpl.connectOneTryOnly(ConnectionImpl.java:955) ~[mysql-connector-java-8.0.13.jar:8.0.13]
	at com.mysql.cj.jdbc.ConnectionImpl.createNewIO(ConnectionImpl.java:825) ~[mysql-connector-java-8.0.13.jar:8.0.13]
	... 104 common frames omitted
Caused by: java.net.ConnectException: Connection refused: connect
	at java.net.DualStackPlainSocketImpl.waitForConnect(Native Method) ~[na:1.8.0_451]
	at java.net.DualStackPlainSocketImpl.socketConnect(DualStackPlainSocketImpl.java:81) ~[na:1.8.0_451]
	at java.net.AbstractPlainSocketImpl.doConnect(AbstractPlainSocketImpl.java:476) ~[na:1.8.0_451]
	at java.net.AbstractPlainSocketImpl.connectToAddress(AbstractPlainSocketImpl.java:218) ~[na:1.8.0_451]
	at java.net.AbstractPlainSocketImpl.connect(AbstractPlainSocketImpl.java:200) ~[na:1.8.0_451]
	at java.net.PlainSocketImpl.connect(PlainSocketImpl.java:162) ~[na:1.8.0_451]
	at java.net.SocksSocketImpl.connect(SocksSocketImpl.java:394) ~[na:1.8.0_451]
	at java.net.Socket.connect(Socket.java:606) ~[na:1.8.0_451]
	at com.mysql.cj.protocol.StandardSocketFactory.connect(StandardSocketFactory.java:155) ~[mysql-connector-java-8.0.13.jar:8.0.13]
	at com.mysql.cj.protocol.a.NativeSocketConnection.connect(NativeSocketConnection.java:65) ~[mysql-connector-java-8.0.13.jar:8.0.13]
	... 107 common frames omitted

2026-04-23 15:03:31.972 ERROR 11860 --- [http-nio-8888-exec-7] c.e.exception.GlobalExceptionHandler     : 异常信息：

org.mybatis.spring.MyBatisSystemException: nested exception is org.apache.ibatis.exceptions.PersistenceException: 
### Error querying database.  Cause: org.springframework.jdbc.CannotGetJdbcConnectionException: Failed to obtain JDBC Connection; nested exception is com.mysql.cj.jdbc.exceptions.CommunicationsException: Communications link failure

The last packet sent successfully to the server was 0 milliseconds ago. The driver has not received any packets from the server.
### The error may exist in com/example/dao/AdminInfoDao.java (best guess)
### The error may involve com.example.dao.AdminInfoDao.findByNameAndPass
### The error occurred while executing a query
### Cause: org.springframework.jdbc.CannotGetJdbcConnectionException: Failed to obtain JDBC Connection; nested exception is com.mysql.cj.jdbc.exceptions.CommunicationsException: Communications link failure

The last packet sent successfully to the server was 0 milliseconds ago. The driver has not received any packets from the server.
	at org.mybatis.spring.MyBatisExceptionTranslator.translateExceptionIfPossible(MyBatisExceptionTranslator.java:77) ~[mybatis-spring-1.3.2.jar:1.3.2]
	at org.mybatis.spring.SqlSessionTemplate$SqlSessionInterceptor.invoke(SqlSessionTemplate.java:446) ~[mybatis-spring-1.3.2.jar:1.3.2]
	at com.sun.proxy.$Proxy71.selectOne(Unknown Source) ~[na:na]
	at org.mybatis.spring.SqlSessionTemplate.selectOne(SqlSessionTemplate.java:166) ~[mybatis-spring-1.3.2.jar:1.3.2]
	at org.apache.ibatis.binding.MapperMethod.execute(MapperMethod.java:83) ~[mybatis-3.4.6.jar:3.4.6]
	at org.apache.ibatis.binding.MapperProxy.invoke(MapperProxy.java:59) ~[mybatis-3.4.6.jar:3.4.6]
	at com.sun.proxy.$Proxy77.findByNameAndPass(Unknown Source) ~[na:na]
	at sun.reflect.NativeMethodAccessorImpl.invoke0(Native Method) ~[na:1.8.0_451]
	at sun.reflect.NativeMethodAccessorImpl.invoke(NativeMethodAccessorImpl.java:62) ~[na:1.8.0_451]
	at sun.reflect.DelegatingMethodAccessorImpl.invoke(DelegatingMethodAccessorImpl.java:43) ~[na:1.8.0_451]
	at java.lang.reflect.Method.invoke(Method.java:498) ~[na:1.8.0_451]
	at org.springframework.aop.support.AopUtils.invokeJoinpointUsingReflection(AopUtils.java:343) ~[spring-aop-5.1.2.RELEASE.jar:5.1.2.RELEASE]
	at org.springframework.aop.framework.ReflectiveMethodInvocation.invokeJoinpoint(ReflectiveMethodInvocation.java:198) ~[spring-aop-5.1.2.RELEASE.jar:5.1.2.RELEASE]
	at org.springframework.aop.framework.ReflectiveMethodInvocation.proceed(ReflectiveMethodInvocation.java:163) ~[spring-aop-5.1.2.RELEASE.jar:5.1.2.RELEASE]
	at org.springframework.dao.support.PersistenceExceptionTranslationInterceptor.invoke(PersistenceExceptionTranslationInterceptor.java:139) ~[spring-tx-5.1.2.RELEASE.jar:5.1.2.RELEASE]
	at org.springframework.aop.framework.ReflectiveMethodInvocation.proceed(ReflectiveMethodInvocation.java:186) ~[spring-aop-5.1.2.RELEASE.jar:5.1.2.RELEASE]
	at org.springframework.aop.framework.JdkDynamicAopProxy.invoke(JdkDynamicAopProxy.java:212) ~[spring-aop-5.1.2.RELEASE.jar:5.1.2.RELEASE]
	at com.sun.proxy.$Proxy79.findByNameAndPass(Unknown Source) ~[na:na]
	at com.example.service.AdminInfoService.login(AdminInfoService.java:26) ~[classes/:na]
	at com.example.controller.AccountController.login(AccountController.java:78) ~[classes/:na]
	at sun.reflect.NativeMethodAccessorImpl.invoke0(Native Method) ~[na:1.8.0_451]
	at sun.reflect.NativeMethodAccessorImpl.invoke(NativeMethodAccessorImpl.java:62) ~[na:1.8.0_451]
	at sun.reflect.DelegatingMethodAccessorImpl.invoke(DelegatingMethodAccessorImpl.java:43) ~[na:1.8.0_451]
	at java.lang.reflect.Method.invoke(Method.java:498) ~[na:1.8.0_451]
	at org.springframework.web.method.support.InvocableHandlerMethod.doInvoke(InvocableHandlerMethod.java:215) ~[spring-web-5.1.2.RELEASE.jar:5.1.2.RELEASE]
	at org.springframework.web.method.support.InvocableHandlerMethod.invokeForRequest(InvocableHandlerMethod.java:142) ~[spring-web-5.1.2.RELEASE.jar:5.1.2.RELEASE]
	at org.springframework.web.servlet.mvc.method.annotation.ServletInvocableHandlerMethod.invokeAndHandle(ServletInvocableHandlerMethod.java:102) ~[spring-webmvc-5.1.2.RELEASE.jar:5.1.2.RELEASE]
	at org.springframework.web.servlet.mvc.method.annotation.RequestMappingHandlerAdapter.invokeHandlerMethod(RequestMappingHandlerAdapter.java:895) ~[spring-webmvc-5.1.2.RELEASE.jar:5.1.2.RELEASE]
	at org.springframework.web.servlet.mvc.method.annotation.RequestMappingHandlerAdapter.handleInternal(RequestMappingHandlerAdapter.java:800) ~[spring-webmvc-5.1.2.RELEASE.jar:5.1.2.RELEASE]
	at org.springframework.web.servlet.mvc.method.AbstractHandlerMethodAdapter.handle(AbstractHandlerMethodAdapter.java:87) ~[spring-webmvc-5.1.2.RELEASE.jar:5.1.2.RELEASE]
	at org.springframework.web.servlet.DispatcherServlet.doDispatch(DispatcherServlet.java:1038) ~[spring-webmvc-5.1.2.RELEASE.jar:5.1.2.RELEASE]
	at org.springframework.web.servlet.DispatcherServlet.doService(DispatcherServlet.java:942) ~[spring-webmvc-5.1.2.RELEASE.jar:5.1.2.RELEASE]
	at org.springframework.web.servlet.FrameworkServlet.processRequest(FrameworkServlet.java:998) [spring-webmvc-5.1.2.RELEASE.jar:5.1.2.RELEASE]
	at org.springframework.web.servlet.FrameworkServlet.doPost(FrameworkServlet.java:901) [spring-webmvc-5.1.2.RELEASE.jar:5.1.2.RELEASE]
	at javax.servlet.http.HttpServlet.service(HttpServlet.java:660) [tomcat-embed-core-9.0.12.jar:9.0.12]
	at org.springframework.web.servlet.FrameworkServlet.service(FrameworkServlet.java:875) [spring-webmvc-5.1.2.RELEASE.jar:5.1.2.RELEASE]
	at javax.servlet.http.HttpServlet.service(HttpServlet.java:741) [tomcat-embed-core-9.0.12.jar:9.0.12]
	at org.apache.catalina.core.ApplicationFilterChain.internalDoFilter(ApplicationFilterChain.java:231) [tomcat-embed-core-9.0.12.jar:9.0.12]
	at org.apache.catalina.core.ApplicationFilterChain.doFilter(ApplicationFilterChain.java:166) [tomcat-embed-core-9.0.12.jar:9.0.12]
	at org.apache.tomcat.websocket.server.WsFilter.doFilter(WsFilter.java:53) [tomcat-embed-websocket-9.0.12.jar:9.0.12]
	at org.apache.catalina.core.ApplicationFilterChain.internalDoFilter(ApplicationFilterChain.java:193) [tomcat-embed-core-9.0.12.jar:9.0.12]
	at org.apache.catalina.core.ApplicationFilterChain.doFilter(ApplicationFilterChain.java:166) [tomcat-embed-core-9.0.12.jar:9.0.12]
	at org.springframework.web.filter.RequestContextFilter.doFilterInternal(RequestContextFilter.java:99) [spring-web-5.1.2.RELEASE.jar:5.1.2.RELEASE]
	at org.springframework.web.filter.OncePerRequestFilter.doFilter(OncePerRequestFilter.java:107) [spring-web-5.1.2.RELEASE.jar:5.1.2.RELEASE]
	at org.apache.catalina.core.ApplicationFilterChain.internalDoFilter(ApplicationFilterChain.java:193) [tomcat-embed-core-9.0.12.jar:9.0.12]
	at org.apache.catalina.core.ApplicationFilterChain.doFilter(ApplicationFilterChain.java:166) [tomcat-embed-core-9.0.12.jar:9.0.12]
	at org.springframework.web.filter.FormContentFilter.doFilterInternal(FormContentFilter.java:92) [spring-web-5.1.2.RELEASE.jar:5.1.2.RELEASE]
	at org.springframework.web.filter.OncePerRequestFilter.doFilter(OncePerRequestFilter.java:107) [spring-web-5.1.2.RELEASE.jar:5.1.2.RELEASE]
	at org.apache.catalina.core.ApplicationFilterChain.internalDoFilter(ApplicationFilterChain.java:193) [tomcat-embed-core-9.0.12.jar:9.0.12]
	at org.apache.catalina.core.ApplicationFilterChain.doFilter(ApplicationFilterChain.java:166) [tomcat-embed-core-9.0.12.jar:9.0.12]
	at org.springframework.web.filter.HiddenHttpMethodFilter.doFilterInternal(HiddenHttpMethodFilter.java:93) [spring-web-5.1.2.RELEASE.jar:5.1.2.RELEASE]
	at org.springframework.web.filter.OncePerRequestFilter.doFilter(OncePerRequestFilter.java:107) [spring-web-5.1.2.RELEASE.jar:5.1.2.RELEASE]
	at org.apache.catalina.core.ApplicationFilterChain.internalDoFilter(ApplicationFilterChain.java:193) [tomcat-embed-core-9.0.12.jar:9.0.12]
	at org.apache.catalina.core.ApplicationFilterChain.doFilter(ApplicationFilterChain.java:166) [tomcat-embed-core-9.0.12.jar:9.0.12]
	at org.springframework.web.filter.CharacterEncodingFilter.doFilterInternal(CharacterEncodingFilter.java:200) [spring-web-5.1.2.RELEASE.jar:5.1.2.RELEASE]
	at org.springframework.web.filter.OncePerRequestFilter.doFilter(OncePerRequestFilter.java:107) [spring-web-5.1.2.RELEASE.jar:5.1.2.RELEASE]
	at org.apache.catalina.core.ApplicationFilterChain.internalDoFilter(ApplicationFilterChain.java:193) [tomcat-embed-core-9.0.12.jar:9.0.12]
	at org.apache.catalina.core.ApplicationFilterChain.doFilter(ApplicationFilterChain.java:166) [tomcat-embed-core-9.0.12.jar:9.0.12]
	at org.apache.catalina.core.StandardWrapperValve.invoke(StandardWrapperValve.java:199) [tomcat-embed-core-9.0.12.jar:9.0.12]
	at org.apache.catalina.core.StandardContextValve.invoke(StandardContextValve.java:96) [tomcat-embed-core-9.0.12.jar:9.0.12]
	at org.apache.catalina.authenticator.AuthenticatorBase.invoke(AuthenticatorBase.java:490) [tomcat-embed-core-9.0.12.jar:9.0.12]
	at org.apache.catalina.core.StandardHostValve.invoke(StandardHostValve.java:139) [tomcat-embed-core-9.0.12.jar:9.0.12]
	at org.apache.catalina.valves.ErrorReportValve.invoke(ErrorReportValve.java:92) [tomcat-embed-core-9.0.12.jar:9.0.12]
	at org.apache.catalina.core.StandardEngineValve.invoke(StandardEngineValve.java:74) [tomcat-embed-core-9.0.12.jar:9.0.12]
	at org.apache.catalina.connector.CoyoteAdapter.service(CoyoteAdapter.java:343) [tomcat-embed-core-9.0.12.jar:9.0.12]
	at org.apache.coyote.http11.Http11Processor.service(Http11Processor.java:408) [tomcat-embed-core-9.0.12.jar:9.0.12]
	at org.apache.coyote.AbstractProcessorLight.process(AbstractProcessorLight.java:66) [tomcat-embed-core-9.0.12.jar:9.0.12]
	at org.apache.coyote.AbstractProtocol$ConnectionHandler.process(AbstractProtocol.java:770) [tomcat-embed-core-9.0.12.jar:9.0.12]
	at org.apache.tomcat.util.net.NioEndpoint$SocketProcessor.doRun(NioEndpoint.java:1415) [tomcat-embed-core-9.0.12.jar:9.0.12]
	at org.apache.tomcat.util.net.SocketProcessorBase.run(SocketProcessorBase.java:49) [tomcat-embed-core-9.0.12.jar:9.0.12]
	at java.util.concurrent.ThreadPoolExecutor.runWorker(ThreadPoolExecutor.java:1149) [na:1.8.0_451]
	at java.util.concurrent.ThreadPoolExecutor$Worker.run(ThreadPoolExecutor.java:624) [na:1.8.0_451]
	at org.apache.tomcat.util.threads.TaskThread$WrappingRunnable.run(TaskThread.java:61) [tomcat-embed-core-9.0.12.jar:9.0.12]
	at java.lang.Thread.run(Thread.java:750) [na:1.8.0_451]
Caused by: org.apache.ibatis.exceptions.PersistenceException: 
### Error querying database.  Cause: org.springframework.jdbc.CannotGetJdbcConnectionException: Failed to obtain JDBC Connection; nested exception is com.mysql.cj.jdbc.exceptions.CommunicationsException: Communications link failure

The last packet sent successfully to the server was 0 milliseconds ago. The driver has not received any packets from the server.
### The error may exist in com/example/dao/AdminInfoDao.java (best guess)
### The error may involve com.example.dao.AdminInfoDao.findByNameAndPass
### The error occurred while executing a query
### Cause: org.springframework.jdbc.CannotGetJdbcConnectionException: Failed to obtain JDBC Connection; nested exception is com.mysql.cj.jdbc.exceptions.CommunicationsException: Communications link failure

The last packet sent successfully to the server was 0 milliseconds ago. The driver has not received any packets from the server.
	at org.apache.ibatis.exceptions.ExceptionFactory.wrapException(ExceptionFactory.java:30) ~[mybatis-3.4.6.jar:3.4.6]
	at org.apache.ibatis.session.defaults.DefaultSqlSession.selectList(DefaultSqlSession.java:150) ~[mybatis-3.4.6.jar:3.4.6]
	at org.apache.ibatis.session.defaults.DefaultSqlSession.selectList(DefaultSqlSession.java:141) ~[mybatis-3.4.6.jar:3.4.6]
	at org.apache.ibatis.session.defaults.DefaultSqlSession.selectOne(DefaultSqlSession.java:77) ~[mybatis-3.4.6.jar:3.4.6]
	at sun.reflect.NativeMethodAccessorImpl.invoke0(Native Method) ~[na:1.8.0_451]
	at sun.reflect.NativeMethodAccessorImpl.invoke(NativeMethodAccessorImpl.java:62) ~[na:1.8.0_451]
	at sun.reflect.DelegatingMethodAccessorImpl.invoke(DelegatingMethodAccessorImpl.java:43) ~[na:1.8.0_451]
	at java.lang.reflect.Method.invoke(Method.java:498) ~[na:1.8.0_451]
	at org.mybatis.spring.SqlSessionTemplate$SqlSessionInterceptor.invoke(SqlSessionTemplate.java:433) ~[mybatis-spring-1.3.2.jar:1.3.2]
	... 72 common frames omitted
Caused by: org.springframework.jdbc.CannotGetJdbcConnectionException: Failed to obtain JDBC Connection; nested exception is com.mysql.cj.jdbc.exceptions.CommunicationsException: Communications link failure

The last packet sent successfully to the server was 0 milliseconds ago. The driver has not received any packets from the server.
	at org.springframework.jdbc.datasource.DataSourceUtils.getConnection(DataSourceUtils.java:81) ~[spring-jdbc-5.1.2.RELEASE.jar:5.1.2.RELEASE]
	at org.mybatis.spring.transaction.SpringManagedTransaction.openConnection(SpringManagedTransaction.java:82) ~[mybatis-spring-1.3.2.jar:1.3.2]
	at org.mybatis.spring.transaction.SpringManagedTransaction.getConnection(SpringManagedTransaction.java:68) ~[mybatis-spring-1.3.2.jar:1.3.2]
	at org.apache.ibatis.executor.BaseExecutor.getConnection(BaseExecutor.java:338) ~[mybatis-3.4.6.jar:3.4.6]
	at org.apache.ibatis.executor.SimpleExecutor.prepareStatement(SimpleExecutor.java:84) ~[mybatis-3.4.6.jar:3.4.6]
	at org.apache.ibatis.executor.SimpleExecutor.doQuery(SimpleExecutor.java:62) ~[mybatis-3.4.6.jar:3.4.6]
	at org.apache.ibatis.executor.BaseExecutor.queryFromDatabase(BaseExecutor.java:326) ~[mybatis-3.4.6.jar:3.4.6]
	at org.apache.ibatis.executor.BaseExecutor.query(BaseExecutor.java:156) ~[mybatis-3.4.6.jar:3.4.6]
	at org.apache.ibatis.executor.CachingExecutor.query(CachingExecutor.java:109) ~[mybatis-3.4.6.jar:3.4.6]
	at com.github.pagehelper.PageInterceptor.intercept(PageInterceptor.java:108) ~[pagehelper-5.1.8.jar:na]
	at org.apache.ibatis.plugin.Plugin.invoke(Plugin.java:61) ~[mybatis-3.4.6.jar:3.4.6]
	at com.sun.proxy.$Proxy109.query(Unknown Source) ~[na:na]
	at org.apache.ibatis.session.defaults.DefaultSqlSession.selectList(DefaultSqlSession.java:148) ~[mybatis-3.4.6.jar:3.4.6]
	... 79 common frames omitted
Caused by: com.mysql.cj.jdbc.exceptions.CommunicationsException: Communications link failure

The last packet sent successfully to the server was 0 milliseconds ago. The driver has not received any packets from the server.
	at com.mysql.cj.jdbc.exceptions.SQLError.createCommunicationsException(SQLError.java:174) ~[mysql-connector-java-8.0.13.jar:8.0.13]
	at com.mysql.cj.jdbc.exceptions.SQLExceptionsMapping.translateException(SQLExceptionsMapping.java:64) ~[mysql-connector-java-8.0.13.jar:8.0.13]
	at com.mysql.cj.jdbc.ConnectionImpl.createNewIO(ConnectionImpl.java:835) ~[mysql-connector-java-8.0.13.jar:8.0.13]
	at com.mysql.cj.jdbc.ConnectionImpl.<init>(ConnectionImpl.java:455) ~[mysql-connector-java-8.0.13.jar:8.0.13]
	at com.mysql.cj.jdbc.ConnectionImpl.getInstance(ConnectionImpl.java:240) ~[mysql-connector-java-8.0.13.jar:8.0.13]
	at com.mysql.cj.jdbc.NonRegisteringDriver.connect(NonRegisteringDriver.java:207) ~[mysql-connector-java-8.0.13.jar:8.0.13]
	at com.zaxxer.hikari.util.DriverDataSource.getConnection(DriverDataSource.java:136) ~[HikariCP-3.2.0.jar:na]
	at com.zaxxer.hikari.pool.PoolBase.newConnection(PoolBase.java:369) ~[HikariCP-3.2.0.jar:na]
	at com.zaxxer.hikari.pool.PoolBase.newPoolEntry(PoolBase.java:198) ~[HikariCP-3.2.0.jar:na]
	at com.zaxxer.hikari.pool.HikariPool.createPoolEntry(HikariPool.java:467) ~[HikariCP-3.2.0.jar:na]
	at com.zaxxer.hikari.pool.HikariPool.checkFailFast(HikariPool.java:541) ~[HikariCP-3.2.0.jar:na]
	at com.zaxxer.hikari.pool.HikariPool.<init>(HikariPool.java:115) ~[HikariCP-3.2.0.jar:na]
	at com.zaxxer.hikari.HikariDataSource.getConnection(HikariDataSource.java:112) ~[HikariCP-3.2.0.jar:na]
	at org.springframework.jdbc.datasource.DataSourceUtils.fetchConnection(DataSourceUtils.java:151) ~[spring-jdbc-5.1.2.RELEASE.jar:5.1.2.RELEASE]
	at org.springframework.jdbc.datasource.DataSourceUtils.doGetConnection(DataSourceUtils.java:115) ~[spring-jdbc-5.1.2.RELEASE.jar:5.1.2.RELEASE]
	at org.springframework.jdbc.datasource.DataSourceUtils.getConnection(DataSourceUtils.java:78) ~[spring-jdbc-5.1.2.RELEASE.jar:5.1.2.RELEASE]
	... 91 common frames omitted
Caused by: com.mysql.cj.exceptions.CJCommunicationsException: Communications link failure

The last packet sent successfully to the server was 0 milliseconds ago. The driver has not received any packets from the server.
	at sun.reflect.NativeConstructorAccessorImpl.newInstance0(Native Method) ~[na:1.8.0_451]
	at sun.reflect.NativeConstructorAccessorImpl.newInstance(NativeConstructorAccessorImpl.java:62) ~[na:1.8.0_451]
	at sun.reflect.DelegatingConstructorAccessorImpl.newInstance(DelegatingConstructorAccessorImpl.java:45) ~[na:1.8.0_451]
	at java.lang.reflect.Constructor.newInstance(Constructor.java:423) ~[na:1.8.0_451]
	at com.mysql.cj.exceptions.ExceptionFactory.createException(ExceptionFactory.java:61) ~[mysql-connector-java-8.0.13.jar:8.0.13]
	at com.mysql.cj.exceptions.ExceptionFactory.createException(ExceptionFactory.java:105) ~[mysql-connector-java-8.0.13.jar:8.0.13]
	at com.mysql.cj.exceptions.ExceptionFactory.createException(ExceptionFactory.java:151) ~[mysql-connector-java-8.0.13.jar:8.0.13]
	at com.mysql.cj.exceptions.ExceptionFactory.createCommunicationsException(ExceptionFactory.java:167) ~[mysql-connector-java-8.0.13.jar:8.0.13]
	at com.mysql.cj.protocol.a.NativeSocketConnection.connect(NativeSocketConnection.java:91) ~[mysql-connector-java-8.0.13.jar:8.0.13]
	at com.mysql.cj.NativeSession.connect(NativeSession.java:152) ~[mysql-connector-java-8.0.13.jar:8.0.13]
	at com.mysql.cj.jdbc.ConnectionImpl.connectOneTryOnly(ConnectionImpl.java:955) ~[mysql-connector-java-8.0.13.jar:8.0.13]
	at com.mysql.cj.jdbc.ConnectionImpl.createNewIO(ConnectionImpl.java:825) ~[mysql-connector-java-8.0.13.jar:8.0.13]
	... 104 common frames omitted
Caused by: java.net.ConnectException: Connection refused: connect
	at java.net.DualStackPlainSocketImpl.waitForConnect(Native Method) ~[na:1.8.0_451]
	at java.net.DualStackPlainSocketImpl.socketConnect(DualStackPlainSocketImpl.java:81) ~[na:1.8.0_451]
	at java.net.AbstractPlainSocketImpl.doConnect(AbstractPlainSocketImpl.java:476) ~[na:1.8.0_451]
	at java.net.AbstractPlainSocketImpl.connectToAddress(AbstractPlainSocketImpl.java:218) ~[na:1.8.0_451]
	at java.net.AbstractPlainSocketImpl.connect(AbstractPlainSocketImpl.java:200) ~[na:1.8.0_451]
	at java.net.PlainSocketImpl.connect(PlainSocketImpl.java:162) ~[na:1.8.0_451]
	at java.net.SocksSocketImpl.connect(SocksSocketImpl.java:394) ~[na:1.8.0_451]
	at java.net.Socket.connect(Socket.java:606) ~[na:1.8.0_451]
	at com.mysql.cj.protocol.StandardSocketFactory.connect(StandardSocketFactory.java:155) ~[mysql-connector-java-8.0.13.jar:8.0.13]
	at com.mysql.cj.protocol.a.NativeSocketConnection.connect(NativeSocketConnection.java:65) ~[mysql-connector-java-8.0.13.jar:8.0.13]
	... 107 common frames omitted

2026-04-23 15:26:25.268  INFO 11860 --- [Thread-3] o.s.s.concurrent.ThreadPoolTaskExecutor  : Shutting down ExecutorService 'applicationTaskExecutor'
2026-04-23 15:26:29.038  INFO 30624 --- [main] com.example.Application                  : Starting Application on HYH with PID 30624 (started by 48938 in C:\Users\48938\Documents\AAA\一堆2.2\信息系统实践\1716035241321-学生选课管理系统)
2026-04-23 15:26:29.040  INFO 30624 --- [main] com.example.Application                  : No active profile set, falling back to default profiles: default
2026-04-23 15:26:29.477  WARN 30624 --- [main] o.m.s.mapper.ClassPathMapperScanner      : No MyBatis mapper was found in '[com.example]' package. Please check your configuration.
2026-04-23 15:26:30.234  INFO 30624 --- [main] o.s.b.w.embedded.tomcat.TomcatWebServer  : Tomcat initialized with port(s): 8888 (http)
2026-04-23 15:26:30.248  INFO 30624 --- [main] o.apache.catalina.core.StandardService   : Starting service [Tomcat]
2026-04-23 15:26:30.248  INFO 30624 --- [main] org.apache.catalina.core.StandardEngine  : Starting Servlet Engine: Apache Tomcat/9.0.12
2026-04-23 15:26:30.255  INFO 30624 --- [main] o.a.catalina.core.AprLifecycleListener   : The APR based Apache Tomcat Native library which allows optimal performance in production environments was not found on the java.library.path: [C:\Program Files (x86)\Java\jdk-1.8\bin;C:\WINDOWS\Sun\Java\bin;C:\WINDOWS\system32;C:\WINDOWS;C:\Program Files\Common Files\Oracle\Java\javapath;C:\Program Files (x86)\Common Files\Oracle\Java\java8path;C:\Program Files (x86)\Common Files\Oracle\Java\javapath;C:\Program Files\NVIDIA GPU Computing Toolkit\CUDA\v12.9\bin;C:\Program Files\NVIDIA GPU Computing Toolkit\CUDA\v12.9\libnvvp;C:\Windows\system32;C:\Windows;C:\Windows\System32\Wbem;C:\Windows\System32\WindowsPowerShell\v1.0\;C:\Windows\System32\OpenSSH\;C:\Program Files (x86)\NVIDIA Corporation\PhysX\Common;C:\Program Files\dotnet\;C:\Oracle\instantclient-basic-windows.x64-23.26.1.0.0\instantclient_23_0;C:\WINDOWS\system32;C:\WINDOWS;C:\WINDOWS\System32\Wbem;C:\WINDOWS\System32\WindowsPowerShell\v1.0\;C:\WINDOWS\System32\OpenSSH\;C:\Program Files\Bandizip\;C:\Program Files (x86)\Windows Kits\10\Windows Performance Toolkit\;C:\Program Files\NVIDIA Corporation\NVIDIA App\NvDLISR;C:\Program Files\NVIDIA Corporation\Nsight Compute 2025.2.0\;C:\Program Files (x86)\Java\jdk-1.8\bin;%JRE_HOME%\bin;C:\Users\48938\AppData\Local\Programs\Python\Launcher\;C:\Users\48938\AppData\Local\Programs\Python\Python313;C:\Users\48938\AppData\Local\Microsoft\WindowsApps;C:\Users\48938\.dotnet\tools;C:\Users\48938\AppData\Local\Programs\Ollama;C:\Users\48938\AppData\Local\Programs\Python\Python313\Scripts;C:\Users\48938\AppData\Local\GitHubDesktop\bin;C:\mingw64\bin;.]
2026-04-23 15:26:30.343  INFO 30624 --- [main] o.a.c.c.C.[Tomcat].[localhost].[/]       : Initializing Spring embedded WebApplicationContext
2026-04-23 15:26:30.343  INFO 30624 --- [main] o.s.web.context.ContextLoader            : Root WebApplicationContext: initialization completed in 1273 ms
2026-04-23 15:26:30.361  INFO 30624 --- [main] o.s.b.w.servlet.ServletRegistrationBean  : Servlet dispatcherServlet mapped to [/]
2026-04-23 15:26:30.364  INFO 30624 --- [main] o.s.b.w.servlet.FilterRegistrationBean   : Mapping filter: 'characterEncodingFilter' to: [/*]
2026-04-23 15:26:30.364  INFO 30624 --- [main] o.s.b.w.servlet.FilterRegistrationBean   : Mapping filter: 'hiddenHttpMethodFilter' to: [/*]
2026-04-23 15:26:30.364  INFO 30624 --- [main] o.s.b.w.servlet.FilterRegistrationBean   : Mapping filter: 'formContentFilter' to: [/*]
2026-04-23 15:26:30.364  INFO 30624 --- [main] o.s.b.w.servlet.FilterRegistrationBean   : Mapping filter: 'requestContextFilter' to: [/*]
2026-04-23 15:26:30.854  INFO 30624 --- [main] o.s.s.concurrent.ThreadPoolTaskExecutor  : Initializing ExecutorService 'applicationTaskExecutor'
2026-04-23 15:26:31.044  INFO 30624 --- [main] o.s.b.w.embedded.tomcat.TomcatWebServer  : Tomcat started on port(s): 8888 (http) with context path ''
2026-04-23 15:26:31.046  INFO 30624 --- [main] com.example.Application                  : Started Application in 2.352 seconds (JVM running for 2.642)
2026-04-23 15:26:31.048  INFO 30624 --- [main] com.example.common.config.OpenBrowser    : 项目启动成功……
2026-04-23 15:26:31.556  INFO 30624 --- [http-nio-8888-exec-1] o.a.c.c.C.[Tomcat].[localhost].[/]       : Initializing Spring DispatcherServlet 'dispatcherServlet'
2026-04-23 15:26:31.556  INFO 30624 --- [http-nio-8888-exec-1] o.s.web.servlet.DispatcherServlet        : Initializing Servlet 'dispatcherServlet'
2026-04-23 15:26:31.563  INFO 30624 --- [http-nio-8888-exec-1] o.s.web.servlet.DispatcherServlet        : Completed initialization in 7 ms
2026-04-23 15:26:41.738  INFO 30624 --- [http-nio-8888-exec-10] com.zaxxer.hikari.HikariDataSource       : HikariPool-1 - Starting...
2026-04-23 15:26:43.291 ERROR 30624 --- [http-nio-8888-exec-10] com.zaxxer.hikari.pool.HikariPool        : HikariPool-1 - Exception during pool initialization.

java.sql.SQLException: Access denied for user 'root'@'localhost' (using password: YES)
	at com.mysql.cj.jdbc.exceptions.SQLError.createSQLException(SQLError.java:129) ~[mysql-connector-java-8.0.13.jar:8.0.13]
	at com.mysql.cj.jdbc.exceptions.SQLError.createSQLException(SQLError.java:97) ~[mysql-connector-java-8.0.13.jar:8.0.13]
	at com.mysql.cj.jdbc.exceptions.SQLExceptionsMapping.translateException(SQLExceptionsMapping.java:122) ~[mysql-connector-java-8.0.13.jar:8.0.13]
	at com.mysql.cj.jdbc.ConnectionImpl.createNewIO(ConnectionImpl.java:835) ~[mysql-connector-java-8.0.13.jar:8.0.13]
	at com.mysql.cj.jdbc.ConnectionImpl.<init>(ConnectionImpl.java:455) ~[mysql-connector-java-8.0.13.jar:8.0.13]
	at com.mysql.cj.jdbc.ConnectionImpl.getInstance(ConnectionImpl.java:240) ~[mysql-connector-java-8.0.13.jar:8.0.13]
	at com.mysql.cj.jdbc.NonRegisteringDriver.connect(NonRegisteringDriver.java:207) ~[mysql-connector-java-8.0.13.jar:8.0.13]
	at com.zaxxer.hikari.util.DriverDataSource.getConnection(DriverDataSource.java:136) ~[HikariCP-3.2.0.jar:na]
	at com.zaxxer.hikari.pool.PoolBase.newConnection(PoolBase.java:369) ~[HikariCP-3.2.0.jar:na]
	at com.zaxxer.hikari.pool.PoolBase.newPoolEntry(PoolBase.java:198) ~[HikariCP-3.2.0.jar:na]
	at com.zaxxer.hikari.pool.HikariPool.createPoolEntry(HikariPool.java:467) [HikariCP-3.2.0.jar:na]
	at com.zaxxer.hikari.pool.HikariPool.checkFailFast(HikariPool.java:541) [HikariCP-3.2.0.jar:na]
	at com.zaxxer.hikari.pool.HikariPool.<init>(HikariPool.java:115) [HikariCP-3.2.0.jar:na]
	at com.zaxxer.hikari.HikariDataSource.getConnection(HikariDataSource.java:112) [HikariCP-3.2.0.jar:na]
	at org.springframework.jdbc.datasource.DataSourceUtils.fetchConnection(DataSourceUtils.java:151) [spring-jdbc-5.1.2.RELEASE.jar:5.1.2.RELEASE]
	at org.springframework.jdbc.datasource.DataSourceUtils.doGetConnection(DataSourceUtils.java:115) [spring-jdbc-5.1.2.RELEASE.jar:5.1.2.RELEASE]
	at org.springframework.jdbc.datasource.DataSourceUtils.getConnection(DataSourceUtils.java:78) [spring-jdbc-5.1.2.RELEASE.jar:5.1.2.RELEASE]
	at org.mybatis.spring.transaction.SpringManagedTransaction.openConnection(SpringManagedTransaction.java:82) [mybatis-spring-1.3.2.jar:1.3.2]
	at org.mybatis.spring.transaction.SpringManagedTransaction.getConnection(SpringManagedTransaction.java:68) [mybatis-spring-1.3.2.jar:1.3.2]
	at org.apache.ibatis.executor.BaseExecutor.getConnection(BaseExecutor.java:338) [mybatis-3.4.6.jar:3.4.6]
	at org.apache.ibatis.executor.SimpleExecutor.prepareStatement(SimpleExecutor.java:84) [mybatis-3.4.6.jar:3.4.6]
	at org.apache.ibatis.executor.SimpleExecutor.doQuery(SimpleExecutor.java:62) [mybatis-3.4.6.jar:3.4.6]
	at org.apache.ibatis.executor.BaseExecutor.queryFromDatabase(BaseExecutor.java:326) [mybatis-3.4.6.jar:3.4.6]
	at org.apache.ibatis.executor.BaseExecutor.query(BaseExecutor.java:156) [mybatis-3.4.6.jar:3.4.6]
	at org.apache.ibatis.executor.CachingExecutor.query(CachingExecutor.java:109) [mybatis-3.4.6.jar:3.4.6]
	at com.github.pagehelper.PageInterceptor.intercept(PageInterceptor.java:108) [pagehelper-5.1.8.jar:na]
	at org.apache.ibatis.plugin.Plugin.invoke(Plugin.java:61) [mybatis-3.4.6.jar:3.4.6]
	at com.sun.proxy.$Proxy109.query(Unknown Source) [na:na]
	at org.apache.ibatis.session.defaults.DefaultSqlSession.selectList(DefaultSqlSession.java:148) [mybatis-3.4.6.jar:3.4.6]
	at org.apache.ibatis.session.defaults.DefaultSqlSession.selectList(DefaultSqlSession.java:141) [mybatis-3.4.6.jar:3.4.6]
	at org.apache.ibatis.session.defaults.DefaultSqlSession.selectOne(DefaultSqlSession.java:77) [mybatis-3.4.6.jar:3.4.6]
	at sun.reflect.NativeMethodAccessorImpl.invoke0(Native Method) ~[na:1.8.0_451]
	at sun.reflect.NativeMethodAccessorImpl.invoke(NativeMethodAccessorImpl.java:62) ~[na:1.8.0_451]
	at sun.reflect.DelegatingMethodAccessorImpl.invoke(DelegatingMethodAccessorImpl.java:43) ~[na:1.8.0_451]
	at java.lang.reflect.Method.invoke(Method.java:498) ~[na:1.8.0_451]
	at org.mybatis.spring.SqlSessionTemplate$SqlSessionInterceptor.invoke(SqlSessionTemplate.java:433) [mybatis-spring-1.3.2.jar:1.3.2]
	at com.sun.proxy.$Proxy71.selectOne(Unknown Source) [na:na]
	at org.mybatis.spring.SqlSessionTemplate.selectOne(SqlSessionTemplate.java:166) [mybatis-spring-1.3.2.jar:1.3.2]
	at org.apache.ibatis.binding.MapperMethod.execute(MapperMethod.java:83) [mybatis-3.4.6.jar:3.4.6]
	at org.apache.ibatis.binding.MapperProxy.invoke(MapperProxy.java:59) [mybatis-3.4.6.jar:3.4.6]
	at com.sun.proxy.$Proxy80.findByName(Unknown Source) [na:na]
	at sun.reflect.NativeMethodAccessorImpl.invoke0(Native Method) ~[na:1.8.0_451]
	at sun.reflect.NativeMethodAccessorImpl.invoke(NativeMethodAccessorImpl.java:62) ~[na:1.8.0_451]
	at sun.reflect.DelegatingMethodAccessorImpl.invoke(DelegatingMethodAccessorImpl.java:43) ~[na:1.8.0_451]
	at java.lang.reflect.Method.invoke(Method.java:498) ~[na:1.8.0_451]
	at org.springframework.aop.support.AopUtils.invokeJoinpointUsingReflection(AopUtils.java:343) [spring-aop-5.1.2.RELEASE.jar:5.1.2.RELEASE]
	at org.springframework.aop.framework.ReflectiveMethodInvocation.invokeJoinpoint(ReflectiveMethodInvocation.java:198) [spring-aop-5.1.2.RELEASE.jar:5.1.2.RELEASE]
	at org.springframework.aop.framework.ReflectiveMethodInvocation.proceed(ReflectiveMethodInvocation.java:163) [spring-aop-5.1.2.RELEASE.jar:5.1.2.RELEASE]
	at org.springframework.dao.support.PersistenceExceptionTranslationInterceptor.invoke(PersistenceExceptionTranslationInterceptor.java:139) [spring-tx-5.1.2.RELEASE.jar:5.1.2.RELEASE]
	at org.springframework.aop.framework.ReflectiveMethodInvocation.proceed(ReflectiveMethodInvocation.java:186) [spring-aop-5.1.2.RELEASE.jar:5.1.2.RELEASE]
	at org.springframework.aop.framework.JdkDynamicAopProxy.invoke(JdkDynamicAopProxy.java:212) [spring-aop-5.1.2.RELEASE.jar:5.1.2.RELEASE]
	at com.sun.proxy.$Proxy81.findByName(Unknown Source) [na:na]
	at com.example.service.TeacherInfoService.add(TeacherInfoService.java:52) [classes/:na]
	at com.example.controller.AccountController.register(AccountController.java:107) [classes/:na]
	at sun.reflect.NativeMethodAccessorImpl.invoke0(Native Method) ~[na:1.8.0_451]
	at sun.reflect.NativeMethodAccessorImpl.invoke(NativeMethodAccessorImpl.java:62) ~[na:1.8.0_451]
	at sun.reflect.DelegatingMethodAccessorImpl.invoke(DelegatingMethodAccessorImpl.java:43) ~[na:1.8.0_451]
	at java.lang.reflect.Method.invoke(Method.java:498) ~[na:1.8.0_451]
	at org.springframework.web.method.support.InvocableHandlerMethod.doInvoke(InvocableHandlerMethod.java:215) [spring-web-5.1.2.RELEASE.jar:5.1.2.RELEASE]
	at org.springframework.web.method.support.InvocableHandlerMethod.invokeForRequest(InvocableHandlerMethod.java:142) [spring-web-5.1.2.RELEASE.jar:5.1.2.RELEASE]
	at org.springframework.web.servlet.mvc.method.annotation.ServletInvocableHandlerMethod.invokeAndHandle(ServletInvocableHandlerMethod.java:102) [spring-webmvc-5.1.2.RELEASE.jar:5.1.2.RELEASE]
	at org.springframework.web.servlet.mvc.method.annotation.RequestMappingHandlerAdapter.invokeHandlerMethod(RequestMappingHandlerAdapter.java:895) [spring-webmvc-5.1.2.RELEASE.jar:5.1.2.RELEASE]
	at org.springframework.web.servlet.mvc.method.annotation.RequestMappingHandlerAdapter.handleInternal(RequestMappingHandlerAdapter.java:800) [spring-webmvc-5.1.2.RELEASE.jar:5.1.2.RELEASE]
	at org.springframework.web.servlet.mvc.method.AbstractHandlerMethodAdapter.handle(AbstractHandlerMethodAdapter.java:87) [spring-webmvc-5.1.2.RELEASE.jar:5.1.2.RELEASE]
	at org.springframework.web.servlet.DispatcherServlet.doDispatch(DispatcherServlet.java:1038) [spring-webmvc-5.1.2.RELEASE.jar:5.1.2.RELEASE]
	at org.springframework.web.servlet.DispatcherServlet.doService(DispatcherServlet.java:942) [spring-webmvc-5.1.2.RELEASE.jar:5.1.2.RELEASE]
	at org.springframework.web.servlet.FrameworkServlet.processRequest(FrameworkServlet.java:998) [spring-webmvc-5.1.2.RELEASE.jar:5.1.2.RELEASE]
	at org.springframework.web.servlet.FrameworkServlet.doPost(FrameworkServlet.java:901) [spring-webmvc-5.1.2.RELEASE.jar:5.1.2.RELEASE]
	at javax.servlet.http.HttpServlet.service(HttpServlet.java:660) [tomcat-embed-core-9.0.12.jar:9.0.12]
	at org.springframework.web.servlet.FrameworkServlet.service(FrameworkServlet.java:875) [spring-webmvc-5.1.2.RELEASE.jar:5.1.2.RELEASE]
	at javax.servlet.http.HttpServlet.service(HttpServlet.java:741) [tomcat-embed-core-9.0.12.jar:9.0.12]
	at org.apache.catalina.core.ApplicationFilterChain.internalDoFilter(ApplicationFilterChain.java:231) [tomcat-embed-core-9.0.12.jar:9.0.12]
	at org.apache.catalina.core.ApplicationFilterChain.doFilter(ApplicationFilterChain.java:166) [tomcat-embed-core-9.0.12.jar:9.0.12]
	at org.apache.tomcat.websocket.server.WsFilter.doFilter(WsFilter.java:53) [tomcat-embed-websocket-9.0.12.jar:9.0.12]
	at org.apache.catalina.core.ApplicationFilterChain.internalDoFilter(ApplicationFilterChain.java:193) [tomcat-embed-core-9.0.12.jar:9.0.12]
	at org.apache.catalina.core.ApplicationFilterChain.doFilter(ApplicationFilterChain.java:166) [tomcat-embed-core-9.0.12.jar:9.0.12]
	at org.springframework.web.filter.RequestContextFilter.doFilterInternal(RequestContextFilter.java:99) [spring-web-5.1.2.RELEASE.jar:5.1.2.RELEASE]
	at org.springframework.web.filter.OncePerRequestFilter.doFilter(OncePerRequestFilter.java:107) [spring-web-5.1.2.RELEASE.jar:5.1.2.RELEASE]
	at org.apache.catalina.core.ApplicationFilterChain.internalDoFilter(ApplicationFilterChain.java:193) [tomcat-embed-core-9.0.12.jar:9.0.12]
	at org.apache.catalina.core.ApplicationFilterChain.doFilter(ApplicationFilterChain.java:166) [tomcat-embed-core-9.0.12.jar:9.0.12]
	at org.springframework.web.filter.FormContentFilter.doFilterInternal(FormContentFilter.java:92) [spring-web-5.1.2.RELEASE.jar:5.1.2.RELEASE]
	at org.springframework.web.filter.OncePerRequestFilter.doFilter(OncePerRequestFilter.java:107) [spring-web-5.1.2.RELEASE.jar:5.1.2.RELEASE]
	at org.apache.catalina.core.ApplicationFilterChain.internalDoFilter(ApplicationFilterChain.java:193) [tomcat-embed-core-9.0.12.jar:9.0.12]
	at org.apache.catalina.core.ApplicationFilterChain.doFilter(ApplicationFilterChain.java:166) [tomcat-embed-core-9.0.12.jar:9.0.12]
	at org.springframework.web.filter.HiddenHttpMethodFilter.doFilterInternal(HiddenHttpMethodFilter.java:93) [spring-web-5.1.2.RELEASE.jar:5.1.2.RELEASE]
	at org.springframework.web.filter.OncePerRequestFilter.doFilter(OncePerRequestFilter.java:107) [spring-web-5.1.2.RELEASE.jar:5.1.2.RELEASE]
	at org.apache.catalina.core.ApplicationFilterChain.internalDoFilter(ApplicationFilterChain.java:193) [tomcat-embed-core-9.0.12.jar:9.0.12]
	at org.apache.catalina.core.ApplicationFilterChain.doFilter(ApplicationFilterChain.java:166) [tomcat-embed-core-9.0.12.jar:9.0.12]
	at org.springframework.web.filter.CharacterEncodingFilter.doFilterInternal(CharacterEncodingFilter.java:200) [spring-web-5.1.2.RELEASE.jar:5.1.2.RELEASE]
	at org.springframework.web.filter.OncePerRequestFilter.doFilter(OncePerRequestFilter.java:107) [spring-web-5.1.2.RELEASE.jar:5.1.2.RELEASE]
	at org.apache.catalina.core.ApplicationFilterChain.internalDoFilter(ApplicationFilterChain.java:193) [tomcat-embed-core-9.0.12.jar:9.0.12]
	at org.apache.catalina.core.ApplicationFilterChain.doFilter(ApplicationFilterChain.java:166) [tomcat-embed-core-9.0.12.jar:9.0.12]
	at org.apache.catalina.core.StandardWrapperValve.invoke(StandardWrapperValve.java:199) [tomcat-embed-core-9.0.12.jar:9.0.12]
	at org.apache.catalina.core.StandardContextValve.invoke(StandardContextValve.java:96) [tomcat-embed-core-9.0.12.jar:9.0.12]
	at org.apache.catalina.authenticator.AuthenticatorBase.invoke(AuthenticatorBase.java:490) [tomcat-embed-core-9.0.12.jar:9.0.12]
	at org.apache.catalina.core.StandardHostValve.invoke(StandardHostValve.java:139) [tomcat-embed-core-9.0.12.jar:9.0.12]
	at org.apache.catalina.valves.ErrorReportValve.invoke(ErrorReportValve.java:92) [tomcat-embed-core-9.0.12.jar:9.0.12]
	at org.apache.catalina.core.StandardEngineValve.invoke(StandardEngineValve.java:74) [tomcat-embed-core-9.0.12.jar:9.0.12]
	at org.apache.catalina.connector.CoyoteAdapter.service(CoyoteAdapter.java:343) [tomcat-embed-core-9.0.12.jar:9.0.12]
	at org.apache.coyote.http11.Http11Processor.service(Http11Processor.java:408) [tomcat-embed-core-9.0.12.jar:9.0.12]
	at org.apache.coyote.AbstractProcessorLight.process(AbstractProcessorLight.java:66) [tomcat-embed-core-9.0.12.jar:9.0.12]
	at org.apache.coyote.AbstractProtocol$ConnectionHandler.process(AbstractProtocol.java:770) [tomcat-embed-core-9.0.12.jar:9.0.12]
	at org.apache.tomcat.util.net.NioEndpoint$SocketProcessor.doRun(NioEndpoint.java:1415) [tomcat-embed-core-9.0.12.jar:9.0.12]
	at org.apache.tomcat.util.net.SocketProcessorBase.run(SocketProcessorBase.java:49) [tomcat-embed-core-9.0.12.jar:9.0.12]
	at java.util.concurrent.ThreadPoolExecutor.runWorker(ThreadPoolExecutor.java:1149) [na:1.8.0_451]
	at java.util.concurrent.ThreadPoolExecutor$Worker.run(ThreadPoolExecutor.java:624) [na:1.8.0_451]
	at org.apache.tomcat.util.threads.TaskThread$WrappingRunnable.run(TaskThread.java:61) [tomcat-embed-core-9.0.12.jar:9.0.12]
	at java.lang.Thread.run(Thread.java:750) [na:1.8.0_451]

2026-04-23 15:26:43.296 ERROR 30624 --- [http-nio-8888-exec-10] c.e.exception.GlobalExceptionHandler     : 异常信息：

org.mybatis.spring.MyBatisSystemException: nested exception is org.apache.ibatis.exceptions.PersistenceException: 
### Error querying database.  Cause: org.springframework.jdbc.CannotGetJdbcConnectionException: Failed to obtain JDBC Connection; nested exception is java.sql.SQLException: Access denied for user 'root'@'localhost' (using password: YES)
### The error may exist in com/example/dao/TeacherInfoDao.java (best guess)
### The error may involve com.example.dao.TeacherInfoDao.findByName
### The error occurred while executing a query
### Cause: org.springframework.jdbc.CannotGetJdbcConnectionException: Failed to obtain JDBC Connection; nested exception is java.sql.SQLException: Access denied for user 'root'@'localhost' (using password: YES)
	at org.mybatis.spring.MyBatisExceptionTranslator.translateExceptionIfPossible(MyBatisExceptionTranslator.java:77) ~[mybatis-spring-1.3.2.jar:1.3.2]
	at org.mybatis.spring.SqlSessionTemplate$SqlSessionInterceptor.invoke(SqlSessionTemplate.java:446) ~[mybatis-spring-1.3.2.jar:1.3.2]
	at com.sun.proxy.$Proxy71.selectOne(Unknown Source) ~[na:na]
	at org.mybatis.spring.SqlSessionTemplate.selectOne(SqlSessionTemplate.java:166) ~[mybatis-spring-1.3.2.jar:1.3.2]
	at org.apache.ibatis.binding.MapperMethod.execute(MapperMethod.java:83) ~[mybatis-3.4.6.jar:3.4.6]
	at org.apache.ibatis.binding.MapperProxy.invoke(MapperProxy.java:59) ~[mybatis-3.4.6.jar:3.4.6]
	at com.sun.proxy.$Proxy80.findByName(Unknown Source) ~[na:na]
	at sun.reflect.NativeMethodAccessorImpl.invoke0(Native Method) ~[na:1.8.0_451]
	at sun.reflect.NativeMethodAccessorImpl.invoke(NativeMethodAccessorImpl.java:62) ~[na:1.8.0_451]
	at sun.reflect.DelegatingMethodAccessorImpl.invoke(DelegatingMethodAccessorImpl.java:43) ~[na:1.8.0_451]
	at java.lang.reflect.Method.invoke(Method.java:498) ~[na:1.8.0_451]
	at org.springframework.aop.support.AopUtils.invokeJoinpointUsingReflection(AopUtils.java:343) ~[spring-aop-5.1.2.RELEASE.jar:5.1.2.RELEASE]
	at org.springframework.aop.framework.ReflectiveMethodInvocation.invokeJoinpoint(ReflectiveMethodInvocation.java:198) ~[spring-aop-5.1.2.RELEASE.jar:5.1.2.RELEASE]
	at org.springframework.aop.framework.ReflectiveMethodInvocation.proceed(ReflectiveMethodInvocation.java:163) ~[spring-aop-5.1.2.RELEASE.jar:5.1.2.RELEASE]
	at org.springframework.dao.support.PersistenceExceptionTranslationInterceptor.invoke(PersistenceExceptionTranslationInterceptor.java:139) ~[spring-tx-5.1.2.RELEASE.jar:5.1.2.RELEASE]
	at org.springframework.aop.framework.ReflectiveMethodInvocation.proceed(ReflectiveMethodInvocation.java:186) ~[spring-aop-5.1.2.RELEASE.jar:5.1.2.RELEASE]
	at org.springframework.aop.framework.JdkDynamicAopProxy.invoke(JdkDynamicAopProxy.java:212) ~[spring-aop-5.1.2.RELEASE.jar:5.1.2.RELEASE]
	at com.sun.proxy.$Proxy81.findByName(Unknown Source) ~[na:na]
	at com.example.service.TeacherInfoService.add(TeacherInfoService.java:52) ~[classes/:na]
	at com.example.controller.AccountController.register(AccountController.java:107) ~[classes/:na]
	at sun.reflect.NativeMethodAccessorImpl.invoke0(Native Method) ~[na:1.8.0_451]
	at sun.reflect.NativeMethodAccessorImpl.invoke(NativeMethodAccessorImpl.java:62) ~[na:1.8.0_451]
	at sun.reflect.DelegatingMethodAccessorImpl.invoke(DelegatingMethodAccessorImpl.java:43) ~[na:1.8.0_451]
	at java.lang.reflect.Method.invoke(Method.java:498) ~[na:1.8.0_451]
	at org.springframework.web.method.support.InvocableHandlerMethod.doInvoke(InvocableHandlerMethod.java:215) ~[spring-web-5.1.2.RELEASE.jar:5.1.2.RELEASE]
	at org.springframework.web.method.support.InvocableHandlerMethod.invokeForRequest(InvocableHandlerMethod.java:142) ~[spring-web-5.1.2.RELEASE.jar:5.1.2.RELEASE]
	at org.springframework.web.servlet.mvc.method.annotation.ServletInvocableHandlerMethod.invokeAndHandle(ServletInvocableHandlerMethod.java:102) ~[spring-webmvc-5.1.2.RELEASE.jar:5.1.2.RELEASE]
	at org.springframework.web.servlet.mvc.method.annotation.RequestMappingHandlerAdapter.invokeHandlerMethod(RequestMappingHandlerAdapter.java:895) ~[spring-webmvc-5.1.2.RELEASE.jar:5.1.2.RELEASE]
	at org.springframework.web.servlet.mvc.method.annotation.RequestMappingHandlerAdapter.handleInternal(RequestMappingHandlerAdapter.java:800) ~[spring-webmvc-5.1.2.RELEASE.jar:5.1.2.RELEASE]
	at org.springframework.web.servlet.mvc.method.AbstractHandlerMethodAdapter.handle(AbstractHandlerMethodAdapter.java:87) ~[spring-webmvc-5.1.2.RELEASE.jar:5.1.2.RELEASE]
	at org.springframework.web.servlet.DispatcherServlet.doDispatch(DispatcherServlet.java:1038) ~[spring-webmvc-5.1.2.RELEASE.jar:5.1.2.RELEASE]
	at org.springframework.web.servlet.DispatcherServlet.doService(DispatcherServlet.java:942) ~[spring-webmvc-5.1.2.RELEASE.jar:5.1.2.RELEASE]
	at org.springframework.web.servlet.FrameworkServlet.processRequest(FrameworkServlet.java:998) [spring-webmvc-5.1.2.RELEASE.jar:5.1.2.RELEASE]
	at org.springframework.web.servlet.FrameworkServlet.doPost(FrameworkServlet.java:901) [spring-webmvc-5.1.2.RELEASE.jar:5.1.2.RELEASE]
	at javax.servlet.http.HttpServlet.service(HttpServlet.java:660) [tomcat-embed-core-9.0.12.jar:9.0.12]
	at org.springframework.web.servlet.FrameworkServlet.service(FrameworkServlet.java:875) [spring-webmvc-5.1.2.RELEASE.jar:5.1.2.RELEASE]
	at javax.servlet.http.HttpServlet.service(HttpServlet.java:741) [tomcat-embed-core-9.0.12.jar:9.0.12]
	at org.apache.catalina.core.ApplicationFilterChain.internalDoFilter(ApplicationFilterChain.java:231) [tomcat-embed-core-9.0.12.jar:9.0.12]
	at org.apache.catalina.core.ApplicationFilterChain.doFilter(ApplicationFilterChain.java:166) [tomcat-embed-core-9.0.12.jar:9.0.12]
	at org.apache.tomcat.websocket.server.WsFilter.doFilter(WsFilter.java:53) [tomcat-embed-websocket-9.0.12.jar:9.0.12]
	at org.apache.catalina.core.ApplicationFilterChain.internalDoFilter(ApplicationFilterChain.java:193) [tomcat-embed-core-9.0.12.jar:9.0.12]
	at org.apache.catalina.core.ApplicationFilterChain.doFilter(ApplicationFilterChain.java:166) [tomcat-embed-core-9.0.12.jar:9.0.12]
	at org.springframework.web.filter.RequestContextFilter.doFilterInternal(RequestContextFilter.java:99) [spring-web-5.1.2.RELEASE.jar:5.1.2.RELEASE]
	at org.springframework.web.filter.OncePerRequestFilter.doFilter(OncePerRequestFilter.java:107) [spring-web-5.1.2.RELEASE.jar:5.1.2.RELEASE]
	at org.apache.catalina.core.ApplicationFilterChain.internalDoFilter(ApplicationFilterChain.java:193) [tomcat-embed-core-9.0.12.jar:9.0.12]
	at org.apache.catalina.core.ApplicationFilterChain.doFilter(ApplicationFilterChain.java:166) [tomcat-embed-core-9.0.12.jar:9.0.12]
	at org.springframework.web.filter.FormContentFilter.doFilterInternal(FormContentFilter.java:92) [spring-web-5.1.2.RELEASE.jar:5.1.2.RELEASE]
	at org.springframework.web.filter.OncePerRequestFilter.doFilter(OncePerRequestFilter.java:107) [spring-web-5.1.2.RELEASE.jar:5.1.2.RELEASE]
	at org.apache.catalina.core.ApplicationFilterChain.internalDoFilter(ApplicationFilterChain.java:193) [tomcat-embed-core-9.0.12.jar:9.0.12]
	at org.apache.catalina.core.ApplicationFilterChain.doFilter(ApplicationFilterChain.java:166) [tomcat-embed-core-9.0.12.jar:9.0.12]
	at org.springframework.web.filter.HiddenHttpMethodFilter.doFilterInternal(HiddenHttpMethodFilter.java:93) [spring-web-5.1.2.RELEASE.jar:5.1.2.RELEASE]
	at org.springframework.web.filter.OncePerRequestFilter.doFilter(OncePerRequestFilter.java:107) [spring-web-5.1.2.RELEASE.jar:5.1.2.RELEASE]
	at org.apache.catalina.core.ApplicationFilterChain.internalDoFilter(ApplicationFilterChain.java:193) [tomcat-embed-core-9.0.12.jar:9.0.12]
	at org.apache.catalina.core.ApplicationFilterChain.doFilter(ApplicationFilterChain.java:166) [tomcat-embed-core-9.0.12.jar:9.0.12]
	at org.springframework.web.filter.CharacterEncodingFilter.doFilterInternal(CharacterEncodingFilter.java:200) [spring-web-5.1.2.RELEASE.jar:5.1.2.RELEASE]
	at org.springframework.web.filter.OncePerRequestFilter.doFilter(OncePerRequestFilter.java:107) [spring-web-5.1.2.RELEASE.jar:5.1.2.RELEASE]
	at org.apache.catalina.core.ApplicationFilterChain.internalDoFilter(ApplicationFilterChain.java:193) [tomcat-embed-core-9.0.12.jar:9.0.12]
	at org.apache.catalina.core.ApplicationFilterChain.doFilter(ApplicationFilterChain.java:166) [tomcat-embed-core-9.0.12.jar:9.0.12]
	at org.apache.catalina.core.StandardWrapperValve.invoke(StandardWrapperValve.java:199) [tomcat-embed-core-9.0.12.jar:9.0.12]
	at org.apache.catalina.core.StandardContextValve.invoke(StandardContextValve.java:96) [tomcat-embed-core-9.0.12.jar:9.0.12]
	at org.apache.catalina.authenticator.AuthenticatorBase.invoke(AuthenticatorBase.java:490) [tomcat-embed-core-9.0.12.jar:9.0.12]
	at org.apache.catalina.core.StandardHostValve.invoke(StandardHostValve.java:139) [tomcat-embed-core-9.0.12.jar:9.0.12]
	at org.apache.catalina.valves.ErrorReportValve.invoke(ErrorReportValve.java:92) [tomcat-embed-core-9.0.12.jar:9.0.12]
	at org.apache.catalina.core.StandardEngineValve.invoke(StandardEngineValve.java:74) [tomcat-embed-core-9.0.12.jar:9.0.12]
	at org.apache.catalina.connector.CoyoteAdapter.service(CoyoteAdapter.java:343) [tomcat-embed-core-9.0.12.jar:9.0.12]
	at org.apache.coyote.http11.Http11Processor.service(Http11Processor.java:408) [tomcat-embed-core-9.0.12.jar:9.0.12]
	at org.apache.coyote.AbstractProcessorLight.process(AbstractProcessorLight.java:66) [tomcat-embed-core-9.0.12.jar:9.0.12]
	at org.apache.coyote.AbstractProtocol$ConnectionHandler.process(AbstractProtocol.java:770) [tomcat-embed-core-9.0.12.jar:9.0.12]
	at org.apache.tomcat.util.net.NioEndpoint$SocketProcessor.doRun(NioEndpoint.java:1415) [tomcat-embed-core-9.0.12.jar:9.0.12]
	at org.apache.tomcat.util.net.SocketProcessorBase.run(SocketProcessorBase.java:49) [tomcat-embed-core-9.0.12.jar:9.0.12]
	at java.util.concurrent.ThreadPoolExecutor.runWorker(ThreadPoolExecutor.java:1149) [na:1.8.0_451]
	at java.util.concurrent.ThreadPoolExecutor$Worker.run(ThreadPoolExecutor.java:624) [na:1.8.0_451]
	at org.apache.tomcat.util.threads.TaskThread$WrappingRunnable.run(TaskThread.java:61) [tomcat-embed-core-9.0.12.jar:9.0.12]
	at java.lang.Thread.run(Thread.java:750) [na:1.8.0_451]
Caused by: org.apache.ibatis.exceptions.PersistenceException: 
### Error querying database.  Cause: org.springframework.jdbc.CannotGetJdbcConnectionException: Failed to obtain JDBC Connection; nested exception is java.sql.SQLException: Access denied for user 'root'@'localhost' (using password: YES)
### The error may exist in com/example/dao/TeacherInfoDao.java (best guess)
### The error may involve com.example.dao.TeacherInfoDao.findByName
### The error occurred while executing a query
### Cause: org.springframework.jdbc.CannotGetJdbcConnectionException: Failed to obtain JDBC Connection; nested exception is java.sql.SQLException: Access denied for user 'root'@'localhost' (using password: YES)
	at org.apache.ibatis.exceptions.ExceptionFactory.wrapException(ExceptionFactory.java:30) ~[mybatis-3.4.6.jar:3.4.6]
	at org.apache.ibatis.session.defaults.DefaultSqlSession.selectList(DefaultSqlSession.java:150) ~[mybatis-3.4.6.jar:3.4.6]
	at org.apache.ibatis.session.defaults.DefaultSqlSession.selectList(DefaultSqlSession.java:141) ~[mybatis-3.4.6.jar:3.4.6]
	at org.apache.ibatis.session.defaults.DefaultSqlSession.selectOne(DefaultSqlSession.java:77) ~[mybatis-3.4.6.jar:3.4.6]
	at sun.reflect.NativeMethodAccessorImpl.invoke0(Native Method) ~[na:1.8.0_451]
	at sun.reflect.NativeMethodAccessorImpl.invoke(NativeMethodAccessorImpl.java:62) ~[na:1.8.0_451]
	at sun.reflect.DelegatingMethodAccessorImpl.invoke(DelegatingMethodAccessorImpl.java:43) ~[na:1.8.0_451]
	at java.lang.reflect.Method.invoke(Method.java:498) ~[na:1.8.0_451]
	at org.mybatis.spring.SqlSessionTemplate$SqlSessionInterceptor.invoke(SqlSessionTemplate.java:433) ~[mybatis-spring-1.3.2.jar:1.3.2]
	... 72 common frames omitted
Caused by: org.springframework.jdbc.CannotGetJdbcConnectionException: Failed to obtain JDBC Connection; nested exception is java.sql.SQLException: Access denied for user 'root'@'localhost' (using password: YES)
	at org.springframework.jdbc.datasource.DataSourceUtils.getConnection(DataSourceUtils.java:81) ~[spring-jdbc-5.1.2.RELEASE.jar:5.1.2.RELEASE]
	at org.mybatis.spring.transaction.SpringManagedTransaction.openConnection(SpringManagedTransaction.java:82) ~[mybatis-spring-1.3.2.jar:1.3.2]
	at org.mybatis.spring.transaction.SpringManagedTransaction.getConnection(SpringManagedTransaction.java:68) ~[mybatis-spring-1.3.2.jar:1.3.2]
	at org.apache.ibatis.executor.BaseExecutor.getConnection(BaseExecutor.java:338) ~[mybatis-3.4.6.jar:3.4.6]
	at org.apache.ibatis.executor.SimpleExecutor.prepareStatement(SimpleExecutor.java:84) ~[mybatis-3.4.6.jar:3.4.6]
	at org.apache.ibatis.executor.SimpleExecutor.doQuery(SimpleExecutor.java:62) ~[mybatis-3.4.6.jar:3.4.6]
	at org.apache.ibatis.executor.BaseExecutor.queryFromDatabase(BaseExecutor.java:326) ~[mybatis-3.4.6.jar:3.4.6]
	at org.apache.ibatis.executor.BaseExecutor.query(BaseExecutor.java:156) ~[mybatis-3.4.6.jar:3.4.6]
	at org.apache.ibatis.executor.CachingExecutor.query(CachingExecutor.java:109) ~[mybatis-3.4.6.jar:3.4.6]
	at com.github.pagehelper.PageInterceptor.intercept(PageInterceptor.java:108) ~[pagehelper-5.1.8.jar:na]
	at org.apache.ibatis.plugin.Plugin.invoke(Plugin.java:61) ~[mybatis-3.4.6.jar:3.4.6]
	at com.sun.proxy.$Proxy109.query(Unknown Source) ~[na:na]
	at org.apache.ibatis.session.defaults.DefaultSqlSession.selectList(DefaultSqlSession.java:148) ~[mybatis-3.4.6.jar:3.4.6]
	... 79 common frames omitted
Caused by: java.sql.SQLException: Access denied for user 'root'@'localhost' (using password: YES)
	at com.mysql.cj.jdbc.exceptions.SQLError.createSQLException(SQLError.java:129) ~[mysql-connector-java-8.0.13.jar:8.0.13]
	at com.mysql.cj.jdbc.exceptions.SQLError.createSQLException(SQLError.java:97) ~[mysql-connector-java-8.0.13.jar:8.0.13]
	at com.mysql.cj.jdbc.exceptions.SQLExceptionsMapping.translateException(SQLExceptionsMapping.java:122) ~[mysql-connector-java-8.0.13.jar:8.0.13]
	at com.mysql.cj.jdbc.ConnectionImpl.createNewIO(ConnectionImpl.java:835) ~[mysql-connector-java-8.0.13.jar:8.0.13]
	at com.mysql.cj.jdbc.ConnectionImpl.<init>(ConnectionImpl.java:455) ~[mysql-connector-java-8.0.13.jar:8.0.13]
	at com.mysql.cj.jdbc.ConnectionImpl.getInstance(ConnectionImpl.java:240) ~[mysql-connector-java-8.0.13.jar:8.0.13]
	at com.mysql.cj.jdbc.NonRegisteringDriver.connect(NonRegisteringDriver.java:207) ~[mysql-connector-java-8.0.13.jar:8.0.13]
	at com.zaxxer.hikari.util.DriverDataSource.getConnection(DriverDataSource.java:136) ~[HikariCP-3.2.0.jar:na]
	at com.zaxxer.hikari.pool.PoolBase.newConnection(PoolBase.java:369) ~[HikariCP-3.2.0.jar:na]
	at com.zaxxer.hikari.pool.PoolBase.newPoolEntry(PoolBase.java:198) ~[HikariCP-3.2.0.jar:na]
	at com.zaxxer.hikari.pool.HikariPool.createPoolEntry(HikariPool.java:467) ~[HikariCP-3.2.0.jar:na]
	at com.zaxxer.hikari.pool.HikariPool.checkFailFast(HikariPool.java:541) ~[HikariCP-3.2.0.jar:na]
	at com.zaxxer.hikari.pool.HikariPool.<init>(HikariPool.java:115) ~[HikariCP-3.2.0.jar:na]
	at com.zaxxer.hikari.HikariDataSource.getConnection(HikariDataSource.java:112) ~[HikariCP-3.2.0.jar:na]
	at org.springframework.jdbc.datasource.DataSourceUtils.fetchConnection(DataSourceUtils.java:151) ~[spring-jdbc-5.1.2.RELEASE.jar:5.1.2.RELEASE]
	at org.springframework.jdbc.datasource.DataSourceUtils.doGetConnection(DataSourceUtils.java:115) ~[spring-jdbc-5.1.2.RELEASE.jar:5.1.2.RELEASE]
	at org.springframework.jdbc.datasource.DataSourceUtils.getConnection(DataSourceUtils.java:78) ~[spring-jdbc-5.1.2.RELEASE.jar:5.1.2.RELEASE]
	... 91 common frames omitted

2026-04-23 15:26:58.563  INFO 30624 --- [Thread-3] o.s.s.concurrent.ThreadPoolTaskExecutor  : Shutting down ExecutorService 'applicationTaskExecutor'
2026-04-23 15:45:56.799  INFO 30332 --- [main] com.example.Application                  : Starting Application on HYH with PID 30332 (started by 48938 in C:\Users\48938\Documents\AAA\一堆2.2\信息系统实践\1716035241321-学生选课管理系统)
2026-04-23 15:45:56.801  INFO 30332 --- [main] com.example.Application                  : No active profile set, falling back to default profiles: default
2026-04-23 15:45:57.223  WARN 30332 --- [main] o.m.s.mapper.ClassPathMapperScanner      : No MyBatis mapper was found in '[com.example]' package. Please check your configuration.
2026-04-23 15:45:57.946  INFO 30332 --- [main] o.s.b.w.embedded.tomcat.TomcatWebServer  : Tomcat initialized with port(s): 8888 (http)
2026-04-23 15:45:57.958  INFO 30332 --- [main] o.apache.catalina.core.StandardService   : Starting service [Tomcat]
2026-04-23 15:45:57.958  INFO 30332 --- [main] org.apache.catalina.core.StandardEngine  : Starting Servlet Engine: Apache Tomcat/9.0.12
2026-04-23 15:45:57.964  INFO 30332 --- [main] o.a.catalina.core.AprLifecycleListener   : The APR based Apache Tomcat Native library which allows optimal performance in production environments was not found on the java.library.path: [C:\Program Files (x86)\Java\jdk-1.8\bin;C:\WINDOWS\Sun\Java\bin;C:\WINDOWS\system32;C:\WINDOWS;C:\Program Files\Common Files\Oracle\Java\javapath;C:\Program Files (x86)\Common Files\Oracle\Java\java8path;C:\Program Files (x86)\Common Files\Oracle\Java\javapath;C:\Program Files\NVIDIA GPU Computing Toolkit\CUDA\v12.9\bin;C:\Program Files\NVIDIA GPU Computing Toolkit\CUDA\v12.9\libnvvp;C:\Windows\system32;C:\Windows;C:\Windows\System32\Wbem;C:\Windows\System32\WindowsPowerShell\v1.0\;C:\Windows\System32\OpenSSH\;C:\Program Files (x86)\NVIDIA Corporation\PhysX\Common;C:\Program Files\dotnet\;C:\Oracle\instantclient-basic-windows.x64-23.26.1.0.0\instantclient_23_0;C:\WINDOWS\system32;C:\WINDOWS;C:\WINDOWS\System32\Wbem;C:\WINDOWS\System32\WindowsPowerShell\v1.0\;C:\WINDOWS\System32\OpenSSH\;C:\Program Files\Bandizip\;C:\Program Files (x86)\Windows Kits\10\Windows Performance Toolkit\;C:\Program Files\NVIDIA Corporation\NVIDIA App\NvDLISR;C:\Program Files\NVIDIA Corporation\Nsight Compute 2025.2.0\;C:\Program Files (x86)\Java\jdk-1.8\bin;%JRE_HOME%\bin;C:\Users\48938\AppData\Local\Programs\Python\Launcher\;C:\Users\48938\AppData\Local\Programs\Python\Python313;C:\Users\48938\AppData\Local\Microsoft\WindowsApps;C:\Users\48938\.dotnet\tools;C:\Users\48938\AppData\Local\Programs\Ollama;C:\Users\48938\AppData\Local\Programs\Python\Python313\Scripts;C:\Users\48938\AppData\Local\GitHubDesktop\bin;C:\mingw64\bin;.]
2026-04-23 15:45:58.062  INFO 30332 --- [main] o.a.c.c.C.[Tomcat].[localhost].[/]       : Initializing Spring embedded WebApplicationContext
2026-04-23 15:45:58.062  INFO 30332 --- [main] o.s.web.context.ContextLoader            : Root WebApplicationContext: initialization completed in 1230 ms
2026-04-23 15:45:58.077  INFO 30332 --- [main] o.s.b.w.servlet.ServletRegistrationBean  : Servlet dispatcherServlet mapped to [/]
2026-04-23 15:45:58.080  INFO 30332 --- [main] o.s.b.w.servlet.FilterRegistrationBean   : Mapping filter: 'characterEncodingFilter' to: [/*]
2026-04-23 15:45:58.080  INFO 30332 --- [main] o.s.b.w.servlet.FilterRegistrationBean   : Mapping filter: 'hiddenHttpMethodFilter' to: [/*]
2026-04-23 15:45:58.081  INFO 30332 --- [main] o.s.b.w.servlet.FilterRegistrationBean   : Mapping filter: 'formContentFilter' to: [/*]
2026-04-23 15:45:58.081  INFO 30332 --- [main] o.s.b.w.servlet.FilterRegistrationBean   : Mapping filter: 'requestContextFilter' to: [/*]
2026-04-23 15:45:58.581  INFO 30332 --- [main] o.s.s.concurrent.ThreadPoolTaskExecutor  : Initializing ExecutorService 'applicationTaskExecutor'
2026-04-23 15:45:58.785  INFO 30332 --- [main] o.s.b.w.embedded.tomcat.TomcatWebServer  : Tomcat started on port(s): 8888 (http) with context path ''
2026-04-23 15:45:58.787  INFO 30332 --- [main] com.example.Application                  : Started Application in 2.355 seconds (JVM running for 2.649)
2026-04-23 15:45:58.789  INFO 30332 --- [main] com.example.common.config.OpenBrowser    : 项目启动成功……
2026-04-23 15:45:59.285  INFO 30332 --- [http-nio-8888-exec-1] o.a.c.c.C.[Tomcat].[localhost].[/]       : Initializing Spring DispatcherServlet 'dispatcherServlet'
2026-04-23 15:45:59.286  INFO 30332 --- [http-nio-8888-exec-1] o.s.web.servlet.DispatcherServlet        : Initializing Servlet 'dispatcherServlet'
2026-04-23 15:45:59.293  INFO 30332 --- [http-nio-8888-exec-1] o.s.web.servlet.DispatcherServlet        : Completed initialization in 7 ms
2026-04-23 15:46:08.559  INFO 30332 --- [http-nio-8888-exec-2] com.zaxxer.hikari.HikariDataSource       : HikariPool-1 - Starting...
2026-04-23 15:46:09.670 ERROR 30332 --- [http-nio-8888-exec-2] com.zaxxer.hikari.pool.HikariPool        : HikariPool-1 - Exception during pool initialization.

java.sql.SQLSyntaxErrorException: Unknown database 'bs_xk'
	at com.mysql.cj.jdbc.exceptions.SQLError.createSQLException(SQLError.java:120) ~[mysql-connector-java-8.0.13.jar:8.0.13]
	at com.mysql.cj.jdbc.exceptions.SQLError.createSQLException(SQLError.java:97) ~[mysql-connector-java-8.0.13.jar:8.0.13]
	at com.mysql.cj.jdbc.exceptions.SQLExceptionsMapping.translateException(SQLExceptionsMapping.java:122) ~[mysql-connector-java-8.0.13.jar:8.0.13]
	at com.mysql.cj.jdbc.ConnectionImpl.createNewIO(ConnectionImpl.java:835) ~[mysql-connector-java-8.0.13.jar:8.0.13]
	at com.mysql.cj.jdbc.ConnectionImpl.<init>(ConnectionImpl.java:455) ~[mysql-connector-java-8.0.13.jar:8.0.13]
	at com.mysql.cj.jdbc.ConnectionImpl.getInstance(ConnectionImpl.java:240) ~[mysql-connector-java-8.0.13.jar:8.0.13]
	at com.mysql.cj.jdbc.NonRegisteringDriver.connect(NonRegisteringDriver.java:207) ~[mysql-connector-java-8.0.13.jar:8.0.13]
	at com.zaxxer.hikari.util.DriverDataSource.getConnection(DriverDataSource.java:136) ~[HikariCP-3.2.0.jar:na]
	at com.zaxxer.hikari.pool.PoolBase.newConnection(PoolBase.java:369) ~[HikariCP-3.2.0.jar:na]
	at com.zaxxer.hikari.pool.PoolBase.newPoolEntry(PoolBase.java:198) ~[HikariCP-3.2.0.jar:na]
	at com.zaxxer.hikari.pool.HikariPool.createPoolEntry(HikariPool.java:467) [HikariCP-3.2.0.jar:na]
	at com.zaxxer.hikari.pool.HikariPool.checkFailFast(HikariPool.java:541) [HikariCP-3.2.0.jar:na]
	at com.zaxxer.hikari.pool.HikariPool.<init>(HikariPool.java:115) [HikariCP-3.2.0.jar:na]
	at com.zaxxer.hikari.HikariDataSource.getConnection(HikariDataSource.java:112) [HikariCP-3.2.0.jar:na]
	at org.springframework.jdbc.datasource.DataSourceUtils.fetchConnection(DataSourceUtils.java:151) [spring-jdbc-5.1.2.RELEASE.jar:5.1.2.RELEASE]
	at org.springframework.jdbc.datasource.DataSourceUtils.doGetConnection(DataSourceUtils.java:115) [spring-jdbc-5.1.2.RELEASE.jar:5.1.2.RELEASE]
	at org.springframework.jdbc.datasource.DataSourceUtils.getConnection(DataSourceUtils.java:78) [spring-jdbc-5.1.2.RELEASE.jar:5.1.2.RELEASE]
	at org.mybatis.spring.transaction.SpringManagedTransaction.openConnection(SpringManagedTransaction.java:82) [mybatis-spring-1.3.2.jar:1.3.2]
	at org.mybatis.spring.transaction.SpringManagedTransaction.getConnection(SpringManagedTransaction.java:68) [mybatis-spring-1.3.2.jar:1.3.2]
	at org.apache.ibatis.executor.BaseExecutor.getConnection(BaseExecutor.java:338) [mybatis-3.4.6.jar:3.4.6]
	at org.apache.ibatis.executor.SimpleExecutor.prepareStatement(SimpleExecutor.java:84) [mybatis-3.4.6.jar:3.4.6]
	at org.apache.ibatis.executor.SimpleExecutor.doQuery(SimpleExecutor.java:62) [mybatis-3.4.6.jar:3.4.6]
	at org.apache.ibatis.executor.BaseExecutor.queryFromDatabase(BaseExecutor.java:326) [mybatis-3.4.6.jar:3.4.6]
	at org.apache.ibatis.executor.BaseExecutor.query(BaseExecutor.java:156) [mybatis-3.4.6.jar:3.4.6]
	at org.apache.ibatis.executor.CachingExecutor.query(CachingExecutor.java:109) [mybatis-3.4.6.jar:3.4.6]
	at com.github.pagehelper.PageInterceptor.intercept(PageInterceptor.java:108) [pagehelper-5.1.8.jar:na]
	at org.apache.ibatis.plugin.Plugin.invoke(Plugin.java:61) [mybatis-3.4.6.jar:3.4.6]
	at com.sun.proxy.$Proxy109.query(Unknown Source) [na:na]
	at org.apache.ibatis.session.defaults.DefaultSqlSession.selectList(DefaultSqlSession.java:148) [mybatis-3.4.6.jar:3.4.6]
	at org.apache.ibatis.session.defaults.DefaultSqlSession.selectList(DefaultSqlSession.java:141) [mybatis-3.4.6.jar:3.4.6]
	at org.apache.ibatis.session.defaults.DefaultSqlSession.selectOne(DefaultSqlSession.java:77) [mybatis-3.4.6.jar:3.4.6]
	at sun.reflect.NativeMethodAccessorImpl.invoke0(Native Method) ~[na:1.8.0_451]
	at sun.reflect.NativeMethodAccessorImpl.invoke(NativeMethodAccessorImpl.java:62) ~[na:1.8.0_451]
	at sun.reflect.DelegatingMethodAccessorImpl.invoke(DelegatingMethodAccessorImpl.java:43) ~[na:1.8.0_451]
	at java.lang.reflect.Method.invoke(Method.java:498) ~[na:1.8.0_451]
	at org.mybatis.spring.SqlSessionTemplate$SqlSessionInterceptor.invoke(SqlSessionTemplate.java:433) [mybatis-spring-1.3.2.jar:1.3.2]
	at com.sun.proxy.$Proxy71.selectOne(Unknown Source) [na:na]
	at org.mybatis.spring.SqlSessionTemplate.selectOne(SqlSessionTemplate.java:166) [mybatis-spring-1.3.2.jar:1.3.2]
	at org.apache.ibatis.binding.MapperMethod.execute(MapperMethod.java:83) [mybatis-3.4.6.jar:3.4.6]
	at org.apache.ibatis.binding.MapperProxy.invoke(MapperProxy.java:59) [mybatis-3.4.6.jar:3.4.6]
	at com.sun.proxy.$Proxy80.findByName(Unknown Source) [na:na]
	at sun.reflect.NativeMethodAccessorImpl.invoke0(Native Method) ~[na:1.8.0_451]
	at sun.reflect.NativeMethodAccessorImpl.invoke(NativeMethodAccessorImpl.java:62) ~[na:1.8.0_451]
	at sun.reflect.DelegatingMethodAccessorImpl.invoke(DelegatingMethodAccessorImpl.java:43) ~[na:1.8.0_451]
	at java.lang.reflect.Method.invoke(Method.java:498) ~[na:1.8.0_451]
	at org.springframework.aop.support.AopUtils.invokeJoinpointUsingReflection(AopUtils.java:343) [spring-aop-5.1.2.RELEASE.jar:5.1.2.RELEASE]
	at org.springframework.aop.framework.ReflectiveMethodInvocation.invokeJoinpoint(ReflectiveMethodInvocation.java:198) [spring-aop-5.1.2.RELEASE.jar:5.1.2.RELEASE]
	at org.springframework.aop.framework.ReflectiveMethodInvocation.proceed(ReflectiveMethodInvocation.java:163) [spring-aop-5.1.2.RELEASE.jar:5.1.2.RELEASE]
	at org.springframework.dao.support.PersistenceExceptionTranslationInterceptor.invoke(PersistenceExceptionTranslationInterceptor.java:139) [spring-tx-5.1.2.RELEASE.jar:5.1.2.RELEASE]
	at org.springframework.aop.framework.ReflectiveMethodInvocation.proceed(ReflectiveMethodInvocation.java:186) [spring-aop-5.1.2.RELEASE.jar:5.1.2.RELEASE]
	at org.springframework.aop.framework.JdkDynamicAopProxy.invoke(JdkDynamicAopProxy.java:212) [spring-aop-5.1.2.RELEASE.jar:5.1.2.RELEASE]
	at com.sun.proxy.$Proxy81.findByName(Unknown Source) [na:na]
	at com.example.service.TeacherInfoService.add(TeacherInfoService.java:52) [classes/:na]
	at com.example.controller.AccountController.register(AccountController.java:107) [classes/:na]
	at sun.reflect.NativeMethodAccessorImpl.invoke0(Native Method) ~[na:1.8.0_451]
	at sun.reflect.NativeMethodAccessorImpl.invoke(NativeMethodAccessorImpl.java:62) ~[na:1.8.0_451]
	at sun.reflect.DelegatingMethodAccessorImpl.invoke(DelegatingMethodAccessorImpl.java:43) ~[na:1.8.0_451]
	at java.lang.reflect.Method.invoke(Method.java:498) ~[na:1.8.0_451]
	at org.springframework.web.method.support.InvocableHandlerMethod.doInvoke(InvocableHandlerMethod.java:215) [spring-web-5.1.2.RELEASE.jar:5.1.2.RELEASE]
	at org.springframework.web.method.support.InvocableHandlerMethod.invokeForRequest(InvocableHandlerMethod.java:142) [spring-web-5.1.2.RELEASE.jar:5.1.2.RELEASE]
	at org.springframework.web.servlet.mvc.method.annotation.ServletInvocableHandlerMethod.invokeAndHandle(ServletInvocableHandlerMethod.java:102) [spring-webmvc-5.1.2.RELEASE.jar:5.1.2.RELEASE]
	at org.springframework.web.servlet.mvc.method.annotation.RequestMappingHandlerAdapter.invokeHandlerMethod(RequestMappingHandlerAdapter.java:895) [spring-webmvc-5.1.2.RELEASE.jar:5.1.2.RELEASE]
	at org.springframework.web.servlet.mvc.method.annotation.RequestMappingHandlerAdapter.handleInternal(RequestMappingHandlerAdapter.java:800) [spring-webmvc-5.1.2.RELEASE.jar:5.1.2.RELEASE]
	at org.springframework.web.servlet.mvc.method.AbstractHandlerMethodAdapter.handle(AbstractHandlerMethodAdapter.java:87) [spring-webmvc-5.1.2.RELEASE.jar:5.1.2.RELEASE]
	at org.springframework.web.servlet.DispatcherServlet.doDispatch(DispatcherServlet.java:1038) [spring-webmvc-5.1.2.RELEASE.jar:5.1.2.RELEASE]
	at org.springframework.web.servlet.DispatcherServlet.doService(DispatcherServlet.java:942) [spring-webmvc-5.1.2.RELEASE.jar:5.1.2.RELEASE]
	at org.springframework.web.servlet.FrameworkServlet.processRequest(FrameworkServlet.java:998) [spring-webmvc-5.1.2.RELEASE.jar:5.1.2.RELEASE]
	at org.springframework.web.servlet.FrameworkServlet.doPost(FrameworkServlet.java:901) [spring-webmvc-5.1.2.RELEASE.jar:5.1.2.RELEASE]
	at javax.servlet.http.HttpServlet.service(HttpServlet.java:660) [tomcat-embed-core-9.0.12.jar:9.0.12]
	at org.springframework.web.servlet.FrameworkServlet.service(FrameworkServlet.java:875) [spring-webmvc-5.1.2.RELEASE.jar:5.1.2.RELEASE]
	at javax.servlet.http.HttpServlet.service(HttpServlet.java:741) [tomcat-embed-core-9.0.12.jar:9.0.12]
	at org.apache.catalina.core.ApplicationFilterChain.internalDoFilter(ApplicationFilterChain.java:231) [tomcat-embed-core-9.0.12.jar:9.0.12]
	at org.apache.catalina.core.ApplicationFilterChain.doFilter(ApplicationFilterChain.java:166) [tomcat-embed-core-9.0.12.jar:9.0.12]
	at org.apache.tomcat.websocket.server.WsFilter.doFilter(WsFilter.java:53) [tomcat-embed-websocket-9.0.12.jar:9.0.12]
	at org.apache.catalina.core.ApplicationFilterChain.internalDoFilter(ApplicationFilterChain.java:193) [tomcat-embed-core-9.0.12.jar:9.0.12]
	at org.apache.catalina.core.ApplicationFilterChain.doFilter(ApplicationFilterChain.java:166) [tomcat-embed-core-9.0.12.jar:9.0.12]
	at org.springframework.web.filter.RequestContextFilter.doFilterInternal(RequestContextFilter.java:99) [spring-web-5.1.2.RELEASE.jar:5.1.2.RELEASE]
	at org.springframework.web.filter.OncePerRequestFilter.doFilter(OncePerRequestFilter.java:107) [spring-web-5.1.2.RELEASE.jar:5.1.2.RELEASE]
	at org.apache.catalina.core.ApplicationFilterChain.internalDoFilter(ApplicationFilterChain.java:193) [tomcat-embed-core-9.0.12.jar:9.0.12]
	at org.apache.catalina.core.ApplicationFilterChain.doFilter(ApplicationFilterChain.java:166) [tomcat-embed-core-9.0.12.jar:9.0.12]
	at org.springframework.web.filter.FormContentFilter.doFilterInternal(FormContentFilter.java:92) [spring-web-5.1.2.RELEASE.jar:5.1.2.RELEASE]
	at org.springframework.web.filter.OncePerRequestFilter.doFilter(OncePerRequestFilter.java:107) [spring-web-5.1.2.RELEASE.jar:5.1.2.RELEASE]
	at org.apache.catalina.core.ApplicationFilterChain.internalDoFilter(ApplicationFilterChain.java:193) [tomcat-embed-core-9.0.12.jar:9.0.12]
	at org.apache.catalina.core.ApplicationFilterChain.doFilter(ApplicationFilterChain.java:166) [tomcat-embed-core-9.0.12.jar:9.0.12]
	at org.springframework.web.filter.HiddenHttpMethodFilter.doFilterInternal(HiddenHttpMethodFilter.java:93) [spring-web-5.1.2.RELEASE.jar:5.1.2.RELEASE]
	at org.springframework.web.filter.OncePerRequestFilter.doFilter(OncePerRequestFilter.java:107) [spring-web-5.1.2.RELEASE.jar:5.1.2.RELEASE]
	at org.apache.catalina.core.ApplicationFilterChain.internalDoFilter(ApplicationFilterChain.java:193) [tomcat-embed-core-9.0.12.jar:9.0.12]
	at org.apache.catalina.core.ApplicationFilterChain.doFilter(ApplicationFilterChain.java:166) [tomcat-embed-core-9.0.12.jar:9.0.12]
	at org.springframework.web.filter.CharacterEncodingFilter.doFilterInternal(CharacterEncodingFilter.java:200) [spring-web-5.1.2.RELEASE.jar:5.1.2.RELEASE]
	at org.springframework.web.filter.OncePerRequestFilter.doFilter(OncePerRequestFilter.java:107) [spring-web-5.1.2.RELEASE.jar:5.1.2.RELEASE]
	at org.apache.catalina.core.ApplicationFilterChain.internalDoFilter(ApplicationFilterChain.java:193) [tomcat-embed-core-9.0.12.jar:9.0.12]
	at org.apache.catalina.core.ApplicationFilterChain.doFilter(ApplicationFilterChain.java:166) [tomcat-embed-core-9.0.12.jar:9.0.12]
	at org.apache.catalina.core.StandardWrapperValve.invoke(StandardWrapperValve.java:199) [tomcat-embed-core-9.0.12.jar:9.0.12]
	at org.apache.catalina.core.StandardContextValve.invoke(StandardContextValve.java:96) [tomcat-embed-core-9.0.12.jar:9.0.12]
	at org.apache.catalina.authenticator.AuthenticatorBase.invoke(AuthenticatorBase.java:490) [tomcat-embed-core-9.0.12.jar:9.0.12]
	at org.apache.catalina.core.StandardHostValve.invoke(StandardHostValve.java:139) [tomcat-embed-core-9.0.12.jar:9.0.12]
	at org.apache.catalina.valves.ErrorReportValve.invoke(ErrorReportValve.java:92) [tomcat-embed-core-9.0.12.jar:9.0.12]
	at org.apache.catalina.core.StandardEngineValve.invoke(StandardEngineValve.java:74) [tomcat-embed-core-9.0.12.jar:9.0.12]
	at org.apache.catalina.connector.CoyoteAdapter.service(CoyoteAdapter.java:343) [tomcat-embed-core-9.0.12.jar:9.0.12]
	at org.apache.coyote.http11.Http11Processor.service(Http11Processor.java:408) [tomcat-embed-core-9.0.12.jar:9.0.12]
	at org.apache.coyote.AbstractProcessorLight.process(AbstractProcessorLight.java:66) [tomcat-embed-core-9.0.12.jar:9.0.12]
	at org.apache.coyote.AbstractProtocol$ConnectionHandler.process(AbstractProtocol.java:770) [tomcat-embed-core-9.0.12.jar:9.0.12]
	at org.apache.tomcat.util.net.NioEndpoint$SocketProcessor.doRun(NioEndpoint.java:1415) [tomcat-embed-core-9.0.12.jar:9.0.12]
	at org.apache.tomcat.util.net.SocketProcessorBase.run(SocketProcessorBase.java:49) [tomcat-embed-core-9.0.12.jar:9.0.12]
	at java.util.concurrent.ThreadPoolExecutor.runWorker(ThreadPoolExecutor.java:1149) [na:1.8.0_451]
	at java.util.concurrent.ThreadPoolExecutor$Worker.run(ThreadPoolExecutor.java:624) [na:1.8.0_451]
	at org.apache.tomcat.util.threads.TaskThread$WrappingRunnable.run(TaskThread.java:61) [tomcat-embed-core-9.0.12.jar:9.0.12]
	at java.lang.Thread.run(Thread.java:750) [na:1.8.0_451]

2026-04-23 15:46:09.684 ERROR 30332 --- [http-nio-8888-exec-2] c.e.exception.GlobalExceptionHandler     : 异常信息：

org.mybatis.spring.MyBatisSystemException: nested exception is org.apache.ibatis.exceptions.PersistenceException: 
### Error querying database.  Cause: org.springframework.jdbc.CannotGetJdbcConnectionException: Failed to obtain JDBC Connection; nested exception is java.sql.SQLSyntaxErrorException: Unknown database 'bs_xk'
### The error may exist in com/example/dao/TeacherInfoDao.java (best guess)
### The error may involve com.example.dao.TeacherInfoDao.findByName
### The error occurred while executing a query
### Cause: org.springframework.jdbc.CannotGetJdbcConnectionException: Failed to obtain JDBC Connection; nested exception is java.sql.SQLSyntaxErrorException: Unknown database 'bs_xk'
	at org.mybatis.spring.MyBatisExceptionTranslator.translateExceptionIfPossible(MyBatisExceptionTranslator.java:77) ~[mybatis-spring-1.3.2.jar:1.3.2]
	at org.mybatis.spring.SqlSessionTemplate$SqlSessionInterceptor.invoke(SqlSessionTemplate.java:446) ~[mybatis-spring-1.3.2.jar:1.3.2]
	at com.sun.proxy.$Proxy71.selectOne(Unknown Source) ~[na:na]
	at org.mybatis.spring.SqlSessionTemplate.selectOne(SqlSessionTemplate.java:166) ~[mybatis-spring-1.3.2.jar:1.3.2]
	at org.apache.ibatis.binding.MapperMethod.execute(MapperMethod.java:83) ~[mybatis-3.4.6.jar:3.4.6]
	at org.apache.ibatis.binding.MapperProxy.invoke(MapperProxy.java:59) ~[mybatis-3.4.6.jar:3.4.6]
	at com.sun.proxy.$Proxy80.findByName(Unknown Source) ~[na:na]
	at sun.reflect.NativeMethodAccessorImpl.invoke0(Native Method) ~[na:1.8.0_451]
	at sun.reflect.NativeMethodAccessorImpl.invoke(NativeMethodAccessorImpl.java:62) ~[na:1.8.0_451]
	at sun.reflect.DelegatingMethodAccessorImpl.invoke(DelegatingMethodAccessorImpl.java:43) ~[na:1.8.0_451]
	at java.lang.reflect.Method.invoke(Method.java:498) ~[na:1.8.0_451]
	at org.springframework.aop.support.AopUtils.invokeJoinpointUsingReflection(AopUtils.java:343) ~[spring-aop-5.1.2.RELEASE.jar:5.1.2.RELEASE]
	at org.springframework.aop.framework.ReflectiveMethodInvocation.invokeJoinpoint(ReflectiveMethodInvocation.java:198) ~[spring-aop-5.1.2.RELEASE.jar:5.1.2.RELEASE]
	at org.springframework.aop.framework.ReflectiveMethodInvocation.proceed(ReflectiveMethodInvocation.java:163) ~[spring-aop-5.1.2.RELEASE.jar:5.1.2.RELEASE]
	at org.springframework.dao.support.PersistenceExceptionTranslationInterceptor.invoke(PersistenceExceptionTranslationInterceptor.java:139) ~[spring-tx-5.1.2.RELEASE.jar:5.1.2.RELEASE]
	at org.springframework.aop.framework.ReflectiveMethodInvocation.proceed(ReflectiveMethodInvocation.java:186) ~[spring-aop-5.1.2.RELEASE.jar:5.1.2.RELEASE]
	at org.springframework.aop.framework.JdkDynamicAopProxy.invoke(JdkDynamicAopProxy.java:212) ~[spring-aop-5.1.2.RELEASE.jar:5.1.2.RELEASE]
	at com.sun.proxy.$Proxy81.findByName(Unknown Source) ~[na:na]
	at com.example.service.TeacherInfoService.add(TeacherInfoService.java:52) ~[classes/:na]
	at com.example.controller.AccountController.register(AccountController.java:107) ~[classes/:na]
	at sun.reflect.NativeMethodAccessorImpl.invoke0(Native Method) ~[na:1.8.0_451]
	at sun.reflect.NativeMethodAccessorImpl.invoke(NativeMethodAccessorImpl.java:62) ~[na:1.8.0_451]
	at sun.reflect.DelegatingMethodAccessorImpl.invoke(DelegatingMethodAccessorImpl.java:43) ~[na:1.8.0_451]
	at java.lang.reflect.Method.invoke(Method.java:498) ~[na:1.8.0_451]
	at org.springframework.web.method.support.InvocableHandlerMethod.doInvoke(InvocableHandlerMethod.java:215) ~[spring-web-5.1.2.RELEASE.jar:5.1.2.RELEASE]
	at org.springframework.web.method.support.InvocableHandlerMethod.invokeForRequest(InvocableHandlerMethod.java:142) ~[spring-web-5.1.2.RELEASE.jar:5.1.2.RELEASE]
	at org.springframework.web.servlet.mvc.method.annotation.ServletInvocableHandlerMethod.invokeAndHandle(ServletInvocableHandlerMethod.java:102) ~[spring-webmvc-5.1.2.RELEASE.jar:5.1.2.RELEASE]
	at org.springframework.web.servlet.mvc.method.annotation.RequestMappingHandlerAdapter.invokeHandlerMethod(RequestMappingHandlerAdapter.java:895) ~[spring-webmvc-5.1.2.RELEASE.jar:5.1.2.RELEASE]
	at org.springframework.web.servlet.mvc.method.annotation.RequestMappingHandlerAdapter.handleInternal(RequestMappingHandlerAdapter.java:800) ~[spring-webmvc-5.1.2.RELEASE.jar:5.1.2.RELEASE]
	at org.springframework.web.servlet.mvc.method.AbstractHandlerMethodAdapter.handle(AbstractHandlerMethodAdapter.java:87) ~[spring-webmvc-5.1.2.RELEASE.jar:5.1.2.RELEASE]
	at org.springframework.web.servlet.DispatcherServlet.doDispatch(DispatcherServlet.java:1038) ~[spring-webmvc-5.1.2.RELEASE.jar:5.1.2.RELEASE]
	at org.springframework.web.servlet.DispatcherServlet.doService(DispatcherServlet.java:942) ~[spring-webmvc-5.1.2.RELEASE.jar:5.1.2.RELEASE]
	at org.springframework.web.servlet.FrameworkServlet.processRequest(FrameworkServlet.java:998) [spring-webmvc-5.1.2.RELEASE.jar:5.1.2.RELEASE]
	at org.springframework.web.servlet.FrameworkServlet.doPost(FrameworkServlet.java:901) [spring-webmvc-5.1.2.RELEASE.jar:5.1.2.RELEASE]
	at javax.servlet.http.HttpServlet.service(HttpServlet.java:660) [tomcat-embed-core-9.0.12.jar:9.0.12]
	at org.springframework.web.servlet.FrameworkServlet.service(FrameworkServlet.java:875) [spring-webmvc-5.1.2.RELEASE.jar:5.1.2.RELEASE]
	at javax.servlet.http.HttpServlet.service(HttpServlet.java:741) [tomcat-embed-core-9.0.12.jar:9.0.12]
	at org.apache.catalina.core.ApplicationFilterChain.internalDoFilter(ApplicationFilterChain.java:231) [tomcat-embed-core-9.0.12.jar:9.0.12]
	at org.apache.catalina.core.ApplicationFilterChain.doFilter(ApplicationFilterChain.java:166) [tomcat-embed-core-9.0.12.jar:9.0.12]
	at org.apache.tomcat.websocket.server.WsFilter.doFilter(WsFilter.java:53) [tomcat-embed-websocket-9.0.12.jar:9.0.12]
	at org.apache.catalina.core.ApplicationFilterChain.internalDoFilter(ApplicationFilterChain.java:193) [tomcat-embed-core-9.0.12.jar:9.0.12]
	at org.apache.catalina.core.ApplicationFilterChain.doFilter(ApplicationFilterChain.java:166) [tomcat-embed-core-9.0.12.jar:9.0.12]
	at org.springframework.web.filter.RequestContextFilter.doFilterInternal(RequestContextFilter.java:99) [spring-web-5.1.2.RELEASE.jar:5.1.2.RELEASE]
	at org.springframework.web.filter.OncePerRequestFilter.doFilter(OncePerRequestFilter.java:107) [spring-web-5.1.2.RELEASE.jar:5.1.2.RELEASE]
	at org.apache.catalina.core.ApplicationFilterChain.internalDoFilter(ApplicationFilterChain.java:193) [tomcat-embed-core-9.0.12.jar:9.0.12]
	at org.apache.catalina.core.ApplicationFilterChain.doFilter(ApplicationFilterChain.java:166) [tomcat-embed-core-9.0.12.jar:9.0.12]
	at org.springframework.web.filter.FormContentFilter.doFilterInternal(FormContentFilter.java:92) [spring-web-5.1.2.RELEASE.jar:5.1.2.RELEASE]
	at org.springframework.web.filter.OncePerRequestFilter.doFilter(OncePerRequestFilter.java:107) [spring-web-5.1.2.RELEASE.jar:5.1.2.RELEASE]
	at org.apache.catalina.core.ApplicationFilterChain.internalDoFilter(ApplicationFilterChain.java:193) [tomcat-embed-core-9.0.12.jar:9.0.12]
	at org.apache.catalina.core.ApplicationFilterChain.doFilter(ApplicationFilterChain.java:166) [tomcat-embed-core-9.0.12.jar:9.0.12]
	at org.springframework.web.filter.HiddenHttpMethodFilter.doFilterInternal(HiddenHttpMethodFilter.java:93) [spring-web-5.1.2.RELEASE.jar:5.1.2.RELEASE]
	at org.springframework.web.filter.OncePerRequestFilter.doFilter(OncePerRequestFilter.java:107) [spring-web-5.1.2.RELEASE.jar:5.1.2.RELEASE]
	at org.apache.catalina.core.ApplicationFilterChain.internalDoFilter(ApplicationFilterChain.java:193) [tomcat-embed-core-9.0.12.jar:9.0.12]
	at org.apache.catalina.core.ApplicationFilterChain.doFilter(ApplicationFilterChain.java:166) [tomcat-embed-core-9.0.12.jar:9.0.12]
	at org.springframework.web.filter.CharacterEncodingFilter.doFilterInternal(CharacterEncodingFilter.java:200) [spring-web-5.1.2.RELEASE.jar:5.1.2.RELEASE]
	at org.springframework.web.filter.OncePerRequestFilter.doFilter(OncePerRequestFilter.java:107) [spring-web-5.1.2.RELEASE.jar:5.1.2.RELEASE]
	at org.apache.catalina.core.ApplicationFilterChain.internalDoFilter(ApplicationFilterChain.java:193) [tomcat-embed-core-9.0.12.jar:9.0.12]
	at org.apache.catalina.core.ApplicationFilterChain.doFilter(ApplicationFilterChain.java:166) [tomcat-embed-core-9.0.12.jar:9.0.12]
	at org.apache.catalina.core.StandardWrapperValve.invoke(StandardWrapperValve.java:199) [tomcat-embed-core-9.0.12.jar:9.0.12]
	at org.apache.catalina.core.StandardContextValve.invoke(StandardContextValve.java:96) [tomcat-embed-core-9.0.12.jar:9.0.12]
	at org.apache.catalina.authenticator.AuthenticatorBase.invoke(AuthenticatorBase.java:490) [tomcat-embed-core-9.0.12.jar:9.0.12]
	at org.apache.catalina.core.StandardHostValve.invoke(StandardHostValve.java:139) [tomcat-embed-core-9.0.12.jar:9.0.12]
	at org.apache.catalina.valves.ErrorReportValve.invoke(ErrorReportValve.java:92) [tomcat-embed-core-9.0.12.jar:9.0.12]
	at org.apache.catalina.core.StandardEngineValve.invoke(StandardEngineValve.java:74) [tomcat-embed-core-9.0.12.jar:9.0.12]
	at org.apache.catalina.connector.CoyoteAdapter.service(CoyoteAdapter.java:343) [tomcat-embed-core-9.0.12.jar:9.0.12]
	at org.apache.coyote.http11.Http11Processor.service(Http11Processor.java:408) [tomcat-embed-core-9.0.12.jar:9.0.12]
	at org.apache.coyote.AbstractProcessorLight.process(AbstractProcessorLight.java:66) [tomcat-embed-core-9.0.12.jar:9.0.12]
	at org.apache.coyote.AbstractProtocol$ConnectionHandler.process(AbstractProtocol.java:770) [tomcat-embed-core-9.0.12.jar:9.0.12]
	at org.apache.tomcat.util.net.NioEndpoint$SocketProcessor.doRun(NioEndpoint.java:1415) [tomcat-embed-core-9.0.12.jar:9.0.12]
	at org.apache.tomcat.util.net.SocketProcessorBase.run(SocketProcessorBase.java:49) [tomcat-embed-core-9.0.12.jar:9.0.12]
	at java.util.concurrent.ThreadPoolExecutor.runWorker(ThreadPoolExecutor.java:1149) [na:1.8.0_451]
	at java.util.concurrent.ThreadPoolExecutor$Worker.run(ThreadPoolExecutor.java:624) [na:1.8.0_451]
	at org.apache.tomcat.util.threads.TaskThread$WrappingRunnable.run(TaskThread.java:61) [tomcat-embed-core-9.0.12.jar:9.0.12]
	at java.lang.Thread.run(Thread.java:750) [na:1.8.0_451]
Caused by: org.apache.ibatis.exceptions.PersistenceException: 
### Error querying database.  Cause: org.springframework.jdbc.CannotGetJdbcConnectionException: Failed to obtain JDBC Connection; nested exception is java.sql.SQLSyntaxErrorException: Unknown database 'bs_xk'
### The error may exist in com/example/dao/TeacherInfoDao.java (best guess)
### The error may involve com.example.dao.TeacherInfoDao.findByName
### The error occurred while executing a query
### Cause: org.springframework.jdbc.CannotGetJdbcConnectionException: Failed to obtain JDBC Connection; nested exception is java.sql.SQLSyntaxErrorException: Unknown database 'bs_xk'
	at org.apache.ibatis.exceptions.ExceptionFactory.wrapException(ExceptionFactory.java:30) ~[mybatis-3.4.6.jar:3.4.6]
	at org.apache.ibatis.session.defaults.DefaultSqlSession.selectList(DefaultSqlSession.java:150) ~[mybatis-3.4.6.jar:3.4.6]
	at org.apache.ibatis.session.defaults.DefaultSqlSession.selectList(DefaultSqlSession.java:141) ~[mybatis-3.4.6.jar:3.4.6]
	at org.apache.ibatis.session.defaults.DefaultSqlSession.selectOne(DefaultSqlSession.java:77) ~[mybatis-3.4.6.jar:3.4.6]
	at sun.reflect.NativeMethodAccessorImpl.invoke0(Native Method) ~[na:1.8.0_451]
	at sun.reflect.NativeMethodAccessorImpl.invoke(NativeMethodAccessorImpl.java:62) ~[na:1.8.0_451]
	at sun.reflect.DelegatingMethodAccessorImpl.invoke(DelegatingMethodAccessorImpl.java:43) ~[na:1.8.0_451]
	at java.lang.reflect.Method.invoke(Method.java:498) ~[na:1.8.0_451]
	at org.mybatis.spring.SqlSessionTemplate$SqlSessionInterceptor.invoke(SqlSessionTemplate.java:433) ~[mybatis-spring-1.3.2.jar:1.3.2]
	... 72 common frames omitted
Caused by: org.springframework.jdbc.CannotGetJdbcConnectionException: Failed to obtain JDBC Connection; nested exception is java.sql.SQLSyntaxErrorException: Unknown database 'bs_xk'
	at org.springframework.jdbc.datasource.DataSourceUtils.getConnection(DataSourceUtils.java:81) ~[spring-jdbc-5.1.2.RELEASE.jar:5.1.2.RELEASE]
	at org.mybatis.spring.transaction.SpringManagedTransaction.openConnection(SpringManagedTransaction.java:82) ~[mybatis-spring-1.3.2.jar:1.3.2]
	at org.mybatis.spring.transaction.SpringManagedTransaction.getConnection(SpringManagedTransaction.java:68) ~[mybatis-spring-1.3.2.jar:1.3.2]
	at org.apache.ibatis.executor.BaseExecutor.getConnection(BaseExecutor.java:338) ~[mybatis-3.4.6.jar:3.4.6]
	at org.apache.ibatis.executor.SimpleExecutor.prepareStatement(SimpleExecutor.java:84) ~[mybatis-3.4.6.jar:3.4.6]
	at org.apache.ibatis.executor.SimpleExecutor.doQuery(SimpleExecutor.java:62) ~[mybatis-3.4.6.jar:3.4.6]
	at org.apache.ibatis.executor.BaseExecutor.queryFromDatabase(BaseExecutor.java:326) ~[mybatis-3.4.6.jar:3.4.6]
	at org.apache.ibatis.executor.BaseExecutor.query(BaseExecutor.java:156) ~[mybatis-3.4.6.jar:3.4.6]
	at org.apache.ibatis.executor.CachingExecutor.query(CachingExecutor.java:109) ~[mybatis-3.4.6.jar:3.4.6]
	at com.github.pagehelper.PageInterceptor.intercept(PageInterceptor.java:108) ~[pagehelper-5.1.8.jar:na]
	at org.apache.ibatis.plugin.Plugin.invoke(Plugin.java:61) ~[mybatis-3.4.6.jar:3.4.6]
	at com.sun.proxy.$Proxy109.query(Unknown Source) ~[na:na]
	at org.apache.ibatis.session.defaults.DefaultSqlSession.selectList(DefaultSqlSession.java:148) ~[mybatis-3.4.6.jar:3.4.6]
	... 79 common frames omitted
Caused by: java.sql.SQLSyntaxErrorException: Unknown database 'bs_xk'
	at com.mysql.cj.jdbc.exceptions.SQLError.createSQLException(SQLError.java:120) ~[mysql-connector-java-8.0.13.jar:8.0.13]
	at com.mysql.cj.jdbc.exceptions.SQLError.createSQLException(SQLError.java:97) ~[mysql-connector-java-8.0.13.jar:8.0.13]
	at com.mysql.cj.jdbc.exceptions.SQLExceptionsMapping.translateException(SQLExceptionsMapping.java:122) ~[mysql-connector-java-8.0.13.jar:8.0.13]
	at com.mysql.cj.jdbc.ConnectionImpl.createNewIO(ConnectionImpl.java:835) ~[mysql-connector-java-8.0.13.jar:8.0.13]
	at com.mysql.cj.jdbc.ConnectionImpl.<init>(ConnectionImpl.java:455) ~[mysql-connector-java-8.0.13.jar:8.0.13]
	at com.mysql.cj.jdbc.ConnectionImpl.getInstance(ConnectionImpl.java:240) ~[mysql-connector-java-8.0.13.jar:8.0.13]
	at com.mysql.cj.jdbc.NonRegisteringDriver.connect(NonRegisteringDriver.java:207) ~[mysql-connector-java-8.0.13.jar:8.0.13]
	at com.zaxxer.hikari.util.DriverDataSource.getConnection(DriverDataSource.java:136) ~[HikariCP-3.2.0.jar:na]
	at com.zaxxer.hikari.pool.PoolBase.newConnection(PoolBase.java:369) ~[HikariCP-3.2.0.jar:na]
	at com.zaxxer.hikari.pool.PoolBase.newPoolEntry(PoolBase.java:198) ~[HikariCP-3.2.0.jar:na]
	at com.zaxxer.hikari.pool.HikariPool.createPoolEntry(HikariPool.java:467) ~[HikariCP-3.2.0.jar:na]
	at com.zaxxer.hikari.pool.HikariPool.checkFailFast(HikariPool.java:541) ~[HikariCP-3.2.0.jar:na]
	at com.zaxxer.hikari.pool.HikariPool.<init>(HikariPool.java:115) ~[HikariCP-3.2.0.jar:na]
	at com.zaxxer.hikari.HikariDataSource.getConnection(HikariDataSource.java:112) ~[HikariCP-3.2.0.jar:na]
	at org.springframework.jdbc.datasource.DataSourceUtils.fetchConnection(DataSourceUtils.java:151) ~[spring-jdbc-5.1.2.RELEASE.jar:5.1.2.RELEASE]
	at org.springframework.jdbc.datasource.DataSourceUtils.doGetConnection(DataSourceUtils.java:115) ~[spring-jdbc-5.1.2.RELEASE.jar:5.1.2.RELEASE]
	at org.springframework.jdbc.datasource.DataSourceUtils.getConnection(DataSourceUtils.java:78) ~[spring-jdbc-5.1.2.RELEASE.jar:5.1.2.RELEASE]
	... 91 common frames omitted

2026-04-23 15:46:17.656  INFO 30332 --- [Thread-3] o.s.s.concurrent.ThreadPoolTaskExecutor  : Shutting down ExecutorService 'applicationTaskExecutor'
2026-04-23 15:51:50.960  INFO 10504 --- [main] com.example.Application                  : Starting Application on HYH with PID 10504 (started by 48938 in C:\Users\48938\Documents\AAA\一堆2.2\信息系统实践\1716035241321-学生选课管理系统)
2026-04-23 15:51:50.962  INFO 10504 --- [main] com.example.Application                  : No active profile set, falling back to default profiles: default
2026-04-23 15:51:51.377  WARN 10504 --- [main] o.m.s.mapper.ClassPathMapperScanner      : No MyBatis mapper was found in '[com.example]' package. Please check your configuration.
2026-04-23 15:51:52.110  INFO 10504 --- [main] o.s.b.w.embedded.tomcat.TomcatWebServer  : Tomcat initialized with port(s): 8888 (http)
2026-04-23 15:51:52.122  INFO 10504 --- [main] o.apache.catalina.core.StandardService   : Starting service [Tomcat]
2026-04-23 15:51:52.122  INFO 10504 --- [main] org.apache.catalina.core.StandardEngine  : Starting Servlet Engine: Apache Tomcat/9.0.12
2026-04-23 15:51:52.129  INFO 10504 --- [main] o.a.catalina.core.AprLifecycleListener   : The APR based Apache Tomcat Native library which allows optimal performance in production environments was not found on the java.library.path: [C:\Program Files (x86)\Java\jdk-1.8\bin;C:\WINDOWS\Sun\Java\bin;C:\WINDOWS\system32;C:\WINDOWS;C:\Program Files\Common Files\Oracle\Java\javapath;C:\Program Files (x86)\Common Files\Oracle\Java\java8path;C:\Program Files (x86)\Common Files\Oracle\Java\javapath;C:\Program Files\NVIDIA GPU Computing Toolkit\CUDA\v12.9\bin;C:\Program Files\NVIDIA GPU Computing Toolkit\CUDA\v12.9\libnvvp;C:\Windows\system32;C:\Windows;C:\Windows\System32\Wbem;C:\Windows\System32\WindowsPowerShell\v1.0\;C:\Windows\System32\OpenSSH\;C:\Program Files (x86)\NVIDIA Corporation\PhysX\Common;C:\Program Files\dotnet\;C:\Oracle\instantclient-basic-windows.x64-23.26.1.0.0\instantclient_23_0;C:\WINDOWS\system32;C:\WINDOWS;C:\WINDOWS\System32\Wbem;C:\WINDOWS\System32\WindowsPowerShell\v1.0\;C:\WINDOWS\System32\OpenSSH\;C:\Program Files\Bandizip\;C:\Program Files (x86)\Windows Kits\10\Windows Performance Toolkit\;C:\Program Files\NVIDIA Corporation\NVIDIA App\NvDLISR;C:\Program Files\NVIDIA Corporation\Nsight Compute 2025.2.0\;C:\Program Files (x86)\Java\jdk-1.8\bin;%JRE_HOME%\bin;C:\Users\48938\AppData\Local\Programs\Python\Launcher\;C:\Users\48938\AppData\Local\Programs\Python\Python313;C:\Users\48938\AppData\Local\Microsoft\WindowsApps;C:\Users\48938\.dotnet\tools;C:\Users\48938\AppData\Local\Programs\Ollama;C:\Users\48938\AppData\Local\Programs\Python\Python313\Scripts;C:\Users\48938\AppData\Local\GitHubDesktop\bin;C:\mingw64\bin;.]
2026-04-23 15:51:52.219  INFO 10504 --- [main] o.a.c.c.C.[Tomcat].[localhost].[/]       : Initializing Spring embedded WebApplicationContext
2026-04-23 15:51:52.219  INFO 10504 --- [main] o.s.web.context.ContextLoader            : Root WebApplicationContext: initialization completed in 1227 ms
2026-04-23 15:51:52.234  INFO 10504 --- [main] o.s.b.w.servlet.ServletRegistrationBean  : Servlet dispatcherServlet mapped to [/]
2026-04-23 15:51:52.237  INFO 10504 --- [main] o.s.b.w.servlet.FilterRegistrationBean   : Mapping filter: 'characterEncodingFilter' to: [/*]
2026-04-23 15:51:52.237  INFO 10504 --- [main] o.s.b.w.servlet.FilterRegistrationBean   : Mapping filter: 'hiddenHttpMethodFilter' to: [/*]
2026-04-23 15:51:52.237  INFO 10504 --- [main] o.s.b.w.servlet.FilterRegistrationBean   : Mapping filter: 'formContentFilter' to: [/*]
2026-04-23 15:51:52.237  INFO 10504 --- [main] o.s.b.w.servlet.FilterRegistrationBean   : Mapping filter: 'requestContextFilter' to: [/*]
2026-04-23 15:51:52.733  INFO 10504 --- [main] o.s.s.concurrent.ThreadPoolTaskExecutor  : Initializing ExecutorService 'applicationTaskExecutor'
2026-04-23 15:51:52.917  INFO 10504 --- [main] o.s.b.w.embedded.tomcat.TomcatWebServer  : Tomcat started on port(s): 8888 (http) with context path ''
2026-04-23 15:51:52.919  INFO 10504 --- [main] com.example.Application                  : Started Application in 2.314 seconds (JVM running for 2.609)
2026-04-23 15:51:52.920  INFO 10504 --- [main] com.example.common.config.OpenBrowser    : 项目启动成功……
2026-04-23 15:51:53.408  INFO 10504 --- [http-nio-8888-exec-1] o.a.c.c.C.[Tomcat].[localhost].[/]       : Initializing Spring DispatcherServlet 'dispatcherServlet'
2026-04-23 15:51:53.408  INFO 10504 --- [http-nio-8888-exec-1] o.s.web.servlet.DispatcherServlet        : Initializing Servlet 'dispatcherServlet'
2026-04-23 15:51:53.414  INFO 10504 --- [http-nio-8888-exec-1] o.s.web.servlet.DispatcherServlet        : Completed initialization in 6 ms
2026-04-23 15:52:02.564  INFO 10504 --- [http-nio-8888-exec-2] com.zaxxer.hikari.HikariDataSource       : HikariPool-1 - Starting...
2026-04-23 15:52:03.742 ERROR 10504 --- [http-nio-8888-exec-2] com.zaxxer.hikari.pool.HikariPool        : HikariPool-1 - Exception during pool initialization.

java.sql.SQLSyntaxErrorException: Unknown database 'bs_xk'
	at com.mysql.cj.jdbc.exceptions.SQLError.createSQLException(SQLError.java:120) ~[mysql-connector-java-8.0.13.jar:8.0.13]
	at com.mysql.cj.jdbc.exceptions.SQLError.createSQLException(SQLError.java:97) ~[mysql-connector-java-8.0.13.jar:8.0.13]
	at com.mysql.cj.jdbc.exceptions.SQLExceptionsMapping.translateException(SQLExceptionsMapping.java:122) ~[mysql-connector-java-8.0.13.jar:8.0.13]
	at com.mysql.cj.jdbc.ConnectionImpl.createNewIO(ConnectionImpl.java:835) ~[mysql-connector-java-8.0.13.jar:8.0.13]
	at com.mysql.cj.jdbc.ConnectionImpl.<init>(ConnectionImpl.java:455) ~[mysql-connector-java-8.0.13.jar:8.0.13]
	at com.mysql.cj.jdbc.ConnectionImpl.getInstance(ConnectionImpl.java:240) ~[mysql-connector-java-8.0.13.jar:8.0.13]
	at com.mysql.cj.jdbc.NonRegisteringDriver.connect(NonRegisteringDriver.java:207) ~[mysql-connector-java-8.0.13.jar:8.0.13]
	at com.zaxxer.hikari.util.DriverDataSource.getConnection(DriverDataSource.java:136) ~[HikariCP-3.2.0.jar:na]
	at com.zaxxer.hikari.pool.PoolBase.newConnection(PoolBase.java:369) ~[HikariCP-3.2.0.jar:na]
	at com.zaxxer.hikari.pool.PoolBase.newPoolEntry(PoolBase.java:198) ~[HikariCP-3.2.0.jar:na]
	at com.zaxxer.hikari.pool.HikariPool.createPoolEntry(HikariPool.java:467) [HikariCP-3.2.0.jar:na]
	at com.zaxxer.hikari.pool.HikariPool.checkFailFast(HikariPool.java:541) [HikariCP-3.2.0.jar:na]
	at com.zaxxer.hikari.pool.HikariPool.<init>(HikariPool.java:115) [HikariCP-3.2.0.jar:na]
	at com.zaxxer.hikari.HikariDataSource.getConnection(HikariDataSource.java:112) [HikariCP-3.2.0.jar:na]
	at org.springframework.jdbc.datasource.DataSourceUtils.fetchConnection(DataSourceUtils.java:151) [spring-jdbc-5.1.2.RELEASE.jar:5.1.2.RELEASE]
	at org.springframework.jdbc.datasource.DataSourceUtils.doGetConnection(DataSourceUtils.java:115) [spring-jdbc-5.1.2.RELEASE.jar:5.1.2.RELEASE]
	at org.springframework.jdbc.datasource.DataSourceUtils.getConnection(DataSourceUtils.java:78) [spring-jdbc-5.1.2.RELEASE.jar:5.1.2.RELEASE]
	at org.mybatis.spring.transaction.SpringManagedTransaction.openConnection(SpringManagedTransaction.java:82) [mybatis-spring-1.3.2.jar:1.3.2]
	at org.mybatis.spring.transaction.SpringManagedTransaction.getConnection(SpringManagedTransaction.java:68) [mybatis-spring-1.3.2.jar:1.3.2]
	at org.apache.ibatis.executor.BaseExecutor.getConnection(BaseExecutor.java:338) [mybatis-3.4.6.jar:3.4.6]
	at org.apache.ibatis.executor.SimpleExecutor.prepareStatement(SimpleExecutor.java:84) [mybatis-3.4.6.jar:3.4.6]
	at org.apache.ibatis.executor.SimpleExecutor.doQuery(SimpleExecutor.java:62) [mybatis-3.4.6.jar:3.4.6]
	at org.apache.ibatis.executor.BaseExecutor.queryFromDatabase(BaseExecutor.java:326) [mybatis-3.4.6.jar:3.4.6]
	at org.apache.ibatis.executor.BaseExecutor.query(BaseExecutor.java:156) [mybatis-3.4.6.jar:3.4.6]
	at org.apache.ibatis.executor.CachingExecutor.query(CachingExecutor.java:109) [mybatis-3.4.6.jar:3.4.6]
	at com.github.pagehelper.PageInterceptor.intercept(PageInterceptor.java:108) [pagehelper-5.1.8.jar:na]
	at org.apache.ibatis.plugin.Plugin.invoke(Plugin.java:61) [mybatis-3.4.6.jar:3.4.6]
	at com.sun.proxy.$Proxy109.query(Unknown Source) [na:na]
	at org.apache.ibatis.session.defaults.DefaultSqlSession.selectList(DefaultSqlSession.java:148) [mybatis-3.4.6.jar:3.4.6]
	at org.apache.ibatis.session.defaults.DefaultSqlSession.selectList(DefaultSqlSession.java:141) [mybatis-3.4.6.jar:3.4.6]
	at org.apache.ibatis.session.defaults.DefaultSqlSession.selectOne(DefaultSqlSession.java:77) [mybatis-3.4.6.jar:3.4.6]
	at sun.reflect.NativeMethodAccessorImpl.invoke0(Native Method) ~[na:1.8.0_451]
	at sun.reflect.NativeMethodAccessorImpl.invoke(NativeMethodAccessorImpl.java:62) ~[na:1.8.0_451]
	at sun.reflect.DelegatingMethodAccessorImpl.invoke(DelegatingMethodAccessorImpl.java:43) ~[na:1.8.0_451]
	at java.lang.reflect.Method.invoke(Method.java:498) ~[na:1.8.0_451]
	at org.mybatis.spring.SqlSessionTemplate$SqlSessionInterceptor.invoke(SqlSessionTemplate.java:433) [mybatis-spring-1.3.2.jar:1.3.2]
	at com.sun.proxy.$Proxy71.selectOne(Unknown Source) [na:na]
	at org.mybatis.spring.SqlSessionTemplate.selectOne(SqlSessionTemplate.java:166) [mybatis-spring-1.3.2.jar:1.3.2]
	at org.apache.ibatis.binding.MapperMethod.execute(MapperMethod.java:83) [mybatis-3.4.6.jar:3.4.6]
	at org.apache.ibatis.binding.MapperProxy.invoke(MapperProxy.java:59) [mybatis-3.4.6.jar:3.4.6]
	at com.sun.proxy.$Proxy80.findByName(Unknown Source) [na:na]
	at sun.reflect.NativeMethodAccessorImpl.invoke0(Native Method) ~[na:1.8.0_451]
	at sun.reflect.NativeMethodAccessorImpl.invoke(NativeMethodAccessorImpl.java:62) ~[na:1.8.0_451]
	at sun.reflect.DelegatingMethodAccessorImpl.invoke(DelegatingMethodAccessorImpl.java:43) ~[na:1.8.0_451]
	at java.lang.reflect.Method.invoke(Method.java:498) ~[na:1.8.0_451]
	at org.springframework.aop.support.AopUtils.invokeJoinpointUsingReflection(AopUtils.java:343) [spring-aop-5.1.2.RELEASE.jar:5.1.2.RELEASE]
	at org.springframework.aop.framework.ReflectiveMethodInvocation.invokeJoinpoint(ReflectiveMethodInvocation.java:198) [spring-aop-5.1.2.RELEASE.jar:5.1.2.RELEASE]
	at org.springframework.aop.framework.ReflectiveMethodInvocation.proceed(ReflectiveMethodInvocation.java:163) [spring-aop-5.1.2.RELEASE.jar:5.1.2.RELEASE]
	at org.springframework.dao.support.PersistenceExceptionTranslationInterceptor.invoke(PersistenceExceptionTranslationInterceptor.java:139) [spring-tx-5.1.2.RELEASE.jar:5.1.2.RELEASE]
	at org.springframework.aop.framework.ReflectiveMethodInvocation.proceed(ReflectiveMethodInvocation.java:186) [spring-aop-5.1.2.RELEASE.jar:5.1.2.RELEASE]
	at org.springframework.aop.framework.JdkDynamicAopProxy.invoke(JdkDynamicAopProxy.java:212) [spring-aop-5.1.2.RELEASE.jar:5.1.2.RELEASE]
	at com.sun.proxy.$Proxy81.findByName(Unknown Source) [na:na]
	at com.example.service.TeacherInfoService.add(TeacherInfoService.java:52) [classes/:na]
	at com.example.controller.AccountController.register(AccountController.java:107) [classes/:na]
	at sun.reflect.NativeMethodAccessorImpl.invoke0(Native Method) ~[na:1.8.0_451]
	at sun.reflect.NativeMethodAccessorImpl.invoke(NativeMethodAccessorImpl.java:62) ~[na:1.8.0_451]
	at sun.reflect.DelegatingMethodAccessorImpl.invoke(DelegatingMethodAccessorImpl.java:43) ~[na:1.8.0_451]
	at java.lang.reflect.Method.invoke(Method.java:498) ~[na:1.8.0_451]
	at org.springframework.web.method.support.InvocableHandlerMethod.doInvoke(InvocableHandlerMethod.java:215) [spring-web-5.1.2.RELEASE.jar:5.1.2.RELEASE]
	at org.springframework.web.method.support.InvocableHandlerMethod.invokeForRequest(InvocableHandlerMethod.java:142) [spring-web-5.1.2.RELEASE.jar:5.1.2.RELEASE]
	at org.springframework.web.servlet.mvc.method.annotation.ServletInvocableHandlerMethod.invokeAndHandle(ServletInvocableHandlerMethod.java:102) [spring-webmvc-5.1.2.RELEASE.jar:5.1.2.RELEASE]
	at org.springframework.web.servlet.mvc.method.annotation.RequestMappingHandlerAdapter.invokeHandlerMethod(RequestMappingHandlerAdapter.java:895) [spring-webmvc-5.1.2.RELEASE.jar:5.1.2.RELEASE]
	at org.springframework.web.servlet.mvc.method.annotation.RequestMappingHandlerAdapter.handleInternal(RequestMappingHandlerAdapter.java:800) [spring-webmvc-5.1.2.RELEASE.jar:5.1.2.RELEASE]
	at org.springframework.web.servlet.mvc.method.AbstractHandlerMethodAdapter.handle(AbstractHandlerMethodAdapter.java:87) [spring-webmvc-5.1.2.RELEASE.jar:5.1.2.RELEASE]
	at org.springframework.web.servlet.DispatcherServlet.doDispatch(DispatcherServlet.java:1038) [spring-webmvc-5.1.2.RELEASE.jar:5.1.2.RELEASE]
	at org.springframework.web.servlet.DispatcherServlet.doService(DispatcherServlet.java:942) [spring-webmvc-5.1.2.RELEASE.jar:5.1.2.RELEASE]
	at org.springframework.web.servlet.FrameworkServlet.processRequest(FrameworkServlet.java:998) [spring-webmvc-5.1.2.RELEASE.jar:5.1.2.RELEASE]
	at org.springframework.web.servlet.FrameworkServlet.doPost(FrameworkServlet.java:901) [spring-webmvc-5.1.2.RELEASE.jar:5.1.2.RELEASE]
	at javax.servlet.http.HttpServlet.service(HttpServlet.java:660) [tomcat-embed-core-9.0.12.jar:9.0.12]
	at org.springframework.web.servlet.FrameworkServlet.service(FrameworkServlet.java:875) [spring-webmvc-5.1.2.RELEASE.jar:5.1.2.RELEASE]
	at javax.servlet.http.HttpServlet.service(HttpServlet.java:741) [tomcat-embed-core-9.0.12.jar:9.0.12]
	at org.apache.catalina.core.ApplicationFilterChain.internalDoFilter(ApplicationFilterChain.java:231) [tomcat-embed-core-9.0.12.jar:9.0.12]
	at org.apache.catalina.core.ApplicationFilterChain.doFilter(ApplicationFilterChain.java:166) [tomcat-embed-core-9.0.12.jar:9.0.12]
	at org.apache.tomcat.websocket.server.WsFilter.doFilter(WsFilter.java:53) [tomcat-embed-websocket-9.0.12.jar:9.0.12]
	at org.apache.catalina.core.ApplicationFilterChain.internalDoFilter(ApplicationFilterChain.java:193) [tomcat-embed-core-9.0.12.jar:9.0.12]
	at org.apache.catalina.core.ApplicationFilterChain.doFilter(ApplicationFilterChain.java:166) [tomcat-embed-core-9.0.12.jar:9.0.12]
	at org.springframework.web.filter.RequestContextFilter.doFilterInternal(RequestContextFilter.java:99) [spring-web-5.1.2.RELEASE.jar:5.1.2.RELEASE]
	at org.springframework.web.filter.OncePerRequestFilter.doFilter(OncePerRequestFilter.java:107) [spring-web-5.1.2.RELEASE.jar:5.1.2.RELEASE]
	at org.apache.catalina.core.ApplicationFilterChain.internalDoFilter(ApplicationFilterChain.java:193) [tomcat-embed-core-9.0.12.jar:9.0.12]
	at org.apache.catalina.core.ApplicationFilterChain.doFilter(ApplicationFilterChain.java:166) [tomcat-embed-core-9.0.12.jar:9.0.12]
	at org.springframework.web.filter.FormContentFilter.doFilterInternal(FormContentFilter.java:92) [spring-web-5.1.2.RELEASE.jar:5.1.2.RELEASE]
	at org.springframework.web.filter.OncePerRequestFilter.doFilter(OncePerRequestFilter.java:107) [spring-web-5.1.2.RELEASE.jar:5.1.2.RELEASE]
	at org.apache.catalina.core.ApplicationFilterChain.internalDoFilter(ApplicationFilterChain.java:193) [tomcat-embed-core-9.0.12.jar:9.0.12]
	at org.apache.catalina.core.ApplicationFilterChain.doFilter(ApplicationFilterChain.java:166) [tomcat-embed-core-9.0.12.jar:9.0.12]
	at org.springframework.web.filter.HiddenHttpMethodFilter.doFilterInternal(HiddenHttpMethodFilter.java:93) [spring-web-5.1.2.RELEASE.jar:5.1.2.RELEASE]
	at org.springframework.web.filter.OncePerRequestFilter.doFilter(OncePerRequestFilter.java:107) [spring-web-5.1.2.RELEASE.jar:5.1.2.RELEASE]
	at org.apache.catalina.core.ApplicationFilterChain.internalDoFilter(ApplicationFilterChain.java:193) [tomcat-embed-core-9.0.12.jar:9.0.12]
	at org.apache.catalina.core.ApplicationFilterChain.doFilter(ApplicationFilterChain.java:166) [tomcat-embed-core-9.0.12.jar:9.0.12]
	at org.springframework.web.filter.CharacterEncodingFilter.doFilterInternal(CharacterEncodingFilter.java:200) [spring-web-5.1.2.RELEASE.jar:5.1.2.RELEASE]
	at org.springframework.web.filter.OncePerRequestFilter.doFilter(OncePerRequestFilter.java:107) [spring-web-5.1.2.RELEASE.jar:5.1.2.RELEASE]
	at org.apache.catalina.core.ApplicationFilterChain.internalDoFilter(ApplicationFilterChain.java:193) [tomcat-embed-core-9.0.12.jar:9.0.12]
	at org.apache.catalina.core.ApplicationFilterChain.doFilter(ApplicationFilterChain.java:166) [tomcat-embed-core-9.0.12.jar:9.0.12]
	at org.apache.catalina.core.StandardWrapperValve.invoke(StandardWrapperValve.java:199) [tomcat-embed-core-9.0.12.jar:9.0.12]
	at org.apache.catalina.core.StandardContextValve.invoke(StandardContextValve.java:96) [tomcat-embed-core-9.0.12.jar:9.0.12]
	at org.apache.catalina.authenticator.AuthenticatorBase.invoke(AuthenticatorBase.java:490) [tomcat-embed-core-9.0.12.jar:9.0.12]
	at org.apache.catalina.core.StandardHostValve.invoke(StandardHostValve.java:139) [tomcat-embed-core-9.0.12.jar:9.0.12]
	at org.apache.catalina.valves.ErrorReportValve.invoke(ErrorReportValve.java:92) [tomcat-embed-core-9.0.12.jar:9.0.12]
	at org.apache.catalina.core.StandardEngineValve.invoke(StandardEngineValve.java:74) [tomcat-embed-core-9.0.12.jar:9.0.12]
	at org.apache.catalina.connector.CoyoteAdapter.service(CoyoteAdapter.java:343) [tomcat-embed-core-9.0.12.jar:9.0.12]
	at org.apache.coyote.http11.Http11Processor.service(Http11Processor.java:408) [tomcat-embed-core-9.0.12.jar:9.0.12]
	at org.apache.coyote.AbstractProcessorLight.process(AbstractProcessorLight.java:66) [tomcat-embed-core-9.0.12.jar:9.0.12]
	at org.apache.coyote.AbstractProtocol$ConnectionHandler.process(AbstractProtocol.java:770) [tomcat-embed-core-9.0.12.jar:9.0.12]
	at org.apache.tomcat.util.net.NioEndpoint$SocketProcessor.doRun(NioEndpoint.java:1415) [tomcat-embed-core-9.0.12.jar:9.0.12]
	at org.apache.tomcat.util.net.SocketProcessorBase.run(SocketProcessorBase.java:49) [tomcat-embed-core-9.0.12.jar:9.0.12]
	at java.util.concurrent.ThreadPoolExecutor.runWorker(ThreadPoolExecutor.java:1149) [na:1.8.0_451]
	at java.util.concurrent.ThreadPoolExecutor$Worker.run(ThreadPoolExecutor.java:624) [na:1.8.0_451]
	at org.apache.tomcat.util.threads.TaskThread$WrappingRunnable.run(TaskThread.java:61) [tomcat-embed-core-9.0.12.jar:9.0.12]
	at java.lang.Thread.run(Thread.java:750) [na:1.8.0_451]

2026-04-23 15:52:03.751 ERROR 10504 --- [http-nio-8888-exec-2] c.e.exception.GlobalExceptionHandler     : 异常信息：

org.mybatis.spring.MyBatisSystemException: nested exception is org.apache.ibatis.exceptions.PersistenceException: 
### Error querying database.  Cause: org.springframework.jdbc.CannotGetJdbcConnectionException: Failed to obtain JDBC Connection; nested exception is java.sql.SQLSyntaxErrorException: Unknown database 'bs_xk'
### The error may exist in com/example/dao/TeacherInfoDao.java (best guess)
### The error may involve com.example.dao.TeacherInfoDao.findByName
### The error occurred while executing a query
### Cause: org.springframework.jdbc.CannotGetJdbcConnectionException: Failed to obtain JDBC Connection; nested exception is java.sql.SQLSyntaxErrorException: Unknown database 'bs_xk'
	at org.mybatis.spring.MyBatisExceptionTranslator.translateExceptionIfPossible(MyBatisExceptionTranslator.java:77) ~[mybatis-spring-1.3.2.jar:1.3.2]
	at org.mybatis.spring.SqlSessionTemplate$SqlSessionInterceptor.invoke(SqlSessionTemplate.java:446) ~[mybatis-spring-1.3.2.jar:1.3.2]
	at com.sun.proxy.$Proxy71.selectOne(Unknown Source) ~[na:na]
	at org.mybatis.spring.SqlSessionTemplate.selectOne(SqlSessionTemplate.java:166) ~[mybatis-spring-1.3.2.jar:1.3.2]
	at org.apache.ibatis.binding.MapperMethod.execute(MapperMethod.java:83) ~[mybatis-3.4.6.jar:3.4.6]
	at org.apache.ibatis.binding.MapperProxy.invoke(MapperProxy.java:59) ~[mybatis-3.4.6.jar:3.4.6]
	at com.sun.proxy.$Proxy80.findByName(Unknown Source) ~[na:na]
	at sun.reflect.NativeMethodAccessorImpl.invoke0(Native Method) ~[na:1.8.0_451]
	at sun.reflect.NativeMethodAccessorImpl.invoke(NativeMethodAccessorImpl.java:62) ~[na:1.8.0_451]
	at sun.reflect.DelegatingMethodAccessorImpl.invoke(DelegatingMethodAccessorImpl.java:43) ~[na:1.8.0_451]
	at java.lang.reflect.Method.invoke(Method.java:498) ~[na:1.8.0_451]
	at org.springframework.aop.support.AopUtils.invokeJoinpointUsingReflection(AopUtils.java:343) ~[spring-aop-5.1.2.RELEASE.jar:5.1.2.RELEASE]
	at org.springframework.aop.framework.ReflectiveMethodInvocation.invokeJoinpoint(ReflectiveMethodInvocation.java:198) ~[spring-aop-5.1.2.RELEASE.jar:5.1.2.RELEASE]
	at org.springframework.aop.framework.ReflectiveMethodInvocation.proceed(ReflectiveMethodInvocation.java:163) ~[spring-aop-5.1.2.RELEASE.jar:5.1.2.RELEASE]
	at org.springframework.dao.support.PersistenceExceptionTranslationInterceptor.invoke(PersistenceExceptionTranslationInterceptor.java:139) ~[spring-tx-5.1.2.RELEASE.jar:5.1.2.RELEASE]
	at org.springframework.aop.framework.ReflectiveMethodInvocation.proceed(ReflectiveMethodInvocation.java:186) ~[spring-aop-5.1.2.RELEASE.jar:5.1.2.RELEASE]
	at org.springframework.aop.framework.JdkDynamicAopProxy.invoke(JdkDynamicAopProxy.java:212) ~[spring-aop-5.1.2.RELEASE.jar:5.1.2.RELEASE]
	at com.sun.proxy.$Proxy81.findByName(Unknown Source) ~[na:na]
	at com.example.service.TeacherInfoService.add(TeacherInfoService.java:52) ~[classes/:na]
	at com.example.controller.AccountController.register(AccountController.java:107) ~[classes/:na]
	at sun.reflect.NativeMethodAccessorImpl.invoke0(Native Method) ~[na:1.8.0_451]
	at sun.reflect.NativeMethodAccessorImpl.invoke(NativeMethodAccessorImpl.java:62) ~[na:1.8.0_451]
	at sun.reflect.DelegatingMethodAccessorImpl.invoke(DelegatingMethodAccessorImpl.java:43) ~[na:1.8.0_451]
	at java.lang.reflect.Method.invoke(Method.java:498) ~[na:1.8.0_451]
	at org.springframework.web.method.support.InvocableHandlerMethod.doInvoke(InvocableHandlerMethod.java:215) ~[spring-web-5.1.2.RELEASE.jar:5.1.2.RELEASE]
	at org.springframework.web.method.support.InvocableHandlerMethod.invokeForRequest(InvocableHandlerMethod.java:142) ~[spring-web-5.1.2.RELEASE.jar:5.1.2.RELEASE]
	at org.springframework.web.servlet.mvc.method.annotation.ServletInvocableHandlerMethod.invokeAndHandle(ServletInvocableHandlerMethod.java:102) ~[spring-webmvc-5.1.2.RELEASE.jar:5.1.2.RELEASE]
	at org.springframework.web.servlet.mvc.method.annotation.RequestMappingHandlerAdapter.invokeHandlerMethod(RequestMappingHandlerAdapter.java:895) ~[spring-webmvc-5.1.2.RELEASE.jar:5.1.2.RELEASE]
	at org.springframework.web.servlet.mvc.method.annotation.RequestMappingHandlerAdapter.handleInternal(RequestMappingHandlerAdapter.java:800) ~[spring-webmvc-5.1.2.RELEASE.jar:5.1.2.RELEASE]
	at org.springframework.web.servlet.mvc.method.AbstractHandlerMethodAdapter.handle(AbstractHandlerMethodAdapter.java:87) ~[spring-webmvc-5.1.2.RELEASE.jar:5.1.2.RELEASE]
	at org.springframework.web.servlet.DispatcherServlet.doDispatch(DispatcherServlet.java:1038) ~[spring-webmvc-5.1.2.RELEASE.jar:5.1.2.RELEASE]
	at org.springframework.web.servlet.DispatcherServlet.doService(DispatcherServlet.java:942) ~[spring-webmvc-5.1.2.RELEASE.jar:5.1.2.RELEASE]
	at org.springframework.web.servlet.FrameworkServlet.processRequest(FrameworkServlet.java:998) [spring-webmvc-5.1.2.RELEASE.jar:5.1.2.RELEASE]
	at org.springframework.web.servlet.FrameworkServlet.doPost(FrameworkServlet.java:901) [spring-webmvc-5.1.2.RELEASE.jar:5.1.2.RELEASE]
	at javax.servlet.http.HttpServlet.service(HttpServlet.java:660) [tomcat-embed-core-9.0.12.jar:9.0.12]
	at org.springframework.web.servlet.FrameworkServlet.service(FrameworkServlet.java:875) [spring-webmvc-5.1.2.RELEASE.jar:5.1.2.RELEASE]
	at javax.servlet.http.HttpServlet.service(HttpServlet.java:741) [tomcat-embed-core-9.0.12.jar:9.0.12]
	at org.apache.catalina.core.ApplicationFilterChain.internalDoFilter(ApplicationFilterChain.java:231) [tomcat-embed-core-9.0.12.jar:9.0.12]
	at org.apache.catalina.core.ApplicationFilterChain.doFilter(ApplicationFilterChain.java:166) [tomcat-embed-core-9.0.12.jar:9.0.12]
	at org.apache.tomcat.websocket.server.WsFilter.doFilter(WsFilter.java:53) [tomcat-embed-websocket-9.0.12.jar:9.0.12]
	at org.apache.catalina.core.ApplicationFilterChain.internalDoFilter(ApplicationFilterChain.java:193) [tomcat-embed-core-9.0.12.jar:9.0.12]
	at org.apache.catalina.core.ApplicationFilterChain.doFilter(ApplicationFilterChain.java:166) [tomcat-embed-core-9.0.12.jar:9.0.12]
	at org.springframework.web.filter.RequestContextFilter.doFilterInternal(RequestContextFilter.java:99) [spring-web-5.1.2.RELEASE.jar:5.1.2.RELEASE]
	at org.springframework.web.filter.OncePerRequestFilter.doFilter(OncePerRequestFilter.java:107) [spring-web-5.1.2.RELEASE.jar:5.1.2.RELEASE]
	at org.apache.catalina.core.ApplicationFilterChain.internalDoFilter(ApplicationFilterChain.java:193) [tomcat-embed-core-9.0.12.jar:9.0.12]
	at org.apache.catalina.core.ApplicationFilterChain.doFilter(ApplicationFilterChain.java:166) [tomcat-embed-core-9.0.12.jar:9.0.12]
	at org.springframework.web.filter.FormContentFilter.doFilterInternal(FormContentFilter.java:92) [spring-web-5.1.2.RELEASE.jar:5.1.2.RELEASE]
	at org.springframework.web.filter.OncePerRequestFilter.doFilter(OncePerRequestFilter.java:107) [spring-web-5.1.2.RELEASE.jar:5.1.2.RELEASE]
	at org.apache.catalina.core.ApplicationFilterChain.internalDoFilter(ApplicationFilterChain.java:193) [tomcat-embed-core-9.0.12.jar:9.0.12]
	at org.apache.catalina.core.ApplicationFilterChain.doFilter(ApplicationFilterChain.java:166) [tomcat-embed-core-9.0.12.jar:9.0.12]
	at org.springframework.web.filter.HiddenHttpMethodFilter.doFilterInternal(HiddenHttpMethodFilter.java:93) [spring-web-5.1.2.RELEASE.jar:5.1.2.RELEASE]
	at org.springframework.web.filter.OncePerRequestFilter.doFilter(OncePerRequestFilter.java:107) [spring-web-5.1.2.RELEASE.jar:5.1.2.RELEASE]
	at org.apache.catalina.core.ApplicationFilterChain.internalDoFilter(ApplicationFilterChain.java:193) [tomcat-embed-core-9.0.12.jar:9.0.12]
	at org.apache.catalina.core.ApplicationFilterChain.doFilter(ApplicationFilterChain.java:166) [tomcat-embed-core-9.0.12.jar:9.0.12]
	at org.springframework.web.filter.CharacterEncodingFilter.doFilterInternal(CharacterEncodingFilter.java:200) [spring-web-5.1.2.RELEASE.jar:5.1.2.RELEASE]
	at org.springframework.web.filter.OncePerRequestFilter.doFilter(OncePerRequestFilter.java:107) [spring-web-5.1.2.RELEASE.jar:5.1.2.RELEASE]
	at org.apache.catalina.core.ApplicationFilterChain.internalDoFilter(ApplicationFilterChain.java:193) [tomcat-embed-core-9.0.12.jar:9.0.12]
	at org.apache.catalina.core.ApplicationFilterChain.doFilter(ApplicationFilterChain.java:166) [tomcat-embed-core-9.0.12.jar:9.0.12]
	at org.apache.catalina.core.StandardWrapperValve.invoke(StandardWrapperValve.java:199) [tomcat-embed-core-9.0.12.jar:9.0.12]
	at org.apache.catalina.core.StandardContextValve.invoke(StandardContextValve.java:96) [tomcat-embed-core-9.0.12.jar:9.0.12]
	at org.apache.catalina.authenticator.AuthenticatorBase.invoke(AuthenticatorBase.java:490) [tomcat-embed-core-9.0.12.jar:9.0.12]
	at org.apache.catalina.core.StandardHostValve.invoke(StandardHostValve.java:139) [tomcat-embed-core-9.0.12.jar:9.0.12]
	at org.apache.catalina.valves.ErrorReportValve.invoke(ErrorReportValve.java:92) [tomcat-embed-core-9.0.12.jar:9.0.12]
	at org.apache.catalina.core.StandardEngineValve.invoke(StandardEngineValve.java:74) [tomcat-embed-core-9.0.12.jar:9.0.12]
	at org.apache.catalina.connector.CoyoteAdapter.service(CoyoteAdapter.java:343) [tomcat-embed-core-9.0.12.jar:9.0.12]
	at org.apache.coyote.http11.Http11Processor.service(Http11Processor.java:408) [tomcat-embed-core-9.0.12.jar:9.0.12]
	at org.apache.coyote.AbstractProcessorLight.process(AbstractProcessorLight.java:66) [tomcat-embed-core-9.0.12.jar:9.0.12]
	at org.apache.coyote.AbstractProtocol$ConnectionHandler.process(AbstractProtocol.java:770) [tomcat-embed-core-9.0.12.jar:9.0.12]
	at org.apache.tomcat.util.net.NioEndpoint$SocketProcessor.doRun(NioEndpoint.java:1415) [tomcat-embed-core-9.0.12.jar:9.0.12]
	at org.apache.tomcat.util.net.SocketProcessorBase.run(SocketProcessorBase.java:49) [tomcat-embed-core-9.0.12.jar:9.0.12]
	at java.util.concurrent.ThreadPoolExecutor.runWorker(ThreadPoolExecutor.java:1149) [na:1.8.0_451]
	at java.util.concurrent.ThreadPoolExecutor$Worker.run(ThreadPoolExecutor.java:624) [na:1.8.0_451]
	at org.apache.tomcat.util.threads.TaskThread$WrappingRunnable.run(TaskThread.java:61) [tomcat-embed-core-9.0.12.jar:9.0.12]
	at java.lang.Thread.run(Thread.java:750) [na:1.8.0_451]
Caused by: org.apache.ibatis.exceptions.PersistenceException: 
### Error querying database.  Cause: org.springframework.jdbc.CannotGetJdbcConnectionException: Failed to obtain JDBC Connection; nested exception is java.sql.SQLSyntaxErrorException: Unknown database 'bs_xk'
### The error may exist in com/example/dao/TeacherInfoDao.java (best guess)
### The error may involve com.example.dao.TeacherInfoDao.findByName
### The error occurred while executing a query
### Cause: org.springframework.jdbc.CannotGetJdbcConnectionException: Failed to obtain JDBC Connection; nested exception is java.sql.SQLSyntaxErrorException: Unknown database 'bs_xk'
	at org.apache.ibatis.exceptions.ExceptionFactory.wrapException(ExceptionFactory.java:30) ~[mybatis-3.4.6.jar:3.4.6]
	at org.apache.ibatis.session.defaults.DefaultSqlSession.selectList(DefaultSqlSession.java:150) ~[mybatis-3.4.6.jar:3.4.6]
	at org.apache.ibatis.session.defaults.DefaultSqlSession.selectList(DefaultSqlSession.java:141) ~[mybatis-3.4.6.jar:3.4.6]
	at org.apache.ibatis.session.defaults.DefaultSqlSession.selectOne(DefaultSqlSession.java:77) ~[mybatis-3.4.6.jar:3.4.6]
	at sun.reflect.NativeMethodAccessorImpl.invoke0(Native Method) ~[na:1.8.0_451]
	at sun.reflect.NativeMethodAccessorImpl.invoke(NativeMethodAccessorImpl.java:62) ~[na:1.8.0_451]
	at sun.reflect.DelegatingMethodAccessorImpl.invoke(DelegatingMethodAccessorImpl.java:43) ~[na:1.8.0_451]
	at java.lang.reflect.Method.invoke(Method.java:498) ~[na:1.8.0_451]
	at org.mybatis.spring.SqlSessionTemplate$SqlSessionInterceptor.invoke(SqlSessionTemplate.java:433) ~[mybatis-spring-1.3.2.jar:1.3.2]
	... 72 common frames omitted
Caused by: org.springframework.jdbc.CannotGetJdbcConnectionException: Failed to obtain JDBC Connection; nested exception is java.sql.SQLSyntaxErrorException: Unknown database 'bs_xk'
	at org.springframework.jdbc.datasource.DataSourceUtils.getConnection(DataSourceUtils.java:81) ~[spring-jdbc-5.1.2.RELEASE.jar:5.1.2.RELEASE]
	at org.mybatis.spring.transaction.SpringManagedTransaction.openConnection(SpringManagedTransaction.java:82) ~[mybatis-spring-1.3.2.jar:1.3.2]
	at org.mybatis.spring.transaction.SpringManagedTransaction.getConnection(SpringManagedTransaction.java:68) ~[mybatis-spring-1.3.2.jar:1.3.2]
	at org.apache.ibatis.executor.BaseExecutor.getConnection(BaseExecutor.java:338) ~[mybatis-3.4.6.jar:3.4.6]
	at org.apache.ibatis.executor.SimpleExecutor.prepareStatement(SimpleExecutor.java:84) ~[mybatis-3.4.6.jar:3.4.6]
	at org.apache.ibatis.executor.SimpleExecutor.doQuery(SimpleExecutor.java:62) ~[mybatis-3.4.6.jar:3.4.6]
	at org.apache.ibatis.executor.BaseExecutor.queryFromDatabase(BaseExecutor.java:326) ~[mybatis-3.4.6.jar:3.4.6]
	at org.apache.ibatis.executor.BaseExecutor.query(BaseExecutor.java:156) ~[mybatis-3.4.6.jar:3.4.6]
	at org.apache.ibatis.executor.CachingExecutor.query(CachingExecutor.java:109) ~[mybatis-3.4.6.jar:3.4.6]
	at com.github.pagehelper.PageInterceptor.intercept(PageInterceptor.java:108) ~[pagehelper-5.1.8.jar:na]
	at org.apache.ibatis.plugin.Plugin.invoke(Plugin.java:61) ~[mybatis-3.4.6.jar:3.4.6]
	at com.sun.proxy.$Proxy109.query(Unknown Source) ~[na:na]
	at org.apache.ibatis.session.defaults.DefaultSqlSession.selectList(DefaultSqlSession.java:148) ~[mybatis-3.4.6.jar:3.4.6]
	... 79 common frames omitted
Caused by: java.sql.SQLSyntaxErrorException: Unknown database 'bs_xk'
	at com.mysql.cj.jdbc.exceptions.SQLError.createSQLException(SQLError.java:120) ~[mysql-connector-java-8.0.13.jar:8.0.13]
	at com.mysql.cj.jdbc.exceptions.SQLError.createSQLException(SQLError.java:97) ~[mysql-connector-java-8.0.13.jar:8.0.13]
	at com.mysql.cj.jdbc.exceptions.SQLExceptionsMapping.translateException(SQLExceptionsMapping.java:122) ~[mysql-connector-java-8.0.13.jar:8.0.13]
	at com.mysql.cj.jdbc.ConnectionImpl.createNewIO(ConnectionImpl.java:835) ~[mysql-connector-java-8.0.13.jar:8.0.13]
	at com.mysql.cj.jdbc.ConnectionImpl.<init>(ConnectionImpl.java:455) ~[mysql-connector-java-8.0.13.jar:8.0.13]
	at com.mysql.cj.jdbc.ConnectionImpl.getInstance(ConnectionImpl.java:240) ~[mysql-connector-java-8.0.13.jar:8.0.13]
	at com.mysql.cj.jdbc.NonRegisteringDriver.connect(NonRegisteringDriver.java:207) ~[mysql-connector-java-8.0.13.jar:8.0.13]
	at com.zaxxer.hikari.util.DriverDataSource.getConnection(DriverDataSource.java:136) ~[HikariCP-3.2.0.jar:na]
	at com.zaxxer.hikari.pool.PoolBase.newConnection(PoolBase.java:369) ~[HikariCP-3.2.0.jar:na]
	at com.zaxxer.hikari.pool.PoolBase.newPoolEntry(PoolBase.java:198) ~[HikariCP-3.2.0.jar:na]
	at com.zaxxer.hikari.pool.HikariPool.createPoolEntry(HikariPool.java:467) ~[HikariCP-3.2.0.jar:na]
	at com.zaxxer.hikari.pool.HikariPool.checkFailFast(HikariPool.java:541) ~[HikariCP-3.2.0.jar:na]
	at com.zaxxer.hikari.pool.HikariPool.<init>(HikariPool.java:115) ~[HikariCP-3.2.0.jar:na]
	at com.zaxxer.hikari.HikariDataSource.getConnection(HikariDataSource.java:112) ~[HikariCP-3.2.0.jar:na]
	at org.springframework.jdbc.datasource.DataSourceUtils.fetchConnection(DataSourceUtils.java:151) ~[spring-jdbc-5.1.2.RELEASE.jar:5.1.2.RELEASE]
	at org.springframework.jdbc.datasource.DataSourceUtils.doGetConnection(DataSourceUtils.java:115) ~[spring-jdbc-5.1.2.RELEASE.jar:5.1.2.RELEASE]
	at org.springframework.jdbc.datasource.DataSourceUtils.getConnection(DataSourceUtils.java:78) ~[spring-jdbc-5.1.2.RELEASE.jar:5.1.2.RELEASE]
	... 91 common frames omitted

2026-04-23 15:52:25.088  INFO 10504 --- [Thread-3] o.s.s.concurrent.ThreadPoolTaskExecutor  : Shutting down ExecutorService 'applicationTaskExecutor'
2026-04-23 15:57:37.984  INFO 27120 --- [main] com.example.Application                  : Starting Application on HYH with PID 27120 (started by 48938 in C:\Users\48938\Documents\AAA\一堆2.2\信息系统实践\1716035241321-学生选课管理系统)
2026-04-23 15:57:37.986  INFO 27120 --- [main] com.example.Application                  : No active profile set, falling back to default profiles: default
2026-04-23 15:57:38.415  WARN 27120 --- [main] o.m.s.mapper.ClassPathMapperScanner      : No MyBatis mapper was found in '[com.example]' package. Please check your configuration.
2026-04-23 15:57:39.174  INFO 27120 --- [main] o.s.b.w.embedded.tomcat.TomcatWebServer  : Tomcat initialized with port(s): 8888 (http)
2026-04-23 15:57:39.187  INFO 27120 --- [main] o.apache.catalina.core.StandardService   : Starting service [Tomcat]
2026-04-23 15:57:39.187  INFO 27120 --- [main] org.apache.catalina.core.StandardEngine  : Starting Servlet Engine: Apache Tomcat/9.0.12
2026-04-23 15:57:39.194  INFO 27120 --- [main] o.a.catalina.core.AprLifecycleListener   : The APR based Apache Tomcat Native library which allows optimal performance in production environments was not found on the java.library.path: [C:\Program Files (x86)\Java\jdk-1.8\bin;C:\WINDOWS\Sun\Java\bin;C:\WINDOWS\system32;C:\WINDOWS;C:\Program Files\Common Files\Oracle\Java\javapath;C:\Program Files (x86)\Common Files\Oracle\Java\java8path;C:\Program Files (x86)\Common Files\Oracle\Java\javapath;C:\Program Files\NVIDIA GPU Computing Toolkit\CUDA\v12.9\bin;C:\Program Files\NVIDIA GPU Computing Toolkit\CUDA\v12.9\libnvvp;C:\Windows\system32;C:\Windows;C:\Windows\System32\Wbem;C:\Windows\System32\WindowsPowerShell\v1.0\;C:\Windows\System32\OpenSSH\;C:\Program Files (x86)\NVIDIA Corporation\PhysX\Common;C:\Program Files\dotnet\;C:\Oracle\instantclient-basic-windows.x64-23.26.1.0.0\instantclient_23_0;C:\WINDOWS\system32;C:\WINDOWS;C:\WINDOWS\System32\Wbem;C:\WINDOWS\System32\WindowsPowerShell\v1.0\;C:\WINDOWS\System32\OpenSSH\;C:\Program Files\Bandizip\;C:\Program Files (x86)\Windows Kits\10\Windows Performance Toolkit\;C:\Program Files\NVIDIA Corporation\NVIDIA App\NvDLISR;C:\Program Files\NVIDIA Corporation\Nsight Compute 2025.2.0\;C:\Program Files (x86)\Java\jdk-1.8\bin;%JRE_HOME%\bin;C:\Users\48938\AppData\Local\Programs\Python\Launcher\;C:\Users\48938\AppData\Local\Programs\Python\Python313;C:\Users\48938\AppData\Local\Microsoft\WindowsApps;C:\Users\48938\.dotnet\tools;C:\Users\48938\AppData\Local\Programs\Ollama;C:\Users\48938\AppData\Local\Programs\Python\Python313\Scripts;C:\Users\48938\AppData\Local\GitHubDesktop\bin;C:\mingw64\bin;.]
2026-04-23 15:57:39.293  INFO 27120 --- [main] o.a.c.c.C.[Tomcat].[localhost].[/]       : Initializing Spring embedded WebApplicationContext
2026-04-23 15:57:39.294  INFO 27120 --- [main] o.s.web.context.ContextLoader            : Root WebApplicationContext: initialization completed in 1277 ms
2026-04-23 15:57:39.310  INFO 27120 --- [main] o.s.b.w.servlet.ServletRegistrationBean  : Servlet dispatcherServlet mapped to [/]
2026-04-23 15:57:39.313  INFO 27120 --- [main] o.s.b.w.servlet.FilterRegistrationBean   : Mapping filter: 'characterEncodingFilter' to: [/*]
2026-04-23 15:57:39.313  INFO 27120 --- [main] o.s.b.w.servlet.FilterRegistrationBean   : Mapping filter: 'hiddenHttpMethodFilter' to: [/*]
2026-04-23 15:57:39.314  INFO 27120 --- [main] o.s.b.w.servlet.FilterRegistrationBean   : Mapping filter: 'formContentFilter' to: [/*]
2026-04-23 15:57:39.314  INFO 27120 --- [main] o.s.b.w.servlet.FilterRegistrationBean   : Mapping filter: 'requestContextFilter' to: [/*]
2026-04-23 15:57:39.798  INFO 27120 --- [main] o.s.s.concurrent.ThreadPoolTaskExecutor  : Initializing ExecutorService 'applicationTaskExecutor'
2026-04-23 15:57:39.980  INFO 27120 --- [main] o.s.b.w.embedded.tomcat.TomcatWebServer  : Tomcat started on port(s): 8888 (http) with context path ''
2026-04-23 15:57:39.982  INFO 27120 --- [main] com.example.Application                  : Started Application in 2.365 seconds (JVM running for 2.653)
2026-04-23 15:57:39.984  INFO 27120 --- [main] com.example.common.config.OpenBrowser    : 项目启动成功……
2026-04-23 15:57:40.466  INFO 27120 --- [http-nio-8888-exec-1] o.a.c.c.C.[Tomcat].[localhost].[/]       : Initializing Spring DispatcherServlet 'dispatcherServlet'
2026-04-23 15:57:40.466  INFO 27120 --- [http-nio-8888-exec-1] o.s.web.servlet.DispatcherServlet        : Initializing Servlet 'dispatcherServlet'
2026-04-23 15:57:40.472  INFO 27120 --- [http-nio-8888-exec-1] o.s.web.servlet.DispatcherServlet        : Completed initialization in 6 ms
2026-04-23 15:57:51.304  INFO 27120 --- [http-nio-8888-exec-2] com.zaxxer.hikari.HikariDataSource       : HikariPool-1 - Starting...
2026-04-23 15:57:51.423  INFO 27120 --- [http-nio-8888-exec-2] com.zaxxer.hikari.HikariDataSource       : HikariPool-1 - Start completed.
2026-04-23 15:57:51.514 ERROR 27120 --- [http-nio-8888-exec-2] c.e.exception.GlobalExceptionHandler     : 异常信息：

org.springframework.jdbc.BadSqlGrammarException: 
### Error querying database.  Cause: java.sql.SQLSyntaxErrorException: Table 'bs_xk.teacher_info' doesn't exist
### The error may exist in com/example/dao/TeacherInfoDao.java (best guess)
### The error may involve com.example.dao.TeacherInfoDao.findByName-Inline
### The error occurred while setting parameters
### SQL: select * from teacher_info where name = ?
### Cause: java.sql.SQLSyntaxErrorException: Table 'bs_xk.teacher_info' doesn't exist
; bad SQL grammar []; nested exception is java.sql.SQLSyntaxErrorException: Table 'bs_xk.teacher_info' doesn't exist
	at org.springframework.jdbc.support.SQLErrorCodeSQLExceptionTranslator.doTranslate(SQLErrorCodeSQLExceptionTranslator.java:234) ~[spring-jdbc-5.1.2.RELEASE.jar:5.1.2.RELEASE]
	at org.springframework.jdbc.support.AbstractFallbackSQLExceptionTranslator.translate(AbstractFallbackSQLExceptionTranslator.java:72) ~[spring-jdbc-5.1.2.RELEASE.jar:5.1.2.RELEASE]
	at org.mybatis.spring.MyBatisExceptionTranslator.translateExceptionIfPossible(MyBatisExceptionTranslator.java:73) ~[mybatis-spring-1.3.2.jar:1.3.2]
	at org.mybatis.spring.SqlSessionTemplate$SqlSessionInterceptor.invoke(SqlSessionTemplate.java:446) ~[mybatis-spring-1.3.2.jar:1.3.2]
	at com.sun.proxy.$Proxy71.selectOne(Unknown Source) ~[na:na]
	at org.mybatis.spring.SqlSessionTemplate.selectOne(SqlSessionTemplate.java:166) ~[mybatis-spring-1.3.2.jar:1.3.2]
	at org.apache.ibatis.binding.MapperMethod.execute(MapperMethod.java:83) ~[mybatis-3.4.6.jar:3.4.6]
	at org.apache.ibatis.binding.MapperProxy.invoke(MapperProxy.java:59) ~[mybatis-3.4.6.jar:3.4.6]
	at com.sun.proxy.$Proxy80.findByName(Unknown Source) ~[na:na]
	at sun.reflect.NativeMethodAccessorImpl.invoke0(Native Method) ~[na:1.8.0_451]
	at sun.reflect.NativeMethodAccessorImpl.invoke(NativeMethodAccessorImpl.java:62) ~[na:1.8.0_451]
	at sun.reflect.DelegatingMethodAccessorImpl.invoke(DelegatingMethodAccessorImpl.java:43) ~[na:1.8.0_451]
	at java.lang.reflect.Method.invoke(Method.java:498) ~[na:1.8.0_451]
	at org.springframework.aop.support.AopUtils.invokeJoinpointUsingReflection(AopUtils.java:343) ~[spring-aop-5.1.2.RELEASE.jar:5.1.2.RELEASE]
	at org.springframework.aop.framework.ReflectiveMethodInvocation.invokeJoinpoint(ReflectiveMethodInvocation.java:198) ~[spring-aop-5.1.2.RELEASE.jar:5.1.2.RELEASE]
	at org.springframework.aop.framework.ReflectiveMethodInvocation.proceed(ReflectiveMethodInvocation.java:163) ~[spring-aop-5.1.2.RELEASE.jar:5.1.2.RELEASE]
	at org.springframework.dao.support.PersistenceExceptionTranslationInterceptor.invoke(PersistenceExceptionTranslationInterceptor.java:139) ~[spring-tx-5.1.2.RELEASE.jar:5.1.2.RELEASE]
	at org.springframework.aop.framework.ReflectiveMethodInvocation.proceed(ReflectiveMethodInvocation.java:186) ~[spring-aop-5.1.2.RELEASE.jar:5.1.2.RELEASE]
	at org.springframework.aop.framework.JdkDynamicAopProxy.invoke(JdkDynamicAopProxy.java:212) ~[spring-aop-5.1.2.RELEASE.jar:5.1.2.RELEASE]
	at com.sun.proxy.$Proxy81.findByName(Unknown Source) ~[na:na]
	at com.example.service.TeacherInfoService.add(TeacherInfoService.java:52) ~[classes/:na]
	at com.example.controller.AccountController.register(AccountController.java:107) ~[classes/:na]
	at sun.reflect.NativeMethodAccessorImpl.invoke0(Native Method) ~[na:1.8.0_451]
	at sun.reflect.NativeMethodAccessorImpl.invoke(NativeMethodAccessorImpl.java:62) ~[na:1.8.0_451]
	at sun.reflect.DelegatingMethodAccessorImpl.invoke(DelegatingMethodAccessorImpl.java:43) ~[na:1.8.0_451]
	at java.lang.reflect.Method.invoke(Method.java:498) ~[na:1.8.0_451]
	at org.springframework.web.method.support.InvocableHandlerMethod.doInvoke(InvocableHandlerMethod.java:215) ~[spring-web-5.1.2.RELEASE.jar:5.1.2.RELEASE]
	at org.springframework.web.method.support.InvocableHandlerMethod.invokeForRequest(InvocableHandlerMethod.java:142) ~[spring-web-5.1.2.RELEASE.jar:5.1.2.RELEASE]
	at org.springframework.web.servlet.mvc.method.annotation.ServletInvocableHandlerMethod.invokeAndHandle(ServletInvocableHandlerMethod.java:102) ~[spring-webmvc-5.1.2.RELEASE.jar:5.1.2.RELEASE]
	at org.springframework.web.servlet.mvc.method.annotation.RequestMappingHandlerAdapter.invokeHandlerMethod(RequestMappingHandlerAdapter.java:895) ~[spring-webmvc-5.1.2.RELEASE.jar:5.1.2.RELEASE]
	at org.springframework.web.servlet.mvc.method.annotation.RequestMappingHandlerAdapter.handleInternal(RequestMappingHandlerAdapter.java:800) ~[spring-webmvc-5.1.2.RELEASE.jar:5.1.2.RELEASE]
	at org.springframework.web.servlet.mvc.method.AbstractHandlerMethodAdapter.handle(AbstractHandlerMethodAdapter.java:87) ~[spring-webmvc-5.1.2.RELEASE.jar:5.1.2.RELEASE]
	at org.springframework.web.servlet.DispatcherServlet.doDispatch(DispatcherServlet.java:1038) ~[spring-webmvc-5.1.2.RELEASE.jar:5.1.2.RELEASE]
	at org.springframework.web.servlet.DispatcherServlet.doService(DispatcherServlet.java:942) ~[spring-webmvc-5.1.2.RELEASE.jar:5.1.2.RELEASE]
	at org.springframework.web.servlet.FrameworkServlet.processRequest(FrameworkServlet.java:998) [spring-webmvc-5.1.2.RELEASE.jar:5.1.2.RELEASE]
	at org.springframework.web.servlet.FrameworkServlet.doPost(FrameworkServlet.java:901) [spring-webmvc-5.1.2.RELEASE.jar:5.1.2.RELEASE]
	at javax.servlet.http.HttpServlet.service(HttpServlet.java:660) [tomcat-embed-core-9.0.12.jar:9.0.12]
	at org.springframework.web.servlet.FrameworkServlet.service(FrameworkServlet.java:875) [spring-webmvc-5.1.2.RELEASE.jar:5.1.2.RELEASE]
	at javax.servlet.http.HttpServlet.service(HttpServlet.java:741) [tomcat-embed-core-9.0.12.jar:9.0.12]
	at org.apache.catalina.core.ApplicationFilterChain.internalDoFilter(ApplicationFilterChain.java:231) [tomcat-embed-core-9.0.12.jar:9.0.12]
	at org.apache.catalina.core.ApplicationFilterChain.doFilter(ApplicationFilterChain.java:166) [tomcat-embed-core-9.0.12.jar:9.0.12]
	at org.apache.tomcat.websocket.server.WsFilter.doFilter(WsFilter.java:53) [tomcat-embed-websocket-9.0.12.jar:9.0.12]
	at org.apache.catalina.core.ApplicationFilterChain.internalDoFilter(ApplicationFilterChain.java:193) [tomcat-embed-core-9.0.12.jar:9.0.12]
	at org.apache.catalina.core.ApplicationFilterChain.doFilter(ApplicationFilterChain.java:166) [tomcat-embed-core-9.0.12.jar:9.0.12]
	at org.springframework.web.filter.RequestContextFilter.doFilterInternal(RequestContextFilter.java:99) [spring-web-5.1.2.RELEASE.jar:5.1.2.RELEASE]
	at org.springframework.web.filter.OncePerRequestFilter.doFilter(OncePerRequestFilter.java:107) [spring-web-5.1.2.RELEASE.jar:5.1.2.RELEASE]
	at org.apache.catalina.core.ApplicationFilterChain.internalDoFilter(ApplicationFilterChain.java:193) [tomcat-embed-core-9.0.12.jar:9.0.12]
	at org.apache.catalina.core.ApplicationFilterChain.doFilter(ApplicationFilterChain.java:166) [tomcat-embed-core-9.0.12.jar:9.0.12]
	at org.springframework.web.filter.FormContentFilter.doFilterInternal(FormContentFilter.java:92) [spring-web-5.1.2.RELEASE.jar:5.1.2.RELEASE]
	at org.springframework.web.filter.OncePerRequestFilter.doFilter(OncePerRequestFilter.java:107) [spring-web-5.1.2.RELEASE.jar:5.1.2.RELEASE]
	at org.apache.catalina.core.ApplicationFilterChain.internalDoFilter(ApplicationFilterChain.java:193) [tomcat-embed-core-9.0.12.jar:9.0.12]
	at org.apache.catalina.core.ApplicationFilterChain.doFilter(ApplicationFilterChain.java:166) [tomcat-embed-core-9.0.12.jar:9.0.12]
	at org.springframework.web.filter.HiddenHttpMethodFilter.doFilterInternal(HiddenHttpMethodFilter.java:93) [spring-web-5.1.2.RELEASE.jar:5.1.2.RELEASE]
	at org.springframework.web.filter.OncePerRequestFilter.doFilter(OncePerRequestFilter.java:107) [spring-web-5.1.2.RELEASE.jar:5.1.2.RELEASE]
	at org.apache.catalina.core.ApplicationFilterChain.internalDoFilter(ApplicationFilterChain.java:193) [tomcat-embed-core-9.0.12.jar:9.0.12]
	at org.apache.catalina.core.ApplicationFilterChain.doFilter(ApplicationFilterChain.java:166) [tomcat-embed-core-9.0.12.jar:9.0.12]
	at org.springframework.web.filter.CharacterEncodingFilter.doFilterInternal(CharacterEncodingFilter.java:200) [spring-web-5.1.2.RELEASE.jar:5.1.2.RELEASE]
	at org.springframework.web.filter.OncePerRequestFilter.doFilter(OncePerRequestFilter.java:107) [spring-web-5.1.2.RELEASE.jar:5.1.2.RELEASE]
	at org.apache.catalina.core.ApplicationFilterChain.internalDoFilter(ApplicationFilterChain.java:193) [tomcat-embed-core-9.0.12.jar:9.0.12]
	at org.apache.catalina.core.ApplicationFilterChain.doFilter(ApplicationFilterChain.java:166) [tomcat-embed-core-9.0.12.jar:9.0.12]
	at org.apache.catalina.core.StandardWrapperValve.invoke(StandardWrapperValve.java:199) [tomcat-embed-core-9.0.12.jar:9.0.12]
	at org.apache.catalina.core.StandardContextValve.invoke(StandardContextValve.java:96) [tomcat-embed-core-9.0.12.jar:9.0.12]
	at org.apache.catalina.authenticator.AuthenticatorBase.invoke(AuthenticatorBase.java:490) [tomcat-embed-core-9.0.12.jar:9.0.12]
	at org.apache.catalina.core.StandardHostValve.invoke(StandardHostValve.java:139) [tomcat-embed-core-9.0.12.jar:9.0.12]
	at org.apache.catalina.valves.ErrorReportValve.invoke(ErrorReportValve.java:92) [tomcat-embed-core-9.0.12.jar:9.0.12]
	at org.apache.catalina.core.StandardEngineValve.invoke(StandardEngineValve.java:74) [tomcat-embed-core-9.0.12.jar:9.0.12]
	at org.apache.catalina.connector.CoyoteAdapter.service(CoyoteAdapter.java:343) [tomcat-embed-core-9.0.12.jar:9.0.12]
	at org.apache.coyote.http11.Http11Processor.service(Http11Processor.java:408) [tomcat-embed-core-9.0.12.jar:9.0.12]
	at org.apache.coyote.AbstractProcessorLight.process(AbstractProcessorLight.java:66) [tomcat-embed-core-9.0.12.jar:9.0.12]
	at org.apache.coyote.AbstractProtocol$ConnectionHandler.process(AbstractProtocol.java:770) [tomcat-embed-core-9.0.12.jar:9.0.12]
	at org.apache.tomcat.util.net.NioEndpoint$SocketProcessor.doRun(NioEndpoint.java:1415) [tomcat-embed-core-9.0.12.jar:9.0.12]
	at org.apache.tomcat.util.net.SocketProcessorBase.run(SocketProcessorBase.java:49) [tomcat-embed-core-9.0.12.jar:9.0.12]
	at java.util.concurrent.ThreadPoolExecutor.runWorker(ThreadPoolExecutor.java:1149) [na:1.8.0_451]
	at java.util.concurrent.ThreadPoolExecutor$Worker.run(ThreadPoolExecutor.java:624) [na:1.8.0_451]
	at org.apache.tomcat.util.threads.TaskThread$WrappingRunnable.run(TaskThread.java:61) [tomcat-embed-core-9.0.12.jar:9.0.12]
	at java.lang.Thread.run(Thread.java:750) [na:1.8.0_451]
Caused by: java.sql.SQLSyntaxErrorException: Table 'bs_xk.teacher_info' doesn't exist
	at com.mysql.cj.jdbc.exceptions.SQLError.createSQLException(SQLError.java:120) ~[mysql-connector-java-8.0.13.jar:8.0.13]
	at com.mysql.cj.jdbc.exceptions.SQLError.createSQLException(SQLError.java:97) ~[mysql-connector-java-8.0.13.jar:8.0.13]
	at com.mysql.cj.jdbc.exceptions.SQLExceptionsMapping.translateException(SQLExceptionsMapping.java:122) ~[mysql-connector-java-8.0.13.jar:8.0.13]
	at com.mysql.cj.jdbc.ClientPreparedStatement.executeInternal(ClientPreparedStatement.java:974) ~[mysql-connector-java-8.0.13.jar:8.0.13]
	at com.mysql.cj.jdbc.ClientPreparedStatement.execute(ClientPreparedStatement.java:391) ~[mysql-connector-java-8.0.13.jar:8.0.13]
	at com.zaxxer.hikari.pool.ProxyPreparedStatement.execute(ProxyPreparedStatement.java:44) ~[HikariCP-3.2.0.jar:na]
	at com.zaxxer.hikari.pool.HikariProxyPreparedStatement.execute(HikariProxyPreparedStatement.java) ~[HikariCP-3.2.0.jar:na]
	at org.apache.ibatis.executor.statement.PreparedStatementHandler.query(PreparedStatementHandler.java:63) ~[mybatis-3.4.6.jar:3.4.6]
	at org.apache.ibatis.executor.statement.RoutingStatementHandler.query(RoutingStatementHandler.java:79) ~[mybatis-3.4.6.jar:3.4.6]
	at org.apache.ibatis.executor.SimpleExecutor.doQuery(SimpleExecutor.java:63) ~[mybatis-3.4.6.jar:3.4.6]
	at org.apache.ibatis.executor.BaseExecutor.queryFromDatabase(BaseExecutor.java:326) ~[mybatis-3.4.6.jar:3.4.6]
	at org.apache.ibatis.executor.BaseExecutor.query(BaseExecutor.java:156) ~[mybatis-3.4.6.jar:3.4.6]
	at org.apache.ibatis.executor.CachingExecutor.query(CachingExecutor.java:109) ~[mybatis-3.4.6.jar:3.4.6]
	at com.github.pagehelper.PageInterceptor.intercept(PageInterceptor.java:108) ~[pagehelper-5.1.8.jar:na]
	at org.apache.ibatis.plugin.Plugin.invoke(Plugin.java:61) ~[mybatis-3.4.6.jar:3.4.6]
	at com.sun.proxy.$Proxy109.query(Unknown Source) ~[na:na]
	at org.apache.ibatis.session.defaults.DefaultSqlSession.selectList(DefaultSqlSession.java:148) ~[mybatis-3.4.6.jar:3.4.6]
	at org.apache.ibatis.session.defaults.DefaultSqlSession.selectList(DefaultSqlSession.java:141) ~[mybatis-3.4.6.jar:3.4.6]
	at org.apache.ibatis.session.defaults.DefaultSqlSession.selectOne(DefaultSqlSession.java:77) ~[mybatis-3.4.6.jar:3.4.6]
	at sun.reflect.NativeMethodAccessorImpl.invoke0(Native Method) ~[na:1.8.0_451]
	at sun.reflect.NativeMethodAccessorImpl.invoke(NativeMethodAccessorImpl.java:62) ~[na:1.8.0_451]
	at sun.reflect.DelegatingMethodAccessorImpl.invoke(DelegatingMethodAccessorImpl.java:43) ~[na:1.8.0_451]
	at java.lang.reflect.Method.invoke(Method.java:498) ~[na:1.8.0_451]
	at org.mybatis.spring.SqlSessionTemplate$SqlSessionInterceptor.invoke(SqlSessionTemplate.java:433) ~[mybatis-spring-1.3.2.jar:1.3.2]
	... 72 common frames omitted

2026-04-23 15:59:05.435  INFO 27120 --- [Thread-3] o.s.s.concurrent.ThreadPoolTaskExecutor  : Shutting down ExecutorService 'applicationTaskExecutor'
2026-04-23 15:59:05.436  INFO 27120 --- [Thread-3] com.zaxxer.hikari.HikariDataSource       : HikariPool-1 - Shutdown initiated...
2026-04-23 15:59:05.441  INFO 27120 --- [Thread-3] com.zaxxer.hikari.HikariDataSource       : HikariPool-1 - Shutdown completed.
2026-04-23 15:59:09.320  INFO 7120 --- [main] com.example.Application                  : Starting Application on HYH with PID 7120 (started by 48938 in C:\Users\48938\Documents\AAA\一堆2.2\信息系统实践\1716035241321-学生选课管理系统)
2026-04-23 15:59:09.322  INFO 7120 --- [main] com.example.Application                  : No active profile set, falling back to default profiles: default
2026-04-23 15:59:09.731  WARN 7120 --- [main] o.m.s.mapper.ClassPathMapperScanner      : No MyBatis mapper was found in '[com.example]' package. Please check your configuration.
2026-04-23 15:59:10.472  INFO 7120 --- [main] o.s.b.w.embedded.tomcat.TomcatWebServer  : Tomcat initialized with port(s): 8888 (http)
2026-04-23 15:59:10.485  INFO 7120 --- [main] o.apache.catalina.core.StandardService   : Starting service [Tomcat]
2026-04-23 15:59:10.486  INFO 7120 --- [main] org.apache.catalina.core.StandardEngine  : Starting Servlet Engine: Apache Tomcat/9.0.12
2026-04-23 15:59:10.492  INFO 7120 --- [main] o.a.catalina.core.AprLifecycleListener   : The APR based Apache Tomcat Native library which allows optimal performance in production environments was not found on the java.library.path: [C:\Program Files (x86)\Java\jdk-1.8\bin;C:\WINDOWS\Sun\Java\bin;C:\WINDOWS\system32;C:\WINDOWS;C:\Program Files\Common Files\Oracle\Java\javapath;C:\Program Files (x86)\Common Files\Oracle\Java\java8path;C:\Program Files (x86)\Common Files\Oracle\Java\javapath;C:\Program Files\NVIDIA GPU Computing Toolkit\CUDA\v12.9\bin;C:\Program Files\NVIDIA GPU Computing Toolkit\CUDA\v12.9\libnvvp;C:\Windows\system32;C:\Windows;C:\Windows\System32\Wbem;C:\Windows\System32\WindowsPowerShell\v1.0\;C:\Windows\System32\OpenSSH\;C:\Program Files (x86)\NVIDIA Corporation\PhysX\Common;C:\Program Files\dotnet\;C:\Oracle\instantclient-basic-windows.x64-23.26.1.0.0\instantclient_23_0;C:\WINDOWS\system32;C:\WINDOWS;C:\WINDOWS\System32\Wbem;C:\WINDOWS\System32\WindowsPowerShell\v1.0\;C:\WINDOWS\System32\OpenSSH\;C:\Program Files\Bandizip\;C:\Program Files (x86)\Windows Kits\10\Windows Performance Toolkit\;C:\Program Files\NVIDIA Corporation\NVIDIA App\NvDLISR;C:\Program Files\NVIDIA Corporation\Nsight Compute 2025.2.0\;C:\Program Files (x86)\Java\jdk-1.8\bin;%JRE_HOME%\bin;C:\Users\48938\AppData\Local\Programs\Python\Launcher\;C:\Users\48938\AppData\Local\Programs\Python\Python313;C:\Users\48938\AppData\Local\Microsoft\WindowsApps;C:\Users\48938\.dotnet\tools;C:\Users\48938\AppData\Local\Programs\Ollama;C:\Users\48938\AppData\Local\Programs\Python\Python313\Scripts;C:\Users\48938\AppData\Local\GitHubDesktop\bin;C:\mingw64\bin;.]
2026-04-23 15:59:10.582  INFO 7120 --- [main] o.a.c.c.C.[Tomcat].[localhost].[/]       : Initializing Spring embedded WebApplicationContext
2026-04-23 15:59:10.582  INFO 7120 --- [main] o.s.web.context.ContextLoader            : Root WebApplicationContext: initialization completed in 1229 ms
2026-04-23 15:59:10.597  INFO 7120 --- [main] o.s.b.w.servlet.ServletRegistrationBean  : Servlet dispatcherServlet mapped to [/]
2026-04-23 15:59:10.600  INFO 7120 --- [main] o.s.b.w.servlet.FilterRegistrationBean   : Mapping filter: 'characterEncodingFilter' to: [/*]
2026-04-23 15:59:10.600  INFO 7120 --- [main] o.s.b.w.servlet.FilterRegistrationBean   : Mapping filter: 'hiddenHttpMethodFilter' to: [/*]
2026-04-23 15:59:10.600  INFO 7120 --- [main] o.s.b.w.servlet.FilterRegistrationBean   : Mapping filter: 'formContentFilter' to: [/*]
2026-04-23 15:59:10.600  INFO 7120 --- [main] o.s.b.w.servlet.FilterRegistrationBean   : Mapping filter: 'requestContextFilter' to: [/*]
2026-04-23 15:59:11.078  INFO 7120 --- [main] o.s.s.concurrent.ThreadPoolTaskExecutor  : Initializing ExecutorService 'applicationTaskExecutor'
2026-04-23 15:59:11.253  INFO 7120 --- [main] o.s.b.w.embedded.tomcat.TomcatWebServer  : Tomcat started on port(s): 8888 (http) with context path ''
2026-04-23 15:59:11.255  INFO 7120 --- [main] com.example.Application                  : Started Application in 2.287 seconds (JVM running for 2.58)
2026-04-23 15:59:11.256  INFO 7120 --- [main] com.example.common.config.OpenBrowser    : 项目启动成功……
2026-04-23 15:59:11.739  INFO 7120 --- [http-nio-8888-exec-1] o.a.c.c.C.[Tomcat].[localhost].[/]       : Initializing Spring DispatcherServlet 'dispatcherServlet'
2026-04-23 15:59:11.739  INFO 7120 --- [http-nio-8888-exec-1] o.s.web.servlet.DispatcherServlet        : Initializing Servlet 'dispatcherServlet'
2026-04-23 15:59:11.745  INFO 7120 --- [http-nio-8888-exec-1] o.s.web.servlet.DispatcherServlet        : Completed initialization in 6 ms
2026-04-23 15:59:22.541  INFO 7120 --- [http-nio-8888-exec-2] com.zaxxer.hikari.HikariDataSource       : HikariPool-1 - Starting...
2026-04-23 15:59:22.673  INFO 7120 --- [http-nio-8888-exec-2] com.zaxxer.hikari.HikariDataSource       : HikariPool-1 - Start completed.
2026-04-23 15:59:22.730 ERROR 7120 --- [http-nio-8888-exec-2] c.e.exception.GlobalExceptionHandler     : 异常信息：

org.springframework.jdbc.BadSqlGrammarException: 
### Error querying database.  Cause: java.sql.SQLSyntaxErrorException: Table 'bs_xk.teacher_info' doesn't exist
### The error may exist in com/example/dao/TeacherInfoDao.java (best guess)
### The error may involve com.example.dao.TeacherInfoDao.findByName-Inline
### The error occurred while setting parameters
### SQL: select * from teacher_info where name = ?
### Cause: java.sql.SQLSyntaxErrorException: Table 'bs_xk.teacher_info' doesn't exist
; bad SQL grammar []; nested exception is java.sql.SQLSyntaxErrorException: Table 'bs_xk.teacher_info' doesn't exist
	at org.springframework.jdbc.support.SQLErrorCodeSQLExceptionTranslator.doTranslate(SQLErrorCodeSQLExceptionTranslator.java:234) ~[spring-jdbc-5.1.2.RELEASE.jar:5.1.2.RELEASE]
	at org.springframework.jdbc.support.AbstractFallbackSQLExceptionTranslator.translate(AbstractFallbackSQLExceptionTranslator.java:72) ~[spring-jdbc-5.1.2.RELEASE.jar:5.1.2.RELEASE]
	at org.mybatis.spring.MyBatisExceptionTranslator.translateExceptionIfPossible(MyBatisExceptionTranslator.java:73) ~[mybatis-spring-1.3.2.jar:1.3.2]
	at org.mybatis.spring.SqlSessionTemplate$SqlSessionInterceptor.invoke(SqlSessionTemplate.java:446) ~[mybatis-spring-1.3.2.jar:1.3.2]
	at com.sun.proxy.$Proxy71.selectOne(Unknown Source) ~[na:na]
	at org.mybatis.spring.SqlSessionTemplate.selectOne(SqlSessionTemplate.java:166) ~[mybatis-spring-1.3.2.jar:1.3.2]
	at org.apache.ibatis.binding.MapperMethod.execute(MapperMethod.java:83) ~[mybatis-3.4.6.jar:3.4.6]
	at org.apache.ibatis.binding.MapperProxy.invoke(MapperProxy.java:59) ~[mybatis-3.4.6.jar:3.4.6]
	at com.sun.proxy.$Proxy80.findByName(Unknown Source) ~[na:na]
	at sun.reflect.NativeMethodAccessorImpl.invoke0(Native Method) ~[na:1.8.0_451]
	at sun.reflect.NativeMethodAccessorImpl.invoke(NativeMethodAccessorImpl.java:62) ~[na:1.8.0_451]
	at sun.reflect.DelegatingMethodAccessorImpl.invoke(DelegatingMethodAccessorImpl.java:43) ~[na:1.8.0_451]
	at java.lang.reflect.Method.invoke(Method.java:498) ~[na:1.8.0_451]
	at org.springframework.aop.support.AopUtils.invokeJoinpointUsingReflection(AopUtils.java:343) ~[spring-aop-5.1.2.RELEASE.jar:5.1.2.RELEASE]
	at org.springframework.aop.framework.ReflectiveMethodInvocation.invokeJoinpoint(ReflectiveMethodInvocation.java:198) ~[spring-aop-5.1.2.RELEASE.jar:5.1.2.RELEASE]
	at org.springframework.aop.framework.ReflectiveMethodInvocation.proceed(ReflectiveMethodInvocation.java:163) ~[spring-aop-5.1.2.RELEASE.jar:5.1.2.RELEASE]
	at org.springframework.dao.support.PersistenceExceptionTranslationInterceptor.invoke(PersistenceExceptionTranslationInterceptor.java:139) ~[spring-tx-5.1.2.RELEASE.jar:5.1.2.RELEASE]
	at org.springframework.aop.framework.ReflectiveMethodInvocation.proceed(ReflectiveMethodInvocation.java:186) ~[spring-aop-5.1.2.RELEASE.jar:5.1.2.RELEASE]
	at org.springframework.aop.framework.JdkDynamicAopProxy.invoke(JdkDynamicAopProxy.java:212) ~[spring-aop-5.1.2.RELEASE.jar:5.1.2.RELEASE]
	at com.sun.proxy.$Proxy81.findByName(Unknown Source) ~[na:na]
	at com.example.service.TeacherInfoService.add(TeacherInfoService.java:52) ~[classes/:na]
	at com.example.controller.AccountController.register(AccountController.java:107) ~[classes/:na]
	at sun.reflect.NativeMethodAccessorImpl.invoke0(Native Method) ~[na:1.8.0_451]
	at sun.reflect.NativeMethodAccessorImpl.invoke(NativeMethodAccessorImpl.java:62) ~[na:1.8.0_451]
	at sun.reflect.DelegatingMethodAccessorImpl.invoke(DelegatingMethodAccessorImpl.java:43) ~[na:1.8.0_451]
	at java.lang.reflect.Method.invoke(Method.java:498) ~[na:1.8.0_451]
	at org.springframework.web.method.support.InvocableHandlerMethod.doInvoke(InvocableHandlerMethod.java:215) ~[spring-web-5.1.2.RELEASE.jar:5.1.2.RELEASE]
	at org.springframework.web.method.support.InvocableHandlerMethod.invokeForRequest(InvocableHandlerMethod.java:142) ~[spring-web-5.1.2.RELEASE.jar:5.1.2.RELEASE]
	at org.springframework.web.servlet.mvc.method.annotation.ServletInvocableHandlerMethod.invokeAndHandle(ServletInvocableHandlerMethod.java:102) ~[spring-webmvc-5.1.2.RELEASE.jar:5.1.2.RELEASE]
	at org.springframework.web.servlet.mvc.method.annotation.RequestMappingHandlerAdapter.invokeHandlerMethod(RequestMappingHandlerAdapter.java:895) ~[spring-webmvc-5.1.2.RELEASE.jar:5.1.2.RELEASE]
	at org.springframework.web.servlet.mvc.method.annotation.RequestMappingHandlerAdapter.handleInternal(RequestMappingHandlerAdapter.java:800) ~[spring-webmvc-5.1.2.RELEASE.jar:5.1.2.RELEASE]
	at org.springframework.web.servlet.mvc.method.AbstractHandlerMethodAdapter.handle(AbstractHandlerMethodAdapter.java:87) ~[spring-webmvc-5.1.2.RELEASE.jar:5.1.2.RELEASE]
	at org.springframework.web.servlet.DispatcherServlet.doDispatch(DispatcherServlet.java:1038) ~[spring-webmvc-5.1.2.RELEASE.jar:5.1.2.RELEASE]
	at org.springframework.web.servlet.DispatcherServlet.doService(DispatcherServlet.java:942) ~[spring-webmvc-5.1.2.RELEASE.jar:5.1.2.RELEASE]
	at org.springframework.web.servlet.FrameworkServlet.processRequest(FrameworkServlet.java:998) [spring-webmvc-5.1.2.RELEASE.jar:5.1.2.RELEASE]
	at org.springframework.web.servlet.FrameworkServlet.doPost(FrameworkServlet.java:901) [spring-webmvc-5.1.2.RELEASE.jar:5.1.2.RELEASE]
	at javax.servlet.http.HttpServlet.service(HttpServlet.java:660) [tomcat-embed-core-9.0.12.jar:9.0.12]
	at org.springframework.web.servlet.FrameworkServlet.service(FrameworkServlet.java:875) [spring-webmvc-5.1.2.RELEASE.jar:5.1.2.RELEASE]
	at javax.servlet.http.HttpServlet.service(HttpServlet.java:741) [tomcat-embed-core-9.0.12.jar:9.0.12]
	at org.apache.catalina.core.ApplicationFilterChain.internalDoFilter(ApplicationFilterChain.java:231) [tomcat-embed-core-9.0.12.jar:9.0.12]
	at org.apache.catalina.core.ApplicationFilterChain.doFilter(ApplicationFilterChain.java:166) [tomcat-embed-core-9.0.12.jar:9.0.12]
	at org.apache.tomcat.websocket.server.WsFilter.doFilter(WsFilter.java:53) [tomcat-embed-websocket-9.0.12.jar:9.0.12]
	at org.apache.catalina.core.ApplicationFilterChain.internalDoFilter(ApplicationFilterChain.java:193) [tomcat-embed-core-9.0.12.jar:9.0.12]
	at org.apache.catalina.core.ApplicationFilterChain.doFilter(ApplicationFilterChain.java:166) [tomcat-embed-core-9.0.12.jar:9.0.12]
	at org.springframework.web.filter.RequestContextFilter.doFilterInternal(RequestContextFilter.java:99) [spring-web-5.1.2.RELEASE.jar:5.1.2.RELEASE]
	at org.springframework.web.filter.OncePerRequestFilter.doFilter(OncePerRequestFilter.java:107) [spring-web-5.1.2.RELEASE.jar:5.1.2.RELEASE]
	at org.apache.catalina.core.ApplicationFilterChain.internalDoFilter(ApplicationFilterChain.java:193) [tomcat-embed-core-9.0.12.jar:9.0.12]
	at org.apache.catalina.core.ApplicationFilterChain.doFilter(ApplicationFilterChain.java:166) [tomcat-embed-core-9.0.12.jar:9.0.12]
	at org.springframework.web.filter.FormContentFilter.doFilterInternal(FormContentFilter.java:92) [spring-web-5.1.2.RELEASE.jar:5.1.2.RELEASE]
	at org.springframework.web.filter.OncePerRequestFilter.doFilter(OncePerRequestFilter.java:107) [spring-web-5.1.2.RELEASE.jar:5.1.2.RELEASE]
	at org.apache.catalina.core.ApplicationFilterChain.internalDoFilter(ApplicationFilterChain.java:193) [tomcat-embed-core-9.0.12.jar:9.0.12]
	at org.apache.catalina.core.ApplicationFilterChain.doFilter(ApplicationFilterChain.java:166) [tomcat-embed-core-9.0.12.jar:9.0.12]
	at org.springframework.web.filter.HiddenHttpMethodFilter.doFilterInternal(HiddenHttpMethodFilter.java:93) [spring-web-5.1.2.RELEASE.jar:5.1.2.RELEASE]
	at org.springframework.web.filter.OncePerRequestFilter.doFilter(OncePerRequestFilter.java:107) [spring-web-5.1.2.RELEASE.jar:5.1.2.RELEASE]
	at org.apache.catalina.core.ApplicationFilterChain.internalDoFilter(ApplicationFilterChain.java:193) [tomcat-embed-core-9.0.12.jar:9.0.12]
	at org.apache.catalina.core.ApplicationFilterChain.doFilter(ApplicationFilterChain.java:166) [tomcat-embed-core-9.0.12.jar:9.0.12]
	at org.springframework.web.filter.CharacterEncodingFilter.doFilterInternal(CharacterEncodingFilter.java:200) [spring-web-5.1.2.RELEASE.jar:5.1.2.RELEASE]
	at org.springframework.web.filter.OncePerRequestFilter.doFilter(OncePerRequestFilter.java:107) [spring-web-5.1.2.RELEASE.jar:5.1.2.RELEASE]
	at org.apache.catalina.core.ApplicationFilterChain.internalDoFilter(ApplicationFilterChain.java:193) [tomcat-embed-core-9.0.12.jar:9.0.12]
	at org.apache.catalina.core.ApplicationFilterChain.doFilter(ApplicationFilterChain.java:166) [tomcat-embed-core-9.0.12.jar:9.0.12]
	at org.apache.catalina.core.StandardWrapperValve.invoke(StandardWrapperValve.java:199) [tomcat-embed-core-9.0.12.jar:9.0.12]
	at org.apache.catalina.core.StandardContextValve.invoke(StandardContextValve.java:96) [tomcat-embed-core-9.0.12.jar:9.0.12]
	at org.apache.catalina.authenticator.AuthenticatorBase.invoke(AuthenticatorBase.java:490) [tomcat-embed-core-9.0.12.jar:9.0.12]
	at org.apache.catalina.core.StandardHostValve.invoke(StandardHostValve.java:139) [tomcat-embed-core-9.0.12.jar:9.0.12]
	at org.apache.catalina.valves.ErrorReportValve.invoke(ErrorReportValve.java:92) [tomcat-embed-core-9.0.12.jar:9.0.12]
	at org.apache.catalina.core.StandardEngineValve.invoke(StandardEngineValve.java:74) [tomcat-embed-core-9.0.12.jar:9.0.12]
	at org.apache.catalina.connector.CoyoteAdapter.service(CoyoteAdapter.java:343) [tomcat-embed-core-9.0.12.jar:9.0.12]
	at org.apache.coyote.http11.Http11Processor.service(Http11Processor.java:408) [tomcat-embed-core-9.0.12.jar:9.0.12]
	at org.apache.coyote.AbstractProcessorLight.process(AbstractProcessorLight.java:66) [tomcat-embed-core-9.0.12.jar:9.0.12]
	at org.apache.coyote.AbstractProtocol$ConnectionHandler.process(AbstractProtocol.java:770) [tomcat-embed-core-9.0.12.jar:9.0.12]
	at org.apache.tomcat.util.net.NioEndpoint$SocketProcessor.doRun(NioEndpoint.java:1415) [tomcat-embed-core-9.0.12.jar:9.0.12]
	at org.apache.tomcat.util.net.SocketProcessorBase.run(SocketProcessorBase.java:49) [tomcat-embed-core-9.0.12.jar:9.0.12]
	at java.util.concurrent.ThreadPoolExecutor.runWorker(ThreadPoolExecutor.java:1149) [na:1.8.0_451]
	at java.util.concurrent.ThreadPoolExecutor$Worker.run(ThreadPoolExecutor.java:624) [na:1.8.0_451]
	at org.apache.tomcat.util.threads.TaskThread$WrappingRunnable.run(TaskThread.java:61) [tomcat-embed-core-9.0.12.jar:9.0.12]
	at java.lang.Thread.run(Thread.java:750) [na:1.8.0_451]
Caused by: java.sql.SQLSyntaxErrorException: Table 'bs_xk.teacher_info' doesn't exist
	at com.mysql.cj.jdbc.exceptions.SQLError.createSQLException(SQLError.java:120) ~[mysql-connector-java-8.0.13.jar:8.0.13]
	at com.mysql.cj.jdbc.exceptions.SQLError.createSQLException(SQLError.java:97) ~[mysql-connector-java-8.0.13.jar:8.0.13]
	at com.mysql.cj.jdbc.exceptions.SQLExceptionsMapping.translateException(SQLExceptionsMapping.java:122) ~[mysql-connector-java-8.0.13.jar:8.0.13]
	at com.mysql.cj.jdbc.ClientPreparedStatement.executeInternal(ClientPreparedStatement.java:974) ~[mysql-connector-java-8.0.13.jar:8.0.13]
	at com.mysql.cj.jdbc.ClientPreparedStatement.execute(ClientPreparedStatement.java:391) ~[mysql-connector-java-8.0.13.jar:8.0.13]
	at com.zaxxer.hikari.pool.ProxyPreparedStatement.execute(ProxyPreparedStatement.java:44) ~[HikariCP-3.2.0.jar:na]
	at com.zaxxer.hikari.pool.HikariProxyPreparedStatement.execute(HikariProxyPreparedStatement.java) ~[HikariCP-3.2.0.jar:na]
	at org.apache.ibatis.executor.statement.PreparedStatementHandler.query(PreparedStatementHandler.java:63) ~[mybatis-3.4.6.jar:3.4.6]
	at org.apache.ibatis.executor.statement.RoutingStatementHandler.query(RoutingStatementHandler.java:79) ~[mybatis-3.4.6.jar:3.4.6]
	at org.apache.ibatis.executor.SimpleExecutor.doQuery(SimpleExecutor.java:63) ~[mybatis-3.4.6.jar:3.4.6]
	at org.apache.ibatis.executor.BaseExecutor.queryFromDatabase(BaseExecutor.java:326) ~[mybatis-3.4.6.jar:3.4.6]
	at org.apache.ibatis.executor.BaseExecutor.query(BaseExecutor.java:156) ~[mybatis-3.4.6.jar:3.4.6]
	at org.apache.ibatis.executor.CachingExecutor.query(CachingExecutor.java:109) ~[mybatis-3.4.6.jar:3.4.6]
	at com.github.pagehelper.PageInterceptor.intercept(PageInterceptor.java:108) ~[pagehelper-5.1.8.jar:na]
	at org.apache.ibatis.plugin.Plugin.invoke(Plugin.java:61) ~[mybatis-3.4.6.jar:3.4.6]
	at com.sun.proxy.$Proxy109.query(Unknown Source) ~[na:na]
	at org.apache.ibatis.session.defaults.DefaultSqlSession.selectList(DefaultSqlSession.java:148) ~[mybatis-3.4.6.jar:3.4.6]
	at org.apache.ibatis.session.defaults.DefaultSqlSession.selectList(DefaultSqlSession.java:141) ~[mybatis-3.4.6.jar:3.4.6]
	at org.apache.ibatis.session.defaults.DefaultSqlSession.selectOne(DefaultSqlSession.java:77) ~[mybatis-3.4.6.jar:3.4.6]
	at sun.reflect.NativeMethodAccessorImpl.invoke0(Native Method) ~[na:1.8.0_451]
	at sun.reflect.NativeMethodAccessorImpl.invoke(NativeMethodAccessorImpl.java:62) ~[na:1.8.0_451]
	at sun.reflect.DelegatingMethodAccessorImpl.invoke(DelegatingMethodAccessorImpl.java:43) ~[na:1.8.0_451]
	at java.lang.reflect.Method.invoke(Method.java:498) ~[na:1.8.0_451]
	at org.mybatis.spring.SqlSessionTemplate$SqlSessionInterceptor.invoke(SqlSessionTemplate.java:433) ~[mybatis-spring-1.3.2.jar:1.3.2]
	... 72 common frames omitted

2026-04-23 16:00:07.210  INFO 7120 --- [Thread-3] o.s.s.concurrent.ThreadPoolTaskExecutor  : Shutting down ExecutorService 'applicationTaskExecutor'
2026-04-23 16:00:07.211  INFO 7120 --- [Thread-3] com.zaxxer.hikari.HikariDataSource       : HikariPool-1 - Shutdown initiated...
2026-04-23 16:00:07.216  INFO 7120 --- [Thread-3] com.zaxxer.hikari.HikariDataSource       : HikariPool-1 - Shutdown completed.
2026-04-23 16:00:11.749  INFO 29476 --- [main] com.example.Application                  : Starting Application on HYH with PID 29476 (started by 48938 in C:\Users\48938\Documents\AAA\一堆2.2\信息系统实践\1716035241321-学生选课管理系统)
2026-04-23 16:00:11.751  INFO 29476 --- [main] com.example.Application                  : No active profile set, falling back to default profiles: default
2026-04-23 16:00:12.161  WARN 29476 --- [main] o.m.s.mapper.ClassPathMapperScanner      : No MyBatis mapper was found in '[com.example]' package. Please check your configuration.
2026-04-23 16:00:12.893  INFO 29476 --- [main] o.s.b.w.embedded.tomcat.TomcatWebServer  : Tomcat initialized with port(s): 8888 (http)
2026-04-23 16:00:12.907  INFO 29476 --- [main] o.apache.catalina.core.StandardService   : Starting service [Tomcat]
2026-04-23 16:00:12.907  INFO 29476 --- [main] org.apache.catalina.core.StandardEngine  : Starting Servlet Engine: Apache Tomcat/9.0.12
2026-04-23 16:00:12.913  INFO 29476 --- [main] o.a.catalina.core.AprLifecycleListener   : The APR based Apache Tomcat Native library which allows optimal performance in production environments was not found on the java.library.path: [C:\Program Files (x86)\Java\jdk-1.8\bin;C:\WINDOWS\Sun\Java\bin;C:\WINDOWS\system32;C:\WINDOWS;C:\Program Files\Common Files\Oracle\Java\javapath;C:\Program Files (x86)\Common Files\Oracle\Java\java8path;C:\Program Files (x86)\Common Files\Oracle\Java\javapath;C:\Program Files\NVIDIA GPU Computing Toolkit\CUDA\v12.9\bin;C:\Program Files\NVIDIA GPU Computing Toolkit\CUDA\v12.9\libnvvp;C:\Windows\system32;C:\Windows;C:\Windows\System32\Wbem;C:\Windows\System32\WindowsPowerShell\v1.0\;C:\Windows\System32\OpenSSH\;C:\Program Files (x86)\NVIDIA Corporation\PhysX\Common;C:\Program Files\dotnet\;C:\Oracle\instantclient-basic-windows.x64-23.26.1.0.0\instantclient_23_0;C:\WINDOWS\system32;C:\WINDOWS;C:\WINDOWS\System32\Wbem;C:\WINDOWS\System32\WindowsPowerShell\v1.0\;C:\WINDOWS\System32\OpenSSH\;C:\Program Files\Bandizip\;C:\Program Files (x86)\Windows Kits\10\Windows Performance Toolkit\;C:\Program Files\NVIDIA Corporation\NVIDIA App\NvDLISR;C:\Program Files\NVIDIA Corporation\Nsight Compute 2025.2.0\;C:\Program Files (x86)\Java\jdk-1.8\bin;%JRE_HOME%\bin;C:\Users\48938\AppData\Local\Programs\Python\Launcher\;C:\Users\48938\AppData\Local\Programs\Python\Python313;C:\Users\48938\AppData\Local\Microsoft\WindowsApps;C:\Users\48938\.dotnet\tools;C:\Users\48938\AppData\Local\Programs\Ollama;C:\Users\48938\AppData\Local\Programs\Python\Python313\Scripts;C:\Users\48938\AppData\Local\GitHubDesktop\bin;C:\mingw64\bin;.]
2026-04-23 16:00:13.006  INFO 29476 --- [main] o.a.c.c.C.[Tomcat].[localhost].[/]       : Initializing Spring embedded WebApplicationContext
2026-04-23 16:00:13.006  INFO 29476 --- [main] o.s.web.context.ContextLoader            : Root WebApplicationContext: initialization completed in 1221 ms
2026-04-23 16:00:13.023  INFO 29476 --- [main] o.s.b.w.servlet.ServletRegistrationBean  : Servlet dispatcherServlet mapped to [/]
2026-04-23 16:00:13.025  INFO 29476 --- [main] o.s.b.w.servlet.FilterRegistrationBean   : Mapping filter: 'characterEncodingFilter' to: [/*]
2026-04-23 16:00:13.025  INFO 29476 --- [main] o.s.b.w.servlet.FilterRegistrationBean   : Mapping filter: 'hiddenHttpMethodFilter' to: [/*]
2026-04-23 16:00:13.026  INFO 29476 --- [main] o.s.b.w.servlet.FilterRegistrationBean   : Mapping filter: 'formContentFilter' to: [/*]
2026-04-23 16:00:13.026  INFO 29476 --- [main] o.s.b.w.servlet.FilterRegistrationBean   : Mapping filter: 'requestContextFilter' to: [/*]
2026-04-23 16:00:13.522  INFO 29476 --- [main] o.s.s.concurrent.ThreadPoolTaskExecutor  : Initializing ExecutorService 'applicationTaskExecutor'
2026-04-23 16:00:13.697  INFO 29476 --- [main] o.s.b.w.embedded.tomcat.TomcatWebServer  : Tomcat started on port(s): 8888 (http) with context path ''
2026-04-23 16:00:13.699  INFO 29476 --- [main] com.example.Application                  : Started Application in 2.297 seconds (JVM running for 2.591)
2026-04-23 16:00:13.701  INFO 29476 --- [main] com.example.common.config.OpenBrowser    : 项目启动成功……
2026-04-23 16:00:14.190  INFO 29476 --- [http-nio-8888-exec-1] o.a.c.c.C.[Tomcat].[localhost].[/]       : Initializing Spring DispatcherServlet 'dispatcherServlet'
2026-04-23 16:00:14.191  INFO 29476 --- [http-nio-8888-exec-1] o.s.web.servlet.DispatcherServlet        : Initializing Servlet 'dispatcherServlet'
2026-04-23 16:00:14.197  INFO 29476 --- [http-nio-8888-exec-1] o.s.web.servlet.DispatcherServlet        : Completed initialization in 6 ms
2026-04-23 16:00:25.813  INFO 29476 --- [http-nio-8888-exec-4] com.zaxxer.hikari.HikariDataSource       : HikariPool-1 - Starting...
2026-04-23 16:00:25.923  INFO 29476 --- [http-nio-8888-exec-4] com.zaxxer.hikari.HikariDataSource       : HikariPool-1 - Start completed.
2026-04-23 16:00:25.994 ERROR 29476 --- [http-nio-8888-exec-4] c.e.exception.GlobalExceptionHandler     : 异常信息：

org.springframework.jdbc.BadSqlGrammarException: 
### Error querying database.  Cause: java.sql.SQLSyntaxErrorException: Table 'bs_xk.teacher_info' doesn't exist
### The error may exist in com/example/dao/TeacherInfoDao.java (best guess)
### The error may involve com.example.dao.TeacherInfoDao.findByName-Inline
### The error occurred while setting parameters
### SQL: select * from teacher_info where name = ?
### Cause: java.sql.SQLSyntaxErrorException: Table 'bs_xk.teacher_info' doesn't exist
; bad SQL grammar []; nested exception is java.sql.SQLSyntaxErrorException: Table 'bs_xk.teacher_info' doesn't exist
	at org.springframework.jdbc.support.SQLErrorCodeSQLExceptionTranslator.doTranslate(SQLErrorCodeSQLExceptionTranslator.java:234) ~[spring-jdbc-5.1.2.RELEASE.jar:5.1.2.RELEASE]
	at org.springframework.jdbc.support.AbstractFallbackSQLExceptionTranslator.translate(AbstractFallbackSQLExceptionTranslator.java:72) ~[spring-jdbc-5.1.2.RELEASE.jar:5.1.2.RELEASE]
	at org.mybatis.spring.MyBatisExceptionTranslator.translateExceptionIfPossible(MyBatisExceptionTranslator.java:73) ~[mybatis-spring-1.3.2.jar:1.3.2]
	at org.mybatis.spring.SqlSessionTemplate$SqlSessionInterceptor.invoke(SqlSessionTemplate.java:446) ~[mybatis-spring-1.3.2.jar:1.3.2]
	at com.sun.proxy.$Proxy71.selectOne(Unknown Source) ~[na:na]
	at org.mybatis.spring.SqlSessionTemplate.selectOne(SqlSessionTemplate.java:166) ~[mybatis-spring-1.3.2.jar:1.3.2]
	at org.apache.ibatis.binding.MapperMethod.execute(MapperMethod.java:83) ~[mybatis-3.4.6.jar:3.4.6]
	at org.apache.ibatis.binding.MapperProxy.invoke(MapperProxy.java:59) ~[mybatis-3.4.6.jar:3.4.6]
	at com.sun.proxy.$Proxy80.findByName(Unknown Source) ~[na:na]
	at sun.reflect.NativeMethodAccessorImpl.invoke0(Native Method) ~[na:1.8.0_451]
	at sun.reflect.NativeMethodAccessorImpl.invoke(NativeMethodAccessorImpl.java:62) ~[na:1.8.0_451]
	at sun.reflect.DelegatingMethodAccessorImpl.invoke(DelegatingMethodAccessorImpl.java:43) ~[na:1.8.0_451]
	at java.lang.reflect.Method.invoke(Method.java:498) ~[na:1.8.0_451]
	at org.springframework.aop.support.AopUtils.invokeJoinpointUsingReflection(AopUtils.java:343) ~[spring-aop-5.1.2.RELEASE.jar:5.1.2.RELEASE]
	at org.springframework.aop.framework.ReflectiveMethodInvocation.invokeJoinpoint(ReflectiveMethodInvocation.java:198) ~[spring-aop-5.1.2.RELEASE.jar:5.1.2.RELEASE]
	at org.springframework.aop.framework.ReflectiveMethodInvocation.proceed(ReflectiveMethodInvocation.java:163) ~[spring-aop-5.1.2.RELEASE.jar:5.1.2.RELEASE]
	at org.springframework.dao.support.PersistenceExceptionTranslationInterceptor.invoke(PersistenceExceptionTranslationInterceptor.java:139) ~[spring-tx-5.1.2.RELEASE.jar:5.1.2.RELEASE]
	at org.springframework.aop.framework.ReflectiveMethodInvocation.proceed(ReflectiveMethodInvocation.java:186) ~[spring-aop-5.1.2.RELEASE.jar:5.1.2.RELEASE]
	at org.springframework.aop.framework.JdkDynamicAopProxy.invoke(JdkDynamicAopProxy.java:212) ~[spring-aop-5.1.2.RELEASE.jar:5.1.2.RELEASE]
	at com.sun.proxy.$Proxy81.findByName(Unknown Source) ~[na:na]
	at com.example.service.TeacherInfoService.add(TeacherInfoService.java:52) ~[classes/:na]
	at com.example.controller.AccountController.register(AccountController.java:107) ~[classes/:na]
	at sun.reflect.NativeMethodAccessorImpl.invoke0(Native Method) ~[na:1.8.0_451]
	at sun.reflect.NativeMethodAccessorImpl.invoke(NativeMethodAccessorImpl.java:62) ~[na:1.8.0_451]
	at sun.reflect.DelegatingMethodAccessorImpl.invoke(DelegatingMethodAccessorImpl.java:43) ~[na:1.8.0_451]
	at java.lang.reflect.Method.invoke(Method.java:498) ~[na:1.8.0_451]
	at org.springframework.web.method.support.InvocableHandlerMethod.doInvoke(InvocableHandlerMethod.java:215) ~[spring-web-5.1.2.RELEASE.jar:5.1.2.RELEASE]
	at org.springframework.web.method.support.InvocableHandlerMethod.invokeForRequest(InvocableHandlerMethod.java:142) ~[spring-web-5.1.2.RELEASE.jar:5.1.2.RELEASE]
	at org.springframework.web.servlet.mvc.method.annotation.ServletInvocableHandlerMethod.invokeAndHandle(ServletInvocableHandlerMethod.java:102) ~[spring-webmvc-5.1.2.RELEASE.jar:5.1.2.RELEASE]
	at org.springframework.web.servlet.mvc.method.annotation.RequestMappingHandlerAdapter.invokeHandlerMethod(RequestMappingHandlerAdapter.java:895) ~[spring-webmvc-5.1.2.RELEASE.jar:5.1.2.RELEASE]
	at org.springframework.web.servlet.mvc.method.annotation.RequestMappingHandlerAdapter.handleInternal(RequestMappingHandlerAdapter.java:800) ~[spring-webmvc-5.1.2.RELEASE.jar:5.1.2.RELEASE]
	at org.springframework.web.servlet.mvc.method.AbstractHandlerMethodAdapter.handle(AbstractHandlerMethodAdapter.java:87) ~[spring-webmvc-5.1.2.RELEASE.jar:5.1.2.RELEASE]
	at org.springframework.web.servlet.DispatcherServlet.doDispatch(DispatcherServlet.java:1038) ~[spring-webmvc-5.1.2.RELEASE.jar:5.1.2.RELEASE]
	at org.springframework.web.servlet.DispatcherServlet.doService(DispatcherServlet.java:942) ~[spring-webmvc-5.1.2.RELEASE.jar:5.1.2.RELEASE]
	at org.springframework.web.servlet.FrameworkServlet.processRequest(FrameworkServlet.java:998) [spring-webmvc-5.1.2.RELEASE.jar:5.1.2.RELEASE]
	at org.springframework.web.servlet.FrameworkServlet.doPost(FrameworkServlet.java:901) [spring-webmvc-5.1.2.RELEASE.jar:5.1.2.RELEASE]
	at javax.servlet.http.HttpServlet.service(HttpServlet.java:660) [tomcat-embed-core-9.0.12.jar:9.0.12]
	at org.springframework.web.servlet.FrameworkServlet.service(FrameworkServlet.java:875) [spring-webmvc-5.1.2.RELEASE.jar:5.1.2.RELEASE]
	at javax.servlet.http.HttpServlet.service(HttpServlet.java:741) [tomcat-embed-core-9.0.12.jar:9.0.12]
	at org.apache.catalina.core.ApplicationFilterChain.internalDoFilter(ApplicationFilterChain.java:231) [tomcat-embed-core-9.0.12.jar:9.0.12]
	at org.apache.catalina.core.ApplicationFilterChain.doFilter(ApplicationFilterChain.java:166) [tomcat-embed-core-9.0.12.jar:9.0.12]
	at org.apache.tomcat.websocket.server.WsFilter.doFilter(WsFilter.java:53) [tomcat-embed-websocket-9.0.12.jar:9.0.12]
	at org.apache.catalina.core.ApplicationFilterChain.internalDoFilter(ApplicationFilterChain.java:193) [tomcat-embed-core-9.0.12.jar:9.0.12]
	at org.apache.catalina.core.ApplicationFilterChain.doFilter(ApplicationFilterChain.java:166) [tomcat-embed-core-9.0.12.jar:9.0.12]
	at org.springframework.web.filter.RequestContextFilter.doFilterInternal(RequestContextFilter.java:99) [spring-web-5.1.2.RELEASE.jar:5.1.2.RELEASE]
	at org.springframework.web.filter.OncePerRequestFilter.doFilter(OncePerRequestFilter.java:107) [spring-web-5.1.2.RELEASE.jar:5.1.2.RELEASE]
	at org.apache.catalina.core.ApplicationFilterChain.internalDoFilter(ApplicationFilterChain.java:193) [tomcat-embed-core-9.0.12.jar:9.0.12]
	at org.apache.catalina.core.ApplicationFilterChain.doFilter(ApplicationFilterChain.java:166) [tomcat-embed-core-9.0.12.jar:9.0.12]
	at org.springframework.web.filter.FormContentFilter.doFilterInternal(FormContentFilter.java:92) [spring-web-5.1.2.RELEASE.jar:5.1.2.RELEASE]
	at org.springframework.web.filter.OncePerRequestFilter.doFilter(OncePerRequestFilter.java:107) [spring-web-5.1.2.RELEASE.jar:5.1.2.RELEASE]
	at org.apache.catalina.core.ApplicationFilterChain.internalDoFilter(ApplicationFilterChain.java:193) [tomcat-embed-core-9.0.12.jar:9.0.12]
	at org.apache.catalina.core.ApplicationFilterChain.doFilter(ApplicationFilterChain.java:166) [tomcat-embed-core-9.0.12.jar:9.0.12]
	at org.springframework.web.filter.HiddenHttpMethodFilter.doFilterInternal(HiddenHttpMethodFilter.java:93) [spring-web-5.1.2.RELEASE.jar:5.1.2.RELEASE]
	at org.springframework.web.filter.OncePerRequestFilter.doFilter(OncePerRequestFilter.java:107) [spring-web-5.1.2.RELEASE.jar:5.1.2.RELEASE]
	at org.apache.catalina.core.ApplicationFilterChain.internalDoFilter(ApplicationFilterChain.java:193) [tomcat-embed-core-9.0.12.jar:9.0.12]
	at org.apache.catalina.core.ApplicationFilterChain.doFilter(ApplicationFilterChain.java:166) [tomcat-embed-core-9.0.12.jar:9.0.12]
	at org.springframework.web.filter.CharacterEncodingFilter.doFilterInternal(CharacterEncodingFilter.java:200) [spring-web-5.1.2.RELEASE.jar:5.1.2.RELEASE]
	at org.springframework.web.filter.OncePerRequestFilter.doFilter(OncePerRequestFilter.java:107) [spring-web-5.1.2.RELEASE.jar:5.1.2.RELEASE]
	at org.apache.catalina.core.ApplicationFilterChain.internalDoFilter(ApplicationFilterChain.java:193) [tomcat-embed-core-9.0.12.jar:9.0.12]
	at org.apache.catalina.core.ApplicationFilterChain.doFilter(ApplicationFilterChain.java:166) [tomcat-embed-core-9.0.12.jar:9.0.12]
	at org.apache.catalina.core.StandardWrapperValve.invoke(StandardWrapperValve.java:199) [tomcat-embed-core-9.0.12.jar:9.0.12]
	at org.apache.catalina.core.StandardContextValve.invoke(StandardContextValve.java:96) [tomcat-embed-core-9.0.12.jar:9.0.12]
	at org.apache.catalina.authenticator.AuthenticatorBase.invoke(AuthenticatorBase.java:490) [tomcat-embed-core-9.0.12.jar:9.0.12]
	at org.apache.catalina.core.StandardHostValve.invoke(StandardHostValve.java:139) [tomcat-embed-core-9.0.12.jar:9.0.12]
	at org.apache.catalina.valves.ErrorReportValve.invoke(ErrorReportValve.java:92) [tomcat-embed-core-9.0.12.jar:9.0.12]
	at org.apache.catalina.core.StandardEngineValve.invoke(StandardEngineValve.java:74) [tomcat-embed-core-9.0.12.jar:9.0.12]
	at org.apache.catalina.connector.CoyoteAdapter.service(CoyoteAdapter.java:343) [tomcat-embed-core-9.0.12.jar:9.0.12]
	at org.apache.coyote.http11.Http11Processor.service(Http11Processor.java:408) [tomcat-embed-core-9.0.12.jar:9.0.12]
	at org.apache.coyote.AbstractProcessorLight.process(AbstractProcessorLight.java:66) [tomcat-embed-core-9.0.12.jar:9.0.12]
	at org.apache.coyote.AbstractProtocol$ConnectionHandler.process(AbstractProtocol.java:770) [tomcat-embed-core-9.0.12.jar:9.0.12]
	at org.apache.tomcat.util.net.NioEndpoint$SocketProcessor.doRun(NioEndpoint.java:1415) [tomcat-embed-core-9.0.12.jar:9.0.12]
	at org.apache.tomcat.util.net.SocketProcessorBase.run(SocketProcessorBase.java:49) [tomcat-embed-core-9.0.12.jar:9.0.12]
	at java.util.concurrent.ThreadPoolExecutor.runWorker(ThreadPoolExecutor.java:1149) [na:1.8.0_451]
	at java.util.concurrent.ThreadPoolExecutor$Worker.run(ThreadPoolExecutor.java:624) [na:1.8.0_451]
	at org.apache.tomcat.util.threads.TaskThread$WrappingRunnable.run(TaskThread.java:61) [tomcat-embed-core-9.0.12.jar:9.0.12]
	at java.lang.Thread.run(Thread.java:750) [na:1.8.0_451]
Caused by: java.sql.SQLSyntaxErrorException: Table 'bs_xk.teacher_info' doesn't exist
	at com.mysql.cj.jdbc.exceptions.SQLError.createSQLException(SQLError.java:120) ~[mysql-connector-java-8.0.13.jar:8.0.13]
	at com.mysql.cj.jdbc.exceptions.SQLError.createSQLException(SQLError.java:97) ~[mysql-connector-java-8.0.13.jar:8.0.13]
	at com.mysql.cj.jdbc.exceptions.SQLExceptionsMapping.translateException(SQLExceptionsMapping.java:122) ~[mysql-connector-java-8.0.13.jar:8.0.13]
	at com.mysql.cj.jdbc.ClientPreparedStatement.executeInternal(ClientPreparedStatement.java:974) ~[mysql-connector-java-8.0.13.jar:8.0.13]
	at com.mysql.cj.jdbc.ClientPreparedStatement.execute(ClientPreparedStatement.java:391) ~[mysql-connector-java-8.0.13.jar:8.0.13]
	at com.zaxxer.hikari.pool.ProxyPreparedStatement.execute(ProxyPreparedStatement.java:44) ~[HikariCP-3.2.0.jar:na]
	at com.zaxxer.hikari.pool.HikariProxyPreparedStatement.execute(HikariProxyPreparedStatement.java) ~[HikariCP-3.2.0.jar:na]
	at org.apache.ibatis.executor.statement.PreparedStatementHandler.query(PreparedStatementHandler.java:63) ~[mybatis-3.4.6.jar:3.4.6]
	at org.apache.ibatis.executor.statement.RoutingStatementHandler.query(RoutingStatementHandler.java:79) ~[mybatis-3.4.6.jar:3.4.6]
	at org.apache.ibatis.executor.SimpleExecutor.doQuery(SimpleExecutor.java:63) ~[mybatis-3.4.6.jar:3.4.6]
	at org.apache.ibatis.executor.BaseExecutor.queryFromDatabase(BaseExecutor.java:326) ~[mybatis-3.4.6.jar:3.4.6]
	at org.apache.ibatis.executor.BaseExecutor.query(BaseExecutor.java:156) ~[mybatis-3.4.6.jar:3.4.6]
	at org.apache.ibatis.executor.CachingExecutor.query(CachingExecutor.java:109) ~[mybatis-3.4.6.jar:3.4.6]
	at com.github.pagehelper.PageInterceptor.intercept(PageInterceptor.java:108) ~[pagehelper-5.1.8.jar:na]
	at org.apache.ibatis.plugin.Plugin.invoke(Plugin.java:61) ~[mybatis-3.4.6.jar:3.4.6]
	at com.sun.proxy.$Proxy109.query(Unknown Source) ~[na:na]
	at org.apache.ibatis.session.defaults.DefaultSqlSession.selectList(DefaultSqlSession.java:148) ~[mybatis-3.4.6.jar:3.4.6]
	at org.apache.ibatis.session.defaults.DefaultSqlSession.selectList(DefaultSqlSession.java:141) ~[mybatis-3.4.6.jar:3.4.6]
	at org.apache.ibatis.session.defaults.DefaultSqlSession.selectOne(DefaultSqlSession.java:77) ~[mybatis-3.4.6.jar:3.4.6]
	at sun.reflect.NativeMethodAccessorImpl.invoke0(Native Method) ~[na:1.8.0_451]
	at sun.reflect.NativeMethodAccessorImpl.invoke(NativeMethodAccessorImpl.java:62) ~[na:1.8.0_451]
	at sun.reflect.DelegatingMethodAccessorImpl.invoke(DelegatingMethodAccessorImpl.java:43) ~[na:1.8.0_451]
	at java.lang.reflect.Method.invoke(Method.java:498) ~[na:1.8.0_451]
	at org.mybatis.spring.SqlSessionTemplate$SqlSessionInterceptor.invoke(SqlSessionTemplate.java:433) ~[mybatis-spring-1.3.2.jar:1.3.2]
	... 72 common frames omitted

2026-04-23 16:00:31.546  INFO 29476 --- [Thread-3] o.s.s.concurrent.ThreadPoolTaskExecutor  : Shutting down ExecutorService 'applicationTaskExecutor'
2026-04-23 16:00:31.547  INFO 29476 --- [Thread-3] com.zaxxer.hikari.HikariDataSource       : HikariPool-1 - Shutdown initiated...
2026-04-23 16:00:31.550  INFO 29476 --- [Thread-3] com.zaxxer.hikari.HikariDataSource       : HikariPool-1 - Shutdown completed.
2026-04-23 16:07:53.836  INFO 27172 --- [main] com.example.Application                  : Starting Application on HYH with PID 27172 (started by 48938 in C:\Users\48938\Documents\AAA\一堆2.2\信息系统实践\1716035241321-学生选课管理系统)
2026-04-23 16:07:53.839  INFO 27172 --- [main] com.example.Application                  : No active profile set, falling back to default profiles: default
2026-04-23 16:07:54.272  WARN 27172 --- [main] o.m.s.mapper.ClassPathMapperScanner      : No MyBatis mapper was found in '[com.example]' package. Please check your configuration.
2026-04-23 16:07:55.036  INFO 27172 --- [main] o.s.b.w.embedded.tomcat.TomcatWebServer  : Tomcat initialized with port(s): 8888 (http)
2026-04-23 16:07:55.050  INFO 27172 --- [main] o.apache.catalina.core.StandardService   : Starting service [Tomcat]
2026-04-23 16:07:55.050  INFO 27172 --- [main] org.apache.catalina.core.StandardEngine  : Starting Servlet Engine: Apache Tomcat/9.0.12
2026-04-23 16:07:55.057  INFO 27172 --- [main] o.a.catalina.core.AprLifecycleListener   : The APR based Apache Tomcat Native library which allows optimal performance in production environments was not found on the java.library.path: [C:\Program Files (x86)\Java\jdk-1.8\bin;C:\WINDOWS\Sun\Java\bin;C:\WINDOWS\system32;C:\WINDOWS;C:\Program Files\Common Files\Oracle\Java\javapath;C:\Program Files (x86)\Common Files\Oracle\Java\java8path;C:\Program Files (x86)\Common Files\Oracle\Java\javapath;C:\Program Files\NVIDIA GPU Computing Toolkit\CUDA\v12.9\bin;C:\Program Files\NVIDIA GPU Computing Toolkit\CUDA\v12.9\libnvvp;C:\Windows\system32;C:\Windows;C:\Windows\System32\Wbem;C:\Windows\System32\WindowsPowerShell\v1.0\;C:\Windows\System32\OpenSSH\;C:\Program Files (x86)\NVIDIA Corporation\PhysX\Common;C:\Program Files\dotnet\;C:\Oracle\instantclient-basic-windows.x64-23.26.1.0.0\instantclient_23_0;C:\WINDOWS\system32;C:\WINDOWS;C:\WINDOWS\System32\Wbem;C:\WINDOWS\System32\WindowsPowerShell\v1.0\;C:\WINDOWS\System32\OpenSSH\;C:\Program Files\Bandizip\;C:\Program Files (x86)\Windows Kits\10\Windows Performance Toolkit\;C:\Program Files\NVIDIA Corporation\NVIDIA App\NvDLISR;C:\Program Files\NVIDIA Corporation\Nsight Compute 2025.2.0\;C:\Program Files (x86)\Java\jdk-1.8\bin;%JRE_HOME%\bin;C:\Users\48938\AppData\Local\Programs\Python\Launcher\;C:\Users\48938\AppData\Local\Programs\Python\Python313;C:\Users\48938\AppData\Local\Microsoft\WindowsApps;C:\Users\48938\.dotnet\tools;C:\Users\48938\AppData\Local\Programs\Ollama;C:\Users\48938\AppData\Local\Programs\Python\Python313\Scripts;C:\Users\48938\AppData\Local\GitHubDesktop\bin;C:\mingw64\bin;.]
2026-04-23 16:07:55.149  INFO 27172 --- [main] o.a.c.c.C.[Tomcat].[localhost].[/]       : Initializing Spring embedded WebApplicationContext
2026-04-23 16:07:55.150  INFO 27172 --- [main] o.s.web.context.ContextLoader            : Root WebApplicationContext: initialization completed in 1281 ms
2026-04-23 16:07:55.165  INFO 27172 --- [main] o.s.b.w.servlet.ServletRegistrationBean  : Servlet dispatcherServlet mapped to [/]
2026-04-23 16:07:55.167  INFO 27172 --- [main] o.s.b.w.servlet.FilterRegistrationBean   : Mapping filter: 'characterEncodingFilter' to: [/*]
2026-04-23 16:07:55.168  INFO 27172 --- [main] o.s.b.w.servlet.FilterRegistrationBean   : Mapping filter: 'hiddenHttpMethodFilter' to: [/*]
2026-04-23 16:07:55.168  INFO 27172 --- [main] o.s.b.w.servlet.FilterRegistrationBean   : Mapping filter: 'formContentFilter' to: [/*]
2026-04-23 16:07:55.168  INFO 27172 --- [main] o.s.b.w.servlet.FilterRegistrationBean   : Mapping filter: 'requestContextFilter' to: [/*]
2026-04-23 16:07:55.653  INFO 27172 --- [main] o.s.s.concurrent.ThreadPoolTaskExecutor  : Initializing ExecutorService 'applicationTaskExecutor'
2026-04-23 16:07:55.832  INFO 27172 --- [main] o.s.b.w.embedded.tomcat.TomcatWebServer  : Tomcat started on port(s): 8888 (http) with context path ''
2026-04-23 16:07:55.834  INFO 27172 --- [main] com.example.Application                  : Started Application in 2.346 seconds (JVM running for 2.64)
2026-04-23 16:07:55.835  INFO 27172 --- [main] com.example.common.config.OpenBrowser    : 项目启动成功……
2026-04-23 16:07:56.323  INFO 27172 --- [http-nio-8888-exec-1] o.a.c.c.C.[Tomcat].[localhost].[/]       : Initializing Spring DispatcherServlet 'dispatcherServlet'
2026-04-23 16:07:56.323  INFO 27172 --- [http-nio-8888-exec-1] o.s.web.servlet.DispatcherServlet        : Initializing Servlet 'dispatcherServlet'
2026-04-23 16:07:56.330  INFO 27172 --- [http-nio-8888-exec-1] o.s.web.servlet.DispatcherServlet        : Completed initialization in 7 ms
2026-04-23 16:08:11.697  INFO 27172 --- [http-nio-8888-exec-3] com.zaxxer.hikari.HikariDataSource       : HikariPool-1 - Starting...
2026-04-23 16:08:11.813  INFO 27172 --- [http-nio-8888-exec-3] com.zaxxer.hikari.HikariDataSource       : HikariPool-1 - Start completed.
2026-04-23 16:08:11.876 ERROR 27172 --- [http-nio-8888-exec-3] c.e.exception.GlobalExceptionHandler     : 异常信息：

org.springframework.jdbc.BadSqlGrammarException: 
### Error querying database.  Cause: java.sql.SQLSyntaxErrorException: Table 'bs_xk.admin_info' doesn't exist
### The error may exist in com/example/dao/AdminInfoDao.java (best guess)
### The error may involve com.example.dao.AdminInfoDao.findByNameAndPass-Inline
### The error occurred while setting parameters
### SQL: select * from admin_info where name = ? and password = ?
### Cause: java.sql.SQLSyntaxErrorException: Table 'bs_xk.admin_info' doesn't exist
; bad SQL grammar []; nested exception is java.sql.SQLSyntaxErrorException: Table 'bs_xk.admin_info' doesn't exist
	at org.springframework.jdbc.support.SQLErrorCodeSQLExceptionTranslator.doTranslate(SQLErrorCodeSQLExceptionTranslator.java:234) ~[spring-jdbc-5.1.2.RELEASE.jar:5.1.2.RELEASE]
	at org.springframework.jdbc.support.AbstractFallbackSQLExceptionTranslator.translate(AbstractFallbackSQLExceptionTranslator.java:72) ~[spring-jdbc-5.1.2.RELEASE.jar:5.1.2.RELEASE]
	at org.mybatis.spring.MyBatisExceptionTranslator.translateExceptionIfPossible(MyBatisExceptionTranslator.java:73) ~[mybatis-spring-1.3.2.jar:1.3.2]
	at org.mybatis.spring.SqlSessionTemplate$SqlSessionInterceptor.invoke(SqlSessionTemplate.java:446) ~[mybatis-spring-1.3.2.jar:1.3.2]
	at com.sun.proxy.$Proxy71.selectOne(Unknown Source) ~[na:na]
	at org.mybatis.spring.SqlSessionTemplate.selectOne(SqlSessionTemplate.java:166) ~[mybatis-spring-1.3.2.jar:1.3.2]
	at org.apache.ibatis.binding.MapperMethod.execute(MapperMethod.java:83) ~[mybatis-3.4.6.jar:3.4.6]
	at org.apache.ibatis.binding.MapperProxy.invoke(MapperProxy.java:59) ~[mybatis-3.4.6.jar:3.4.6]
	at com.sun.proxy.$Proxy77.findByNameAndPass(Unknown Source) ~[na:na]
	at sun.reflect.NativeMethodAccessorImpl.invoke0(Native Method) ~[na:1.8.0_451]
	at sun.reflect.NativeMethodAccessorImpl.invoke(NativeMethodAccessorImpl.java:62) ~[na:1.8.0_451]
	at sun.reflect.DelegatingMethodAccessorImpl.invoke(DelegatingMethodAccessorImpl.java:43) ~[na:1.8.0_451]
	at java.lang.reflect.Method.invoke(Method.java:498) ~[na:1.8.0_451]
	at org.springframework.aop.support.AopUtils.invokeJoinpointUsingReflection(AopUtils.java:343) ~[spring-aop-5.1.2.RELEASE.jar:5.1.2.RELEASE]
	at org.springframework.aop.framework.ReflectiveMethodInvocation.invokeJoinpoint(ReflectiveMethodInvocation.java:198) ~[spring-aop-5.1.2.RELEASE.jar:5.1.2.RELEASE]
	at org.springframework.aop.framework.ReflectiveMethodInvocation.proceed(ReflectiveMethodInvocation.java:163) ~[spring-aop-5.1.2.RELEASE.jar:5.1.2.RELEASE]
	at org.springframework.dao.support.PersistenceExceptionTranslationInterceptor.invoke(PersistenceExceptionTranslationInterceptor.java:139) ~[spring-tx-5.1.2.RELEASE.jar:5.1.2.RELEASE]
	at org.springframework.aop.framework.ReflectiveMethodInvocation.proceed(ReflectiveMethodInvocation.java:186) ~[spring-aop-5.1.2.RELEASE.jar:5.1.2.RELEASE]
	at org.springframework.aop.framework.JdkDynamicAopProxy.invoke(JdkDynamicAopProxy.java:212) ~[spring-aop-5.1.2.RELEASE.jar:5.1.2.RELEASE]
	at com.sun.proxy.$Proxy79.findByNameAndPass(Unknown Source) ~[na:na]
	at com.example.service.AdminInfoService.login(AdminInfoService.java:26) ~[classes/:na]
	at com.example.controller.AccountController.login(AccountController.java:78) ~[classes/:na]
	at sun.reflect.NativeMethodAccessorImpl.invoke0(Native Method) ~[na:1.8.0_451]
	at sun.reflect.NativeMethodAccessorImpl.invoke(NativeMethodAccessorImpl.java:62) ~[na:1.8.0_451]
	at sun.reflect.DelegatingMethodAccessorImpl.invoke(DelegatingMethodAccessorImpl.java:43) ~[na:1.8.0_451]
	at java.lang.reflect.Method.invoke(Method.java:498) ~[na:1.8.0_451]
	at org.springframework.web.method.support.InvocableHandlerMethod.doInvoke(InvocableHandlerMethod.java:215) ~[spring-web-5.1.2.RELEASE.jar:5.1.2.RELEASE]
	at org.springframework.web.method.support.InvocableHandlerMethod.invokeForRequest(InvocableHandlerMethod.java:142) ~[spring-web-5.1.2.RELEASE.jar:5.1.2.RELEASE]
	at org.springframework.web.servlet.mvc.method.annotation.ServletInvocableHandlerMethod.invokeAndHandle(ServletInvocableHandlerMethod.java:102) ~[spring-webmvc-5.1.2.RELEASE.jar:5.1.2.RELEASE]
	at org.springframework.web.servlet.mvc.method.annotation.RequestMappingHandlerAdapter.invokeHandlerMethod(RequestMappingHandlerAdapter.java:895) ~[spring-webmvc-5.1.2.RELEASE.jar:5.1.2.RELEASE]
	at org.springframework.web.servlet.mvc.method.annotation.RequestMappingHandlerAdapter.handleInternal(RequestMappingHandlerAdapter.java:800) ~[spring-webmvc-5.1.2.RELEASE.jar:5.1.2.RELEASE]
	at org.springframework.web.servlet.mvc.method.AbstractHandlerMethodAdapter.handle(AbstractHandlerMethodAdapter.java:87) ~[spring-webmvc-5.1.2.RELEASE.jar:5.1.2.RELEASE]
	at org.springframework.web.servlet.DispatcherServlet.doDispatch(DispatcherServlet.java:1038) ~[spring-webmvc-5.1.2.RELEASE.jar:5.1.2.RELEASE]
	at org.springframework.web.servlet.DispatcherServlet.doService(DispatcherServlet.java:942) ~[spring-webmvc-5.1.2.RELEASE.jar:5.1.2.RELEASE]
	at org.springframework.web.servlet.FrameworkServlet.processRequest(FrameworkServlet.java:998) [spring-webmvc-5.1.2.RELEASE.jar:5.1.2.RELEASE]
	at org.springframework.web.servlet.FrameworkServlet.doPost(FrameworkServlet.java:901) [spring-webmvc-5.1.2.RELEASE.jar:5.1.2.RELEASE]
	at javax.servlet.http.HttpServlet.service(HttpServlet.java:660) [tomcat-embed-core-9.0.12.jar:9.0.12]
	at org.springframework.web.servlet.FrameworkServlet.service(FrameworkServlet.java:875) [spring-webmvc-5.1.2.RELEASE.jar:5.1.2.RELEASE]
	at javax.servlet.http.HttpServlet.service(HttpServlet.java:741) [tomcat-embed-core-9.0.12.jar:9.0.12]
	at org.apache.catalina.core.ApplicationFilterChain.internalDoFilter(ApplicationFilterChain.java:231) [tomcat-embed-core-9.0.12.jar:9.0.12]
	at org.apache.catalina.core.ApplicationFilterChain.doFilter(ApplicationFilterChain.java:166) [tomcat-embed-core-9.0.12.jar:9.0.12]
	at org.apache.tomcat.websocket.server.WsFilter.doFilter(WsFilter.java:53) [tomcat-embed-websocket-9.0.12.jar:9.0.12]
	at org.apache.catalina.core.ApplicationFilterChain.internalDoFilter(ApplicationFilterChain.java:193) [tomcat-embed-core-9.0.12.jar:9.0.12]
	at org.apache.catalina.core.ApplicationFilterChain.doFilter(ApplicationFilterChain.java:166) [tomcat-embed-core-9.0.12.jar:9.0.12]
	at org.springframework.web.filter.RequestContextFilter.doFilterInternal(RequestContextFilter.java:99) [spring-web-5.1.2.RELEASE.jar:5.1.2.RELEASE]
	at org.springframework.web.filter.OncePerRequestFilter.doFilter(OncePerRequestFilter.java:107) [spring-web-5.1.2.RELEASE.jar:5.1.2.RELEASE]
	at org.apache.catalina.core.ApplicationFilterChain.internalDoFilter(ApplicationFilterChain.java:193) [tomcat-embed-core-9.0.12.jar:9.0.12]
	at org.apache.catalina.core.ApplicationFilterChain.doFilter(ApplicationFilterChain.java:166) [tomcat-embed-core-9.0.12.jar:9.0.12]
	at org.springframework.web.filter.FormContentFilter.doFilterInternal(FormContentFilter.java:92) [spring-web-5.1.2.RELEASE.jar:5.1.2.RELEASE]
	at org.springframework.web.filter.OncePerRequestFilter.doFilter(OncePerRequestFilter.java:107) [spring-web-5.1.2.RELEASE.jar:5.1.2.RELEASE]
	at org.apache.catalina.core.ApplicationFilterChain.internalDoFilter(ApplicationFilterChain.java:193) [tomcat-embed-core-9.0.12.jar:9.0.12]
	at org.apache.catalina.core.ApplicationFilterChain.doFilter(ApplicationFilterChain.java:166) [tomcat-embed-core-9.0.12.jar:9.0.12]
	at org.springframework.web.filter.HiddenHttpMethodFilter.doFilterInternal(HiddenHttpMethodFilter.java:93) [spring-web-5.1.2.RELEASE.jar:5.1.2.RELEASE]
	at org.springframework.web.filter.OncePerRequestFilter.doFilter(OncePerRequestFilter.java:107) [spring-web-5.1.2.RELEASE.jar:5.1.2.RELEASE]
	at org.apache.catalina.core.ApplicationFilterChain.internalDoFilter(ApplicationFilterChain.java:193) [tomcat-embed-core-9.0.12.jar:9.0.12]
	at org.apache.catalina.core.ApplicationFilterChain.doFilter(ApplicationFilterChain.java:166) [tomcat-embed-core-9.0.12.jar:9.0.12]
	at org.springframework.web.filter.CharacterEncodingFilter.doFilterInternal(CharacterEncodingFilter.java:200) [spring-web-5.1.2.RELEASE.jar:5.1.2.RELEASE]
	at org.springframework.web.filter.OncePerRequestFilter.doFilter(OncePerRequestFilter.java:107) [spring-web-5.1.2.RELEASE.jar:5.1.2.RELEASE]
	at org.apache.catalina.core.ApplicationFilterChain.internalDoFilter(ApplicationFilterChain.java:193) [tomcat-embed-core-9.0.12.jar:9.0.12]
	at org.apache.catalina.core.ApplicationFilterChain.doFilter(ApplicationFilterChain.java:166) [tomcat-embed-core-9.0.12.jar:9.0.12]
	at org.apache.catalina.core.StandardWrapperValve.invoke(StandardWrapperValve.java:199) [tomcat-embed-core-9.0.12.jar:9.0.12]
	at org.apache.catalina.core.StandardContextValve.invoke(StandardContextValve.java:96) [tomcat-embed-core-9.0.12.jar:9.0.12]
	at org.apache.catalina.authenticator.AuthenticatorBase.invoke(AuthenticatorBase.java:490) [tomcat-embed-core-9.0.12.jar:9.0.12]
	at org.apache.catalina.core.StandardHostValve.invoke(StandardHostValve.java:139) [tomcat-embed-core-9.0.12.jar:9.0.12]
	at org.apache.catalina.valves.ErrorReportValve.invoke(ErrorReportValve.java:92) [tomcat-embed-core-9.0.12.jar:9.0.12]
	at org.apache.catalina.core.StandardEngineValve.invoke(StandardEngineValve.java:74) [tomcat-embed-core-9.0.12.jar:9.0.12]
	at org.apache.catalina.connector.CoyoteAdapter.service(CoyoteAdapter.java:343) [tomcat-embed-core-9.0.12.jar:9.0.12]
	at org.apache.coyote.http11.Http11Processor.service(Http11Processor.java:408) [tomcat-embed-core-9.0.12.jar:9.0.12]
	at org.apache.coyote.AbstractProcessorLight.process(AbstractProcessorLight.java:66) [tomcat-embed-core-9.0.12.jar:9.0.12]
	at org.apache.coyote.AbstractProtocol$ConnectionHandler.process(AbstractProtocol.java:770) [tomcat-embed-core-9.0.12.jar:9.0.12]
	at org.apache.tomcat.util.net.NioEndpoint$SocketProcessor.doRun(NioEndpoint.java:1415) [tomcat-embed-core-9.0.12.jar:9.0.12]
	at org.apache.tomcat.util.net.SocketProcessorBase.run(SocketProcessorBase.java:49) [tomcat-embed-core-9.0.12.jar:9.0.12]
	at java.util.concurrent.ThreadPoolExecutor.runWorker(ThreadPoolExecutor.java:1149) [na:1.8.0_451]
	at java.util.concurrent.ThreadPoolExecutor$Worker.run(ThreadPoolExecutor.java:624) [na:1.8.0_451]
	at org.apache.tomcat.util.threads.TaskThread$WrappingRunnable.run(TaskThread.java:61) [tomcat-embed-core-9.0.12.jar:9.0.12]
	at java.lang.Thread.run(Thread.java:750) [na:1.8.0_451]
Caused by: java.sql.SQLSyntaxErrorException: Table 'bs_xk.admin_info' doesn't exist
	at com.mysql.cj.jdbc.exceptions.SQLError.createSQLException(SQLError.java:120) ~[mysql-connector-java-8.0.13.jar:8.0.13]
	at com.mysql.cj.jdbc.exceptions.SQLError.createSQLException(SQLError.java:97) ~[mysql-connector-java-8.0.13.jar:8.0.13]
	at com.mysql.cj.jdbc.exceptions.SQLExceptionsMapping.translateException(SQLExceptionsMapping.java:122) ~[mysql-connector-java-8.0.13.jar:8.0.13]
	at com.mysql.cj.jdbc.ClientPreparedStatement.executeInternal(ClientPreparedStatement.java:974) ~[mysql-connector-java-8.0.13.jar:8.0.13]
	at com.mysql.cj.jdbc.ClientPreparedStatement.execute(ClientPreparedStatement.java:391) ~[mysql-connector-java-8.0.13.jar:8.0.13]
	at com.zaxxer.hikari.pool.ProxyPreparedStatement.execute(ProxyPreparedStatement.java:44) ~[HikariCP-3.2.0.jar:na]
	at com.zaxxer.hikari.pool.HikariProxyPreparedStatement.execute(HikariProxyPreparedStatement.java) ~[HikariCP-3.2.0.jar:na]
	at org.apache.ibatis.executor.statement.PreparedStatementHandler.query(PreparedStatementHandler.java:63) ~[mybatis-3.4.6.jar:3.4.6]
	at org.apache.ibatis.executor.statement.RoutingStatementHandler.query(RoutingStatementHandler.java:79) ~[mybatis-3.4.6.jar:3.4.6]
	at org.apache.ibatis.executor.SimpleExecutor.doQuery(SimpleExecutor.java:63) ~[mybatis-3.4.6.jar:3.4.6]
	at org.apache.ibatis.executor.BaseExecutor.queryFromDatabase(BaseExecutor.java:326) ~[mybatis-3.4.6.jar:3.4.6]
	at org.apache.ibatis.executor.BaseExecutor.query(BaseExecutor.java:156) ~[mybatis-3.4.6.jar:3.4.6]
	at org.apache.ibatis.executor.CachingExecutor.query(CachingExecutor.java:109) ~[mybatis-3.4.6.jar:3.4.6]
	at com.github.pagehelper.PageInterceptor.intercept(PageInterceptor.java:108) ~[pagehelper-5.1.8.jar:na]
	at org.apache.ibatis.plugin.Plugin.invoke(Plugin.java:61) ~[mybatis-3.4.6.jar:3.4.6]
	at com.sun.proxy.$Proxy109.query(Unknown Source) ~[na:na]
	at org.apache.ibatis.session.defaults.DefaultSqlSession.selectList(DefaultSqlSession.java:148) ~[mybatis-3.4.6.jar:3.4.6]
	at org.apache.ibatis.session.defaults.DefaultSqlSession.selectList(DefaultSqlSession.java:141) ~[mybatis-3.4.6.jar:3.4.6]
	at org.apache.ibatis.session.defaults.DefaultSqlSession.selectOne(DefaultSqlSession.java:77) ~[mybatis-3.4.6.jar:3.4.6]
	at sun.reflect.NativeMethodAccessorImpl.invoke0(Native Method) ~[na:1.8.0_451]
	at sun.reflect.NativeMethodAccessorImpl.invoke(NativeMethodAccessorImpl.java:62) ~[na:1.8.0_451]
	at sun.reflect.DelegatingMethodAccessorImpl.invoke(DelegatingMethodAccessorImpl.java:43) ~[na:1.8.0_451]
	at java.lang.reflect.Method.invoke(Method.java:498) ~[na:1.8.0_451]
	at org.mybatis.spring.SqlSessionTemplate$SqlSessionInterceptor.invoke(SqlSessionTemplate.java:433) ~[mybatis-spring-1.3.2.jar:1.3.2]
	... 72 common frames omitted

2026-04-23 16:08:45.156  INFO 27172 --- [Thread-3] o.s.s.concurrent.ThreadPoolTaskExecutor  : Shutting down ExecutorService 'applicationTaskExecutor'
2026-04-23 16:08:45.157  INFO 27172 --- [Thread-3] com.zaxxer.hikari.HikariDataSource       : HikariPool-1 - Shutdown initiated...
2026-04-23 16:08:45.161  INFO 27172 --- [Thread-3] com.zaxxer.hikari.HikariDataSource       : HikariPool-1 - Shutdown completed.
2026-04-23 16:08:48.579  INFO 24620 --- [main] com.example.Application                  : Starting Application on HYH with PID 24620 (started by 48938 in C:\Users\48938\Documents\AAA\一堆2.2\信息系统实践\1716035241321-学生选课管理系统)
2026-04-23 16:08:48.581  INFO 24620 --- [main] com.example.Application                  : No active profile set, falling back to default profiles: default
2026-04-23 16:08:49.023  WARN 24620 --- [main] o.m.s.mapper.ClassPathMapperScanner      : No MyBatis mapper was found in '[com.example]' package. Please check your configuration.
2026-04-23 16:08:49.758  INFO 24620 --- [main] o.s.b.w.embedded.tomcat.TomcatWebServer  : Tomcat initialized with port(s): 8888 (http)
2026-04-23 16:08:49.771  INFO 24620 --- [main] o.apache.catalina.core.StandardService   : Starting service [Tomcat]
2026-04-23 16:08:49.771  INFO 24620 --- [main] org.apache.catalina.core.StandardEngine  : Starting Servlet Engine: Apache Tomcat/9.0.12
2026-04-23 16:08:49.778  INFO 24620 --- [main] o.a.catalina.core.AprLifecycleListener   : The APR based Apache Tomcat Native library which allows optimal performance in production environments was not found on the java.library.path: [C:\Program Files (x86)\Java\jdk-1.8\bin;C:\WINDOWS\Sun\Java\bin;C:\WINDOWS\system32;C:\WINDOWS;C:\Program Files\Common Files\Oracle\Java\javapath;C:\Program Files (x86)\Common Files\Oracle\Java\java8path;C:\Program Files (x86)\Common Files\Oracle\Java\javapath;C:\Program Files\NVIDIA GPU Computing Toolkit\CUDA\v12.9\bin;C:\Program Files\NVIDIA GPU Computing Toolkit\CUDA\v12.9\libnvvp;C:\Windows\system32;C:\Windows;C:\Windows\System32\Wbem;C:\Windows\System32\WindowsPowerShell\v1.0\;C:\Windows\System32\OpenSSH\;C:\Program Files (x86)\NVIDIA Corporation\PhysX\Common;C:\Program Files\dotnet\;C:\Oracle\instantclient-basic-windows.x64-23.26.1.0.0\instantclient_23_0;C:\WINDOWS\system32;C:\WINDOWS;C:\WINDOWS\System32\Wbem;C:\WINDOWS\System32\WindowsPowerShell\v1.0\;C:\WINDOWS\System32\OpenSSH\;C:\Program Files\Bandizip\;C:\Program Files (x86)\Windows Kits\10\Windows Performance Toolkit\;C:\Program Files\NVIDIA Corporation\NVIDIA App\NvDLISR;C:\Program Files\NVIDIA Corporation\Nsight Compute 2025.2.0\;C:\Program Files (x86)\Java\jdk-1.8\bin;%JRE_HOME%\bin;C:\Users\48938\AppData\Local\Programs\Python\Launcher\;C:\Users\48938\AppData\Local\Programs\Python\Python313;C:\Users\48938\AppData\Local\Microsoft\WindowsApps;C:\Users\48938\.dotnet\tools;C:\Users\48938\AppData\Local\Programs\Ollama;C:\Users\48938\AppData\Local\Programs\Python\Python313\Scripts;C:\Users\48938\AppData\Local\GitHubDesktop\bin;C:\mingw64\bin;.]
2026-04-23 16:08:49.868  INFO 24620 --- [main] o.a.c.c.C.[Tomcat].[localhost].[/]       : Initializing Spring embedded WebApplicationContext
2026-04-23 16:08:49.868  INFO 24620 --- [main] o.s.web.context.ContextLoader            : Root WebApplicationContext: initialization completed in 1256 ms
2026-04-23 16:08:49.884  INFO 24620 --- [main] o.s.b.w.servlet.ServletRegistrationBean  : Servlet dispatcherServlet mapped to [/]
2026-04-23 16:08:49.887  INFO 24620 --- [main] o.s.b.w.servlet.FilterRegistrationBean   : Mapping filter: 'characterEncodingFilter' to: [/*]
2026-04-23 16:08:49.887  INFO 24620 --- [main] o.s.b.w.servlet.FilterRegistrationBean   : Mapping filter: 'hiddenHttpMethodFilter' to: [/*]
2026-04-23 16:08:49.887  INFO 24620 --- [main] o.s.b.w.servlet.FilterRegistrationBean   : Mapping filter: 'formContentFilter' to: [/*]
2026-04-23 16:08:49.887  INFO 24620 --- [main] o.s.b.w.servlet.FilterRegistrationBean   : Mapping filter: 'requestContextFilter' to: [/*]
2026-04-23 16:08:50.383  INFO 24620 --- [main] o.s.s.concurrent.ThreadPoolTaskExecutor  : Initializing ExecutorService 'applicationTaskExecutor'
2026-04-23 16:08:50.564  INFO 24620 --- [main] o.s.b.w.embedded.tomcat.TomcatWebServer  : Tomcat started on port(s): 8888 (http) with context path ''
2026-04-23 16:08:50.566  INFO 24620 --- [main] com.example.Application                  : Started Application in 2.333 seconds (JVM running for 2.626)
2026-04-23 16:08:50.567  INFO 24620 --- [main] com.example.common.config.OpenBrowser    : 项目启动成功……
2026-04-23 16:08:51.049  INFO 24620 --- [http-nio-8888-exec-1] o.a.c.c.C.[Tomcat].[localhost].[/]       : Initializing Spring DispatcherServlet 'dispatcherServlet'
2026-04-23 16:08:51.049  INFO 24620 --- [http-nio-8888-exec-1] o.s.web.servlet.DispatcherServlet        : Initializing Servlet 'dispatcherServlet'
2026-04-23 16:08:51.056  INFO 24620 --- [http-nio-8888-exec-1] o.s.web.servlet.DispatcherServlet        : Completed initialization in 7 ms
2026-04-23 16:08:58.944  INFO 24620 --- [http-nio-8888-exec-6] com.zaxxer.hikari.HikariDataSource       : HikariPool-1 - Starting...
2026-04-23 16:08:59.058  INFO 24620 --- [http-nio-8888-exec-6] com.zaxxer.hikari.HikariDataSource       : HikariPool-1 - Start completed.
2026-04-23 16:08:59.149 ERROR 24620 --- [http-nio-8888-exec-6] c.e.exception.GlobalExceptionHandler     : 异常信息：

org.springframework.jdbc.BadSqlGrammarException: 
### Error querying database.  Cause: java.sql.SQLSyntaxErrorException: Table 'bs_xk.teacher_info' doesn't exist
### The error may exist in com/example/dao/TeacherInfoDao.java (best guess)
### The error may involve com.example.dao.TeacherInfoDao.findByName-Inline
### The error occurred while setting parameters
### SQL: select * from teacher_info where name = ?
### Cause: java.sql.SQLSyntaxErrorException: Table 'bs_xk.teacher_info' doesn't exist
; bad SQL grammar []; nested exception is java.sql.SQLSyntaxErrorException: Table 'bs_xk.teacher_info' doesn't exist
	at org.springframework.jdbc.support.SQLErrorCodeSQLExceptionTranslator.doTranslate(SQLErrorCodeSQLExceptionTranslator.java:234) ~[spring-jdbc-5.1.2.RELEASE.jar:5.1.2.RELEASE]
	at org.springframework.jdbc.support.AbstractFallbackSQLExceptionTranslator.translate(AbstractFallbackSQLExceptionTranslator.java:72) ~[spring-jdbc-5.1.2.RELEASE.jar:5.1.2.RELEASE]
	at org.mybatis.spring.MyBatisExceptionTranslator.translateExceptionIfPossible(MyBatisExceptionTranslator.java:73) ~[mybatis-spring-1.3.2.jar:1.3.2]
	at org.mybatis.spring.SqlSessionTemplate$SqlSessionInterceptor.invoke(SqlSessionTemplate.java:446) ~[mybatis-spring-1.3.2.jar:1.3.2]
	at com.sun.proxy.$Proxy71.selectOne(Unknown Source) ~[na:na]
	at org.mybatis.spring.SqlSessionTemplate.selectOne(SqlSessionTemplate.java:166) ~[mybatis-spring-1.3.2.jar:1.3.2]
	at org.apache.ibatis.binding.MapperMethod.execute(MapperMethod.java:83) ~[mybatis-3.4.6.jar:3.4.6]
	at org.apache.ibatis.binding.MapperProxy.invoke(MapperProxy.java:59) ~[mybatis-3.4.6.jar:3.4.6]
	at com.sun.proxy.$Proxy80.findByName(Unknown Source) ~[na:na]
	at sun.reflect.NativeMethodAccessorImpl.invoke0(Native Method) ~[na:1.8.0_451]
	at sun.reflect.NativeMethodAccessorImpl.invoke(NativeMethodAccessorImpl.java:62) ~[na:1.8.0_451]
	at sun.reflect.DelegatingMethodAccessorImpl.invoke(DelegatingMethodAccessorImpl.java:43) ~[na:1.8.0_451]
	at java.lang.reflect.Method.invoke(Method.java:498) ~[na:1.8.0_451]
	at org.springframework.aop.support.AopUtils.invokeJoinpointUsingReflection(AopUtils.java:343) ~[spring-aop-5.1.2.RELEASE.jar:5.1.2.RELEASE]
	at org.springframework.aop.framework.ReflectiveMethodInvocation.invokeJoinpoint(ReflectiveMethodInvocation.java:198) ~[spring-aop-5.1.2.RELEASE.jar:5.1.2.RELEASE]
	at org.springframework.aop.framework.ReflectiveMethodInvocation.proceed(ReflectiveMethodInvocation.java:163) ~[spring-aop-5.1.2.RELEASE.jar:5.1.2.RELEASE]
	at org.springframework.dao.support.PersistenceExceptionTranslationInterceptor.invoke(PersistenceExceptionTranslationInterceptor.java:139) ~[spring-tx-5.1.2.RELEASE.jar:5.1.2.RELEASE]
	at org.springframework.aop.framework.ReflectiveMethodInvocation.proceed(ReflectiveMethodInvocation.java:186) ~[spring-aop-5.1.2.RELEASE.jar:5.1.2.RELEASE]
	at org.springframework.aop.framework.JdkDynamicAopProxy.invoke(JdkDynamicAopProxy.java:212) ~[spring-aop-5.1.2.RELEASE.jar:5.1.2.RELEASE]
	at com.sun.proxy.$Proxy81.findByName(Unknown Source) ~[na:na]
	at com.example.service.TeacherInfoService.add(TeacherInfoService.java:52) ~[classes/:na]
	at com.example.controller.AccountController.register(AccountController.java:107) ~[classes/:na]
	at sun.reflect.NativeMethodAccessorImpl.invoke0(Native Method) ~[na:1.8.0_451]
	at sun.reflect.NativeMethodAccessorImpl.invoke(NativeMethodAccessorImpl.java:62) ~[na:1.8.0_451]
	at sun.reflect.DelegatingMethodAccessorImpl.invoke(DelegatingMethodAccessorImpl.java:43) ~[na:1.8.0_451]
	at java.lang.reflect.Method.invoke(Method.java:498) ~[na:1.8.0_451]
	at org.springframework.web.method.support.InvocableHandlerMethod.doInvoke(InvocableHandlerMethod.java:215) ~[spring-web-5.1.2.RELEASE.jar:5.1.2.RELEASE]
	at org.springframework.web.method.support.InvocableHandlerMethod.invokeForRequest(InvocableHandlerMethod.java:142) ~[spring-web-5.1.2.RELEASE.jar:5.1.2.RELEASE]
	at org.springframework.web.servlet.mvc.method.annotation.ServletInvocableHandlerMethod.invokeAndHandle(ServletInvocableHandlerMethod.java:102) ~[spring-webmvc-5.1.2.RELEASE.jar:5.1.2.RELEASE]
	at org.springframework.web.servlet.mvc.method.annotation.RequestMappingHandlerAdapter.invokeHandlerMethod(RequestMappingHandlerAdapter.java:895) ~[spring-webmvc-5.1.2.RELEASE.jar:5.1.2.RELEASE]
	at org.springframework.web.servlet.mvc.method.annotation.RequestMappingHandlerAdapter.handleInternal(RequestMappingHandlerAdapter.java:800) ~[spring-webmvc-5.1.2.RELEASE.jar:5.1.2.RELEASE]
	at org.springframework.web.servlet.mvc.method.AbstractHandlerMethodAdapter.handle(AbstractHandlerMethodAdapter.java:87) ~[spring-webmvc-5.1.2.RELEASE.jar:5.1.2.RELEASE]
	at org.springframework.web.servlet.DispatcherServlet.doDispatch(DispatcherServlet.java:1038) ~[spring-webmvc-5.1.2.RELEASE.jar:5.1.2.RELEASE]
	at org.springframework.web.servlet.DispatcherServlet.doService(DispatcherServlet.java:942) ~[spring-webmvc-5.1.2.RELEASE.jar:5.1.2.RELEASE]
	at org.springframework.web.servlet.FrameworkServlet.processRequest(FrameworkServlet.java:998) [spring-webmvc-5.1.2.RELEASE.jar:5.1.2.RELEASE]
	at org.springframework.web.servlet.FrameworkServlet.doPost(FrameworkServlet.java:901) [spring-webmvc-5.1.2.RELEASE.jar:5.1.2.RELEASE]
	at javax.servlet.http.HttpServlet.service(HttpServlet.java:660) [tomcat-embed-core-9.0.12.jar:9.0.12]
	at org.springframework.web.servlet.FrameworkServlet.service(FrameworkServlet.java:875) [spring-webmvc-5.1.2.RELEASE.jar:5.1.2.RELEASE]
	at javax.servlet.http.HttpServlet.service(HttpServlet.java:741) [tomcat-embed-core-9.0.12.jar:9.0.12]
	at org.apache.catalina.core.ApplicationFilterChain.internalDoFilter(ApplicationFilterChain.java:231) [tomcat-embed-core-9.0.12.jar:9.0.12]
	at org.apache.catalina.core.ApplicationFilterChain.doFilter(ApplicationFilterChain.java:166) [tomcat-embed-core-9.0.12.jar:9.0.12]
	at org.apache.tomcat.websocket.server.WsFilter.doFilter(WsFilter.java:53) [tomcat-embed-websocket-9.0.12.jar:9.0.12]
	at org.apache.catalina.core.ApplicationFilterChain.internalDoFilter(ApplicationFilterChain.java:193) [tomcat-embed-core-9.0.12.jar:9.0.12]
	at org.apache.catalina.core.ApplicationFilterChain.doFilter(ApplicationFilterChain.java:166) [tomcat-embed-core-9.0.12.jar:9.0.12]
	at org.springframework.web.filter.RequestContextFilter.doFilterInternal(RequestContextFilter.java:99) [spring-web-5.1.2.RELEASE.jar:5.1.2.RELEASE]
	at org.springframework.web.filter.OncePerRequestFilter.doFilter(OncePerRequestFilter.java:107) [spring-web-5.1.2.RELEASE.jar:5.1.2.RELEASE]
	at org.apache.catalina.core.ApplicationFilterChain.internalDoFilter(ApplicationFilterChain.java:193) [tomcat-embed-core-9.0.12.jar:9.0.12]
	at org.apache.catalina.core.ApplicationFilterChain.doFilter(ApplicationFilterChain.java:166) [tomcat-embed-core-9.0.12.jar:9.0.12]
	at org.springframework.web.filter.FormContentFilter.doFilterInternal(FormContentFilter.java:92) [spring-web-5.1.2.RELEASE.jar:5.1.2.RELEASE]
	at org.springframework.web.filter.OncePerRequestFilter.doFilter(OncePerRequestFilter.java:107) [spring-web-5.1.2.RELEASE.jar:5.1.2.RELEASE]
	at org.apache.catalina.core.ApplicationFilterChain.internalDoFilter(ApplicationFilterChain.java:193) [tomcat-embed-core-9.0.12.jar:9.0.12]
	at org.apache.catalina.core.ApplicationFilterChain.doFilter(ApplicationFilterChain.java:166) [tomcat-embed-core-9.0.12.jar:9.0.12]
	at org.springframework.web.filter.HiddenHttpMethodFilter.doFilterInternal(HiddenHttpMethodFilter.java:93) [spring-web-5.1.2.RELEASE.jar:5.1.2.RELEASE]
	at org.springframework.web.filter.OncePerRequestFilter.doFilter(OncePerRequestFilter.java:107) [spring-web-5.1.2.RELEASE.jar:5.1.2.RELEASE]
	at org.apache.catalina.core.ApplicationFilterChain.internalDoFilter(ApplicationFilterChain.java:193) [tomcat-embed-core-9.0.12.jar:9.0.12]
	at org.apache.catalina.core.ApplicationFilterChain.doFilter(ApplicationFilterChain.java:166) [tomcat-embed-core-9.0.12.jar:9.0.12]
	at org.springframework.web.filter.CharacterEncodingFilter.doFilterInternal(CharacterEncodingFilter.java:200) [spring-web-5.1.2.RELEASE.jar:5.1.2.RELEASE]
	at org.springframework.web.filter.OncePerRequestFilter.doFilter(OncePerRequestFilter.java:107) [spring-web-5.1.2.RELEASE.jar:5.1.2.RELEASE]
	at org.apache.catalina.core.ApplicationFilterChain.internalDoFilter(ApplicationFilterChain.java:193) [tomcat-embed-core-9.0.12.jar:9.0.12]
	at org.apache.catalina.core.ApplicationFilterChain.doFilter(ApplicationFilterChain.java:166) [tomcat-embed-core-9.0.12.jar:9.0.12]
	at org.apache.catalina.core.StandardWrapperValve.invoke(StandardWrapperValve.java:199) [tomcat-embed-core-9.0.12.jar:9.0.12]
	at org.apache.catalina.core.StandardContextValve.invoke(StandardContextValve.java:96) [tomcat-embed-core-9.0.12.jar:9.0.12]
	at org.apache.catalina.authenticator.AuthenticatorBase.invoke(AuthenticatorBase.java:490) [tomcat-embed-core-9.0.12.jar:9.0.12]
	at org.apache.catalina.core.StandardHostValve.invoke(StandardHostValve.java:139) [tomcat-embed-core-9.0.12.jar:9.0.12]
	at org.apache.catalina.valves.ErrorReportValve.invoke(ErrorReportValve.java:92) [tomcat-embed-core-9.0.12.jar:9.0.12]
	at org.apache.catalina.core.StandardEngineValve.invoke(StandardEngineValve.java:74) [tomcat-embed-core-9.0.12.jar:9.0.12]
	at org.apache.catalina.connector.CoyoteAdapter.service(CoyoteAdapter.java:343) [tomcat-embed-core-9.0.12.jar:9.0.12]
	at org.apache.coyote.http11.Http11Processor.service(Http11Processor.java:408) [tomcat-embed-core-9.0.12.jar:9.0.12]
	at org.apache.coyote.AbstractProcessorLight.process(AbstractProcessorLight.java:66) [tomcat-embed-core-9.0.12.jar:9.0.12]
	at org.apache.coyote.AbstractProtocol$ConnectionHandler.process(AbstractProtocol.java:770) [tomcat-embed-core-9.0.12.jar:9.0.12]
	at org.apache.tomcat.util.net.NioEndpoint$SocketProcessor.doRun(NioEndpoint.java:1415) [tomcat-embed-core-9.0.12.jar:9.0.12]
	at org.apache.tomcat.util.net.SocketProcessorBase.run(SocketProcessorBase.java:49) [tomcat-embed-core-9.0.12.jar:9.0.12]
	at java.util.concurrent.ThreadPoolExecutor.runWorker(ThreadPoolExecutor.java:1149) [na:1.8.0_451]
	at java.util.concurrent.ThreadPoolExecutor$Worker.run(ThreadPoolExecutor.java:624) [na:1.8.0_451]
	at org.apache.tomcat.util.threads.TaskThread$WrappingRunnable.run(TaskThread.java:61) [tomcat-embed-core-9.0.12.jar:9.0.12]
	at java.lang.Thread.run(Thread.java:750) [na:1.8.0_451]
Caused by: java.sql.SQLSyntaxErrorException: Table 'bs_xk.teacher_info' doesn't exist
	at com.mysql.cj.jdbc.exceptions.SQLError.createSQLException(SQLError.java:120) ~[mysql-connector-java-8.0.13.jar:8.0.13]
	at com.mysql.cj.jdbc.exceptions.SQLError.createSQLException(SQLError.java:97) ~[mysql-connector-java-8.0.13.jar:8.0.13]
	at com.mysql.cj.jdbc.exceptions.SQLExceptionsMapping.translateException(SQLExceptionsMapping.java:122) ~[mysql-connector-java-8.0.13.jar:8.0.13]
	at com.mysql.cj.jdbc.ClientPreparedStatement.executeInternal(ClientPreparedStatement.java:974) ~[mysql-connector-java-8.0.13.jar:8.0.13]
	at com.mysql.cj.jdbc.ClientPreparedStatement.execute(ClientPreparedStatement.java:391) ~[mysql-connector-java-8.0.13.jar:8.0.13]
	at com.zaxxer.hikari.pool.ProxyPreparedStatement.execute(ProxyPreparedStatement.java:44) ~[HikariCP-3.2.0.jar:na]
	at com.zaxxer.hikari.pool.HikariProxyPreparedStatement.execute(HikariProxyPreparedStatement.java) ~[HikariCP-3.2.0.jar:na]
	at org.apache.ibatis.executor.statement.PreparedStatementHandler.query(PreparedStatementHandler.java:63) ~[mybatis-3.4.6.jar:3.4.6]
	at org.apache.ibatis.executor.statement.RoutingStatementHandler.query(RoutingStatementHandler.java:79) ~[mybatis-3.4.6.jar:3.4.6]
	at org.apache.ibatis.executor.SimpleExecutor.doQuery(SimpleExecutor.java:63) ~[mybatis-3.4.6.jar:3.4.6]
	at org.apache.ibatis.executor.BaseExecutor.queryFromDatabase(BaseExecutor.java:326) ~[mybatis-3.4.6.jar:3.4.6]
	at org.apache.ibatis.executor.BaseExecutor.query(BaseExecutor.java:156) ~[mybatis-3.4.6.jar:3.4.6]
	at org.apache.ibatis.executor.CachingExecutor.query(CachingExecutor.java:109) ~[mybatis-3.4.6.jar:3.4.6]
	at com.github.pagehelper.PageInterceptor.intercept(PageInterceptor.java:108) ~[pagehelper-5.1.8.jar:na]
	at org.apache.ibatis.plugin.Plugin.invoke(Plugin.java:61) ~[mybatis-3.4.6.jar:3.4.6]
	at com.sun.proxy.$Proxy109.query(Unknown Source) ~[na:na]
	at org.apache.ibatis.session.defaults.DefaultSqlSession.selectList(DefaultSqlSession.java:148) ~[mybatis-3.4.6.jar:3.4.6]
	at org.apache.ibatis.session.defaults.DefaultSqlSession.selectList(DefaultSqlSession.java:141) ~[mybatis-3.4.6.jar:3.4.6]
	at org.apache.ibatis.session.defaults.DefaultSqlSession.selectOne(DefaultSqlSession.java:77) ~[mybatis-3.4.6.jar:3.4.6]
	at sun.reflect.NativeMethodAccessorImpl.invoke0(Native Method) ~[na:1.8.0_451]
	at sun.reflect.NativeMethodAccessorImpl.invoke(NativeMethodAccessorImpl.java:62) ~[na:1.8.0_451]
	at sun.reflect.DelegatingMethodAccessorImpl.invoke(DelegatingMethodAccessorImpl.java:43) ~[na:1.8.0_451]
	at java.lang.reflect.Method.invoke(Method.java:498) ~[na:1.8.0_451]
	at org.mybatis.spring.SqlSessionTemplate$SqlSessionInterceptor.invoke(SqlSessionTemplate.java:433) ~[mybatis-spring-1.3.2.jar:1.3.2]
	... 72 common frames omitted

2026-04-23 16:18:50.196  INFO 24620 --- [Thread-3] o.s.s.concurrent.ThreadPoolTaskExecutor  : Shutting down ExecutorService 'applicationTaskExecutor'
2026-04-23 16:18:50.197  INFO 24620 --- [Thread-3] com.zaxxer.hikari.HikariDataSource       : HikariPool-1 - Shutdown initiated...
2026-04-23 16:18:50.202  INFO 24620 --- [Thread-3] com.zaxxer.hikari.HikariDataSource       : HikariPool-1 - Shutdown completed.
2026-04-23 16:27:21.535  INFO 6272 --- [main] com.example.Application                  : Starting Application on HYH with PID 6272 (started by 48938 in C:\Users\48938\Documents\AAA\一堆2.2\信息系统实践\1716035241321-学生选课管理系统)
2026-04-23 16:27:21.538  INFO 6272 --- [main] com.example.Application                  : No active profile set, falling back to default profiles: default
2026-04-23 16:27:21.965  WARN 6272 --- [main] o.m.s.mapper.ClassPathMapperScanner      : No MyBatis mapper was found in '[com.example]' package. Please check your configuration.
2026-04-23 16:27:22.674  INFO 6272 --- [main] o.s.b.w.embedded.tomcat.TomcatWebServer  : Tomcat initialized with port(s): 8888 (http)
2026-04-23 16:27:22.688  INFO 6272 --- [main] o.apache.catalina.core.StandardService   : Starting service [Tomcat]
2026-04-23 16:27:22.688  INFO 6272 --- [main] org.apache.catalina.core.StandardEngine  : Starting Servlet Engine: Apache Tomcat/9.0.12
2026-04-23 16:27:22.693  INFO 6272 --- [main] o.a.catalina.core.AprLifecycleListener   : The APR based Apache Tomcat Native library which allows optimal performance in production environments was not found on the java.library.path: [C:\Program Files (x86)\Java\jdk-1.8\bin;C:\WINDOWS\Sun\Java\bin;C:\WINDOWS\system32;C:\WINDOWS;C:\Program Files\Common Files\Oracle\Java\javapath;C:\Program Files (x86)\Common Files\Oracle\Java\java8path;C:\Program Files (x86)\Common Files\Oracle\Java\javapath;C:\Program Files\NVIDIA GPU Computing Toolkit\CUDA\v12.9\bin;C:\Program Files\NVIDIA GPU Computing Toolkit\CUDA\v12.9\libnvvp;C:\Windows\system32;C:\Windows;C:\Windows\System32\Wbem;C:\Windows\System32\WindowsPowerShell\v1.0\;C:\Windows\System32\OpenSSH\;C:\Program Files (x86)\NVIDIA Corporation\PhysX\Common;C:\Program Files\dotnet\;C:\Oracle\instantclient-basic-windows.x64-23.26.1.0.0\instantclient_23_0;C:\WINDOWS\system32;C:\WINDOWS;C:\WINDOWS\System32\Wbem;C:\WINDOWS\System32\WindowsPowerShell\v1.0\;C:\WINDOWS\System32\OpenSSH\;C:\Program Files\Bandizip\;C:\Program Files (x86)\Windows Kits\10\Windows Performance Toolkit\;C:\Program Files\NVIDIA Corporation\NVIDIA App\NvDLISR;C:\Program Files\NVIDIA Corporation\Nsight Compute 2025.2.0\;C:\Program Files (x86)\Java\jdk-1.8\bin;%JRE_HOME%\bin;C:\Users\48938\AppData\Local\Programs\Python\Launcher\;C:\Users\48938\AppData\Local\Programs\Python\Python313;C:\Users\48938\AppData\Local\Microsoft\WindowsApps;C:\Users\48938\.dotnet\tools;C:\Users\48938\AppData\Local\Programs\Ollama;C:\Users\48938\AppData\Local\Programs\Python\Python313\Scripts;C:\Users\48938\AppData\Local\GitHubDesktop\bin;C:\mingw64\bin;.]
2026-04-23 16:27:22.782  INFO 6272 --- [main] o.a.c.c.C.[Tomcat].[localhost].[/]       : Initializing Spring embedded WebApplicationContext
2026-04-23 16:27:22.783  INFO 6272 --- [main] o.s.web.context.ContextLoader            : Root WebApplicationContext: initialization completed in 1214 ms
2026-04-23 16:27:22.797  INFO 6272 --- [main] o.s.b.w.servlet.ServletRegistrationBean  : Servlet dispatcherServlet mapped to [/]
2026-04-23 16:27:22.800  INFO 6272 --- [main] o.s.b.w.servlet.FilterRegistrationBean   : Mapping filter: 'characterEncodingFilter' to: [/*]
2026-04-23 16:27:22.800  INFO 6272 --- [main] o.s.b.w.servlet.FilterRegistrationBean   : Mapping filter: 'hiddenHttpMethodFilter' to: [/*]
2026-04-23 16:27:22.800  INFO 6272 --- [main] o.s.b.w.servlet.FilterRegistrationBean   : Mapping filter: 'formContentFilter' to: [/*]
2026-04-23 16:27:22.800  INFO 6272 --- [main] o.s.b.w.servlet.FilterRegistrationBean   : Mapping filter: 'requestContextFilter' to: [/*]
2026-04-23 16:27:23.277  INFO 6272 --- [main] o.s.s.concurrent.ThreadPoolTaskExecutor  : Initializing ExecutorService 'applicationTaskExecutor'
2026-04-23 16:27:23.451  INFO 6272 --- [main] o.s.b.w.embedded.tomcat.TomcatWebServer  : Tomcat started on port(s): 8888 (http) with context path ''
2026-04-23 16:27:23.453  INFO 6272 --- [main] com.example.Application                  : Started Application in 2.28 seconds (JVM running for 2.568)
2026-04-23 16:27:23.455  INFO 6272 --- [main] com.example.common.config.OpenBrowser    : 项目启动成功……
2026-04-23 16:27:23.970  INFO 6272 --- [http-nio-8888-exec-1] o.a.c.c.C.[Tomcat].[localhost].[/]       : Initializing Spring DispatcherServlet 'dispatcherServlet'
2026-04-23 16:27:23.971  INFO 6272 --- [http-nio-8888-exec-1] o.s.web.servlet.DispatcherServlet        : Initializing Servlet 'dispatcherServlet'
2026-04-23 16:27:23.977  INFO 6272 --- [http-nio-8888-exec-1] o.s.web.servlet.DispatcherServlet        : Completed initialization in 6 ms
2026-04-23 16:27:35.893  INFO 6272 --- [http-nio-8888-exec-2] com.zaxxer.hikari.HikariDataSource       : HikariPool-1 - Starting...
2026-04-23 16:27:36.030  INFO 6272 --- [http-nio-8888-exec-2] com.zaxxer.hikari.HikariDataSource       : HikariPool-1 - Start completed.
2026-04-23 16:27:36.166 ERROR 6272 --- [http-nio-8888-exec-2] c.e.exception.GlobalExceptionHandler     : 异常信息：

org.springframework.jdbc.BadSqlGrammarException: 
### Error updating database.  Cause: java.sql.SQLSyntaxErrorException: Unknown column 'level' in 'field list'
### The error may involve com.example.dao.TeacherInfoDao.insertSelective-Inline
### The error occurred while setting parameters
### SQL: INSERT INTO teacher_info  ( id,name,password,level ) VALUES( ?,?,?,? )
### Cause: java.sql.SQLSyntaxErrorException: Unknown column 'level' in 'field list'
; bad SQL grammar []; nested exception is java.sql.SQLSyntaxErrorException: Unknown column 'level' in 'field list'
	at org.springframework.jdbc.support.SQLErrorCodeSQLExceptionTranslator.doTranslate(SQLErrorCodeSQLExceptionTranslator.java:234) ~[spring-jdbc-5.1.2.RELEASE.jar:5.1.2.RELEASE]
	at org.springframework.jdbc.support.AbstractFallbackSQLExceptionTranslator.translate(AbstractFallbackSQLExceptionTranslator.java:72) ~[spring-jdbc-5.1.2.RELEASE.jar:5.1.2.RELEASE]
	at org.mybatis.spring.MyBatisExceptionTranslator.translateExceptionIfPossible(MyBatisExceptionTranslator.java:73) ~[mybatis-spring-1.3.2.jar:1.3.2]
	at org.mybatis.spring.SqlSessionTemplate$SqlSessionInterceptor.invoke(SqlSessionTemplate.java:446) ~[mybatis-spring-1.3.2.jar:1.3.2]
	at com.sun.proxy.$Proxy71.insert(Unknown Source) ~[na:na]
	at org.mybatis.spring.SqlSessionTemplate.insert(SqlSessionTemplate.java:278) ~[mybatis-spring-1.3.2.jar:1.3.2]
	at org.apache.ibatis.binding.MapperMethod.execute(MapperMethod.java:58) ~[mybatis-3.4.6.jar:3.4.6]
	at org.apache.ibatis.binding.MapperProxy.invoke(MapperProxy.java:59) ~[mybatis-3.4.6.jar:3.4.6]
	at com.sun.proxy.$Proxy80.insertSelective(Unknown Source) ~[na:na]
	at sun.reflect.NativeMethodAccessorImpl.invoke0(Native Method) ~[na:1.8.0_451]
	at sun.reflect.NativeMethodAccessorImpl.invoke(NativeMethodAccessorImpl.java:62) ~[na:1.8.0_451]
	at sun.reflect.DelegatingMethodAccessorImpl.invoke(DelegatingMethodAccessorImpl.java:43) ~[na:1.8.0_451]
	at java.lang.reflect.Method.invoke(Method.java:498) ~[na:1.8.0_451]
	at org.springframework.aop.support.AopUtils.invokeJoinpointUsingReflection(AopUtils.java:343) ~[spring-aop-5.1.2.RELEASE.jar:5.1.2.RELEASE]
	at org.springframework.aop.framework.ReflectiveMethodInvocation.invokeJoinpoint(ReflectiveMethodInvocation.java:198) ~[spring-aop-5.1.2.RELEASE.jar:5.1.2.RELEASE]
	at org.springframework.aop.framework.ReflectiveMethodInvocation.proceed(ReflectiveMethodInvocation.java:163) ~[spring-aop-5.1.2.RELEASE.jar:5.1.2.RELEASE]
	at org.springframework.dao.support.PersistenceExceptionTranslationInterceptor.invoke(PersistenceExceptionTranslationInterceptor.java:139) ~[spring-tx-5.1.2.RELEASE.jar:5.1.2.RELEASE]
	at org.springframework.aop.framework.ReflectiveMethodInvocation.proceed(ReflectiveMethodInvocation.java:186) ~[spring-aop-5.1.2.RELEASE.jar:5.1.2.RELEASE]
	at org.springframework.aop.framework.JdkDynamicAopProxy.invoke(JdkDynamicAopProxy.java:212) ~[spring-aop-5.1.2.RELEASE.jar:5.1.2.RELEASE]
	at com.sun.proxy.$Proxy81.insertSelective(Unknown Source) ~[na:na]
	at com.example.service.TeacherInfoService.add(TeacherInfoService.java:60) ~[classes/:na]
	at com.example.controller.AccountController.register(AccountController.java:107) ~[classes/:na]
	at sun.reflect.NativeMethodAccessorImpl.invoke0(Native Method) ~[na:1.8.0_451]
	at sun.reflect.NativeMethodAccessorImpl.invoke(NativeMethodAccessorImpl.java:62) ~[na:1.8.0_451]
	at sun.reflect.DelegatingMethodAccessorImpl.invoke(DelegatingMethodAccessorImpl.java:43) ~[na:1.8.0_451]
	at java.lang.reflect.Method.invoke(Method.java:498) ~[na:1.8.0_451]
	at org.springframework.web.method.support.InvocableHandlerMethod.doInvoke(InvocableHandlerMethod.java:215) ~[spring-web-5.1.2.RELEASE.jar:5.1.2.RELEASE]
	at org.springframework.web.method.support.InvocableHandlerMethod.invokeForRequest(InvocableHandlerMethod.java:142) ~[spring-web-5.1.2.RELEASE.jar:5.1.2.RELEASE]
	at org.springframework.web.servlet.mvc.method.annotation.ServletInvocableHandlerMethod.invokeAndHandle(ServletInvocableHandlerMethod.java:102) ~[spring-webmvc-5.1.2.RELEASE.jar:5.1.2.RELEASE]
	at org.springframework.web.servlet.mvc.method.annotation.RequestMappingHandlerAdapter.invokeHandlerMethod(RequestMappingHandlerAdapter.java:895) ~[spring-webmvc-5.1.2.RELEASE.jar:5.1.2.RELEASE]
	at org.springframework.web.servlet.mvc.method.annotation.RequestMappingHandlerAdapter.handleInternal(RequestMappingHandlerAdapter.java:800) ~[spring-webmvc-5.1.2.RELEASE.jar:5.1.2.RELEASE]
	at org.springframework.web.servlet.mvc.method.AbstractHandlerMethodAdapter.handle(AbstractHandlerMethodAdapter.java:87) ~[spring-webmvc-5.1.2.RELEASE.jar:5.1.2.RELEASE]
	at org.springframework.web.servlet.DispatcherServlet.doDispatch(DispatcherServlet.java:1038) ~[spring-webmvc-5.1.2.RELEASE.jar:5.1.2.RELEASE]
	at org.springframework.web.servlet.DispatcherServlet.doService(DispatcherServlet.java:942) ~[spring-webmvc-5.1.2.RELEASE.jar:5.1.2.RELEASE]
	at org.springframework.web.servlet.FrameworkServlet.processRequest(FrameworkServlet.java:998) [spring-webmvc-5.1.2.RELEASE.jar:5.1.2.RELEASE]
	at org.springframework.web.servlet.FrameworkServlet.doPost(FrameworkServlet.java:901) [spring-webmvc-5.1.2.RELEASE.jar:5.1.2.RELEASE]
	at javax.servlet.http.HttpServlet.service(HttpServlet.java:660) [tomcat-embed-core-9.0.12.jar:9.0.12]
	at org.springframework.web.servlet.FrameworkServlet.service(FrameworkServlet.java:875) [spring-webmvc-5.1.2.RELEASE.jar:5.1.2.RELEASE]
	at javax.servlet.http.HttpServlet.service(HttpServlet.java:741) [tomcat-embed-core-9.0.12.jar:9.0.12]
	at org.apache.catalina.core.ApplicationFilterChain.internalDoFilter(ApplicationFilterChain.java:231) [tomcat-embed-core-9.0.12.jar:9.0.12]
	at org.apache.catalina.core.ApplicationFilterChain.doFilter(ApplicationFilterChain.java:166) [tomcat-embed-core-9.0.12.jar:9.0.12]
	at org.apache.tomcat.websocket.server.WsFilter.doFilter(WsFilter.java:53) [tomcat-embed-websocket-9.0.12.jar:9.0.12]
	at org.apache.catalina.core.ApplicationFilterChain.internalDoFilter(ApplicationFilterChain.java:193) [tomcat-embed-core-9.0.12.jar:9.0.12]
	at org.apache.catalina.core.ApplicationFilterChain.doFilter(ApplicationFilterChain.java:166) [tomcat-embed-core-9.0.12.jar:9.0.12]
	at org.springframework.web.filter.RequestContextFilter.doFilterInternal(RequestContextFilter.java:99) [spring-web-5.1.2.RELEASE.jar:5.1.2.RELEASE]
	at org.springframework.web.filter.OncePerRequestFilter.doFilter(OncePerRequestFilter.java:107) [spring-web-5.1.2.RELEASE.jar:5.1.2.RELEASE]
	at org.apache.catalina.core.ApplicationFilterChain.internalDoFilter(ApplicationFilterChain.java:193) [tomcat-embed-core-9.0.12.jar:9.0.12]
	at org.apache.catalina.core.ApplicationFilterChain.doFilter(ApplicationFilterChain.java:166) [tomcat-embed-core-9.0.12.jar:9.0.12]
	at org.springframework.web.filter.FormContentFilter.doFilterInternal(FormContentFilter.java:92) [spring-web-5.1.2.RELEASE.jar:5.1.2.RELEASE]
	at org.springframework.web.filter.OncePerRequestFilter.doFilter(OncePerRequestFilter.java:107) [spring-web-5.1.2.RELEASE.jar:5.1.2.RELEASE]
	at org.apache.catalina.core.ApplicationFilterChain.internalDoFilter(ApplicationFilterChain.java:193) [tomcat-embed-core-9.0.12.jar:9.0.12]
	at org.apache.catalina.core.ApplicationFilterChain.doFilter(ApplicationFilterChain.java:166) [tomcat-embed-core-9.0.12.jar:9.0.12]
	at org.springframework.web.filter.HiddenHttpMethodFilter.doFilterInternal(HiddenHttpMethodFilter.java:93) [spring-web-5.1.2.RELEASE.jar:5.1.2.RELEASE]
	at org.springframework.web.filter.OncePerRequestFilter.doFilter(OncePerRequestFilter.java:107) [spring-web-5.1.2.RELEASE.jar:5.1.2.RELEASE]
	at org.apache.catalina.core.ApplicationFilterChain.internalDoFilter(ApplicationFilterChain.java:193) [tomcat-embed-core-9.0.12.jar:9.0.12]
	at org.apache.catalina.core.ApplicationFilterChain.doFilter(ApplicationFilterChain.java:166) [tomcat-embed-core-9.0.12.jar:9.0.12]
	at org.springframework.web.filter.CharacterEncodingFilter.doFilterInternal(CharacterEncodingFilter.java:200) [spring-web-5.1.2.RELEASE.jar:5.1.2.RELEASE]
	at org.springframework.web.filter.OncePerRequestFilter.doFilter(OncePerRequestFilter.java:107) [spring-web-5.1.2.RELEASE.jar:5.1.2.RELEASE]
	at org.apache.catalina.core.ApplicationFilterChain.internalDoFilter(ApplicationFilterChain.java:193) [tomcat-embed-core-9.0.12.jar:9.0.12]
	at org.apache.catalina.core.ApplicationFilterChain.doFilter(ApplicationFilterChain.java:166) [tomcat-embed-core-9.0.12.jar:9.0.12]
	at org.apache.catalina.core.StandardWrapperValve.invoke(StandardWrapperValve.java:199) [tomcat-embed-core-9.0.12.jar:9.0.12]
	at org.apache.catalina.core.StandardContextValve.invoke(StandardContextValve.java:96) [tomcat-embed-core-9.0.12.jar:9.0.12]
	at org.apache.catalina.authenticator.AuthenticatorBase.invoke(AuthenticatorBase.java:490) [tomcat-embed-core-9.0.12.jar:9.0.12]
	at org.apache.catalina.core.StandardHostValve.invoke(StandardHostValve.java:139) [tomcat-embed-core-9.0.12.jar:9.0.12]
	at org.apache.catalina.valves.ErrorReportValve.invoke(ErrorReportValve.java:92) [tomcat-embed-core-9.0.12.jar:9.0.12]
	at org.apache.catalina.core.StandardEngineValve.invoke(StandardEngineValve.java:74) [tomcat-embed-core-9.0.12.jar:9.0.12]
	at org.apache.catalina.connector.CoyoteAdapter.service(CoyoteAdapter.java:343) [tomcat-embed-core-9.0.12.jar:9.0.12]
	at org.apache.coyote.http11.Http11Processor.service(Http11Processor.java:408) [tomcat-embed-core-9.0.12.jar:9.0.12]
	at org.apache.coyote.AbstractProcessorLight.process(AbstractProcessorLight.java:66) [tomcat-embed-core-9.0.12.jar:9.0.12]
	at org.apache.coyote.AbstractProtocol$ConnectionHandler.process(AbstractProtocol.java:770) [tomcat-embed-core-9.0.12.jar:9.0.12]
	at org.apache.tomcat.util.net.NioEndpoint$SocketProcessor.doRun(NioEndpoint.java:1415) [tomcat-embed-core-9.0.12.jar:9.0.12]
	at org.apache.tomcat.util.net.SocketProcessorBase.run(SocketProcessorBase.java:49) [tomcat-embed-core-9.0.12.jar:9.0.12]
	at java.util.concurrent.ThreadPoolExecutor.runWorker(ThreadPoolExecutor.java:1149) [na:1.8.0_451]
	at java.util.concurrent.ThreadPoolExecutor$Worker.run(ThreadPoolExecutor.java:624) [na:1.8.0_451]
	at org.apache.tomcat.util.threads.TaskThread$WrappingRunnable.run(TaskThread.java:61) [tomcat-embed-core-9.0.12.jar:9.0.12]
	at java.lang.Thread.run(Thread.java:750) [na:1.8.0_451]
Caused by: java.sql.SQLSyntaxErrorException: Unknown column 'level' in 'field list'
	at com.mysql.cj.jdbc.exceptions.SQLError.createSQLException(SQLError.java:120) ~[mysql-connector-java-8.0.13.jar:8.0.13]
	at com.mysql.cj.jdbc.exceptions.SQLError.createSQLException(SQLError.java:97) ~[mysql-connector-java-8.0.13.jar:8.0.13]
	at com.mysql.cj.jdbc.exceptions.SQLExceptionsMapping.translateException(SQLExceptionsMapping.java:122) ~[mysql-connector-java-8.0.13.jar:8.0.13]
	at com.mysql.cj.jdbc.ClientPreparedStatement.executeInternal(ClientPreparedStatement.java:974) ~[mysql-connector-java-8.0.13.jar:8.0.13]
	at com.mysql.cj.jdbc.ClientPreparedStatement.execute(ClientPreparedStatement.java:391) ~[mysql-connector-java-8.0.13.jar:8.0.13]
	at com.zaxxer.hikari.pool.ProxyPreparedStatement.execute(ProxyPreparedStatement.java:44) ~[HikariCP-3.2.0.jar:na]
	at com.zaxxer.hikari.pool.HikariProxyPreparedStatement.execute(HikariProxyPreparedStatement.java) ~[HikariCP-3.2.0.jar:na]
	at org.apache.ibatis.executor.statement.PreparedStatementHandler.update(PreparedStatementHandler.java:46) ~[mybatis-3.4.6.jar:3.4.6]
	at org.apache.ibatis.executor.statement.RoutingStatementHandler.update(RoutingStatementHandler.java:74) ~[mybatis-3.4.6.jar:3.4.6]
	at org.apache.ibatis.executor.SimpleExecutor.doUpdate(SimpleExecutor.java:50) ~[mybatis-3.4.6.jar:3.4.6]
	at org.apache.ibatis.executor.BaseExecutor.update(BaseExecutor.java:117) ~[mybatis-3.4.6.jar:3.4.6]
	at org.apache.ibatis.executor.CachingExecutor.update(CachingExecutor.java:76) ~[mybatis-3.4.6.jar:3.4.6]
	at sun.reflect.NativeMethodAccessorImpl.invoke0(Native Method) ~[na:1.8.0_451]
	at sun.reflect.NativeMethodAccessorImpl.invoke(NativeMethodAccessorImpl.java:62) ~[na:1.8.0_451]
	at sun.reflect.DelegatingMethodAccessorImpl.invoke(DelegatingMethodAccessorImpl.java:43) ~[na:1.8.0_451]
	at java.lang.reflect.Method.invoke(Method.java:498) ~[na:1.8.0_451]
	at org.apache.ibatis.plugin.Plugin.invoke(Plugin.java:63) ~[mybatis-3.4.6.jar:3.4.6]
	at com.sun.proxy.$Proxy109.update(Unknown Source) ~[na:na]
	at org.apache.ibatis.session.defaults.DefaultSqlSession.update(DefaultSqlSession.java:198) ~[mybatis-3.4.6.jar:3.4.6]
	at org.apache.ibatis.session.defaults.DefaultSqlSession.insert(DefaultSqlSession.java:185) ~[mybatis-3.4.6.jar:3.4.6]
	at sun.reflect.NativeMethodAccessorImpl.invoke0(Native Method) ~[na:1.8.0_451]
	at sun.reflect.NativeMethodAccessorImpl.invoke(NativeMethodAccessorImpl.java:62) ~[na:1.8.0_451]
	at sun.reflect.DelegatingMethodAccessorImpl.invoke(DelegatingMethodAccessorImpl.java:43) ~[na:1.8.0_451]
	at java.lang.reflect.Method.invoke(Method.java:498) ~[na:1.8.0_451]
	at org.mybatis.spring.SqlSessionTemplate$SqlSessionInterceptor.invoke(SqlSessionTemplate.java:433) ~[mybatis-spring-1.3.2.jar:1.3.2]
	... 72 common frames omitted

2026-04-23 16:27:44.915 ERROR 6272 --- [http-nio-8888-exec-4] c.e.exception.GlobalExceptionHandler     : 异常信息：

org.springframework.jdbc.BadSqlGrammarException: 
### Error updating database.  Cause: java.sql.SQLSyntaxErrorException: Unknown column 'level' in 'field list'
### The error may involve com.example.dao.StudentInfoDao.insertSelective-Inline
### The error occurred while setting parameters
### SQL: INSERT INTO student_info  ( id,name,password,level ) VALUES( ?,?,?,? )
### Cause: java.sql.SQLSyntaxErrorException: Unknown column 'level' in 'field list'
; bad SQL grammar []; nested exception is java.sql.SQLSyntaxErrorException: Unknown column 'level' in 'field list'
	at org.springframework.jdbc.support.SQLErrorCodeSQLExceptionTranslator.doTranslate(SQLErrorCodeSQLExceptionTranslator.java:234) ~[spring-jdbc-5.1.2.RELEASE.jar:5.1.2.RELEASE]
	at org.springframework.jdbc.support.AbstractFallbackSQLExceptionTranslator.translate(AbstractFallbackSQLExceptionTranslator.java:72) ~[spring-jdbc-5.1.2.RELEASE.jar:5.1.2.RELEASE]
	at org.mybatis.spring.MyBatisExceptionTranslator.translateExceptionIfPossible(MyBatisExceptionTranslator.java:73) ~[mybatis-spring-1.3.2.jar:1.3.2]
	at org.mybatis.spring.SqlSessionTemplate$SqlSessionInterceptor.invoke(SqlSessionTemplate.java:446) ~[mybatis-spring-1.3.2.jar:1.3.2]
	at com.sun.proxy.$Proxy71.insert(Unknown Source) ~[na:na]
	at org.mybatis.spring.SqlSessionTemplate.insert(SqlSessionTemplate.java:278) ~[mybatis-spring-1.3.2.jar:1.3.2]
	at org.apache.ibatis.binding.MapperMethod.execute(MapperMethod.java:58) ~[mybatis-3.4.6.jar:3.4.6]
	at org.apache.ibatis.binding.MapperProxy.invoke(MapperProxy.java:59) ~[mybatis-3.4.6.jar:3.4.6]
	at com.sun.proxy.$Proxy84.insertSelective(Unknown Source) ~[na:na]
	at sun.reflect.NativeMethodAccessorImpl.invoke0(Native Method) ~[na:1.8.0_451]
	at sun.reflect.NativeMethodAccessorImpl.invoke(NativeMethodAccessorImpl.java:62) ~[na:1.8.0_451]
	at sun.reflect.DelegatingMethodAccessorImpl.invoke(DelegatingMethodAccessorImpl.java:43) ~[na:1.8.0_451]
	at java.lang.reflect.Method.invoke(Method.java:498) ~[na:1.8.0_451]
	at org.springframework.aop.support.AopUtils.invokeJoinpointUsingReflection(AopUtils.java:343) ~[spring-aop-5.1.2.RELEASE.jar:5.1.2.RELEASE]
	at org.springframework.aop.framework.ReflectiveMethodInvocation.invokeJoinpoint(ReflectiveMethodInvocation.java:198) ~[spring-aop-5.1.2.RELEASE.jar:5.1.2.RELEASE]
	at org.springframework.aop.framework.ReflectiveMethodInvocation.proceed(ReflectiveMethodInvocation.java:163) ~[spring-aop-5.1.2.RELEASE.jar:5.1.2.RELEASE]
	at org.springframework.dao.support.PersistenceExceptionTranslationInterceptor.invoke(PersistenceExceptionTranslationInterceptor.java:139) ~[spring-tx-5.1.2.RELEASE.jar:5.1.2.RELEASE]
	at org.springframework.aop.framework.ReflectiveMethodInvocation.proceed(ReflectiveMethodInvocation.java:186) ~[spring-aop-5.1.2.RELEASE.jar:5.1.2.RELEASE]
	at org.springframework.aop.framework.JdkDynamicAopProxy.invoke(JdkDynamicAopProxy.java:212) ~[spring-aop-5.1.2.RELEASE.jar:5.1.2.RELEASE]
	at com.sun.proxy.$Proxy85.insertSelective(Unknown Source) ~[na:na]
	at com.example.service.StudentInfoService.add(StudentInfoService.java:76) ~[classes/:na]
	at com.example.controller.AccountController.register(AccountController.java:113) ~[classes/:na]
	at sun.reflect.NativeMethodAccessorImpl.invoke0(Native Method) ~[na:1.8.0_451]
	at sun.reflect.NativeMethodAccessorImpl.invoke(NativeMethodAccessorImpl.java:62) ~[na:1.8.0_451]
	at sun.reflect.DelegatingMethodAccessorImpl.invoke(DelegatingMethodAccessorImpl.java:43) ~[na:1.8.0_451]
	at java.lang.reflect.Method.invoke(Method.java:498) ~[na:1.8.0_451]
	at org.springframework.web.method.support.InvocableHandlerMethod.doInvoke(InvocableHandlerMethod.java:215) ~[spring-web-5.1.2.RELEASE.jar:5.1.2.RELEASE]
	at org.springframework.web.method.support.InvocableHandlerMethod.invokeForRequest(InvocableHandlerMethod.java:142) ~[spring-web-5.1.2.RELEASE.jar:5.1.2.RELEASE]
	at org.springframework.web.servlet.mvc.method.annotation.ServletInvocableHandlerMethod.invokeAndHandle(ServletInvocableHandlerMethod.java:102) ~[spring-webmvc-5.1.2.RELEASE.jar:5.1.2.RELEASE]
	at org.springframework.web.servlet.mvc.method.annotation.RequestMappingHandlerAdapter.invokeHandlerMethod(RequestMappingHandlerAdapter.java:895) ~[spring-webmvc-5.1.2.RELEASE.jar:5.1.2.RELEASE]
	at org.springframework.web.servlet.mvc.method.annotation.RequestMappingHandlerAdapter.handleInternal(RequestMappingHandlerAdapter.java:800) ~[spring-webmvc-5.1.2.RELEASE.jar:5.1.2.RELEASE]
	at org.springframework.web.servlet.mvc.method.AbstractHandlerMethodAdapter.handle(AbstractHandlerMethodAdapter.java:87) ~[spring-webmvc-5.1.2.RELEASE.jar:5.1.2.RELEASE]
	at org.springframework.web.servlet.DispatcherServlet.doDispatch(DispatcherServlet.java:1038) ~[spring-webmvc-5.1.2.RELEASE.jar:5.1.2.RELEASE]
	at org.springframework.web.servlet.DispatcherServlet.doService(DispatcherServlet.java:942) ~[spring-webmvc-5.1.2.RELEASE.jar:5.1.2.RELEASE]
	at org.springframework.web.servlet.FrameworkServlet.processRequest(FrameworkServlet.java:998) [spring-webmvc-5.1.2.RELEASE.jar:5.1.2.RELEASE]
	at org.springframework.web.servlet.FrameworkServlet.doPost(FrameworkServlet.java:901) [spring-webmvc-5.1.2.RELEASE.jar:5.1.2.RELEASE]
	at javax.servlet.http.HttpServlet.service(HttpServlet.java:660) [tomcat-embed-core-9.0.12.jar:9.0.12]
	at org.springframework.web.servlet.FrameworkServlet.service(FrameworkServlet.java:875) [spring-webmvc-5.1.2.RELEASE.jar:5.1.2.RELEASE]
	at javax.servlet.http.HttpServlet.service(HttpServlet.java:741) [tomcat-embed-core-9.0.12.jar:9.0.12]
	at org.apache.catalina.core.ApplicationFilterChain.internalDoFilter(ApplicationFilterChain.java:231) [tomcat-embed-core-9.0.12.jar:9.0.12]
	at org.apache.catalina.core.ApplicationFilterChain.doFilter(ApplicationFilterChain.java:166) [tomcat-embed-core-9.0.12.jar:9.0.12]
	at org.apache.tomcat.websocket.server.WsFilter.doFilter(WsFilter.java:53) [tomcat-embed-websocket-9.0.12.jar:9.0.12]
	at org.apache.catalina.core.ApplicationFilterChain.internalDoFilter(ApplicationFilterChain.java:193) [tomcat-embed-core-9.0.12.jar:9.0.12]
	at org.apache.catalina.core.ApplicationFilterChain.doFilter(ApplicationFilterChain.java:166) [tomcat-embed-core-9.0.12.jar:9.0.12]
	at org.springframework.web.filter.RequestContextFilter.doFilterInternal(RequestContextFilter.java:99) [spring-web-5.1.2.RELEASE.jar:5.1.2.RELEASE]
	at org.springframework.web.filter.OncePerRequestFilter.doFilter(OncePerRequestFilter.java:107) [spring-web-5.1.2.RELEASE.jar:5.1.2.RELEASE]
	at org.apache.catalina.core.ApplicationFilterChain.internalDoFilter(ApplicationFilterChain.java:193) [tomcat-embed-core-9.0.12.jar:9.0.12]
	at org.apache.catalina.core.ApplicationFilterChain.doFilter(ApplicationFilterChain.java:166) [tomcat-embed-core-9.0.12.jar:9.0.12]
	at org.springframework.web.filter.FormContentFilter.doFilterInternal(FormContentFilter.java:92) [spring-web-5.1.2.RELEASE.jar:5.1.2.RELEASE]
	at org.springframework.web.filter.OncePerRequestFilter.doFilter(OncePerRequestFilter.java:107) [spring-web-5.1.2.RELEASE.jar:5.1.2.RELEASE]
	at org.apache.catalina.core.ApplicationFilterChain.internalDoFilter(ApplicationFilterChain.java:193) [tomcat-embed-core-9.0.12.jar:9.0.12]
	at org.apache.catalina.core.ApplicationFilterChain.doFilter(ApplicationFilterChain.java:166) [tomcat-embed-core-9.0.12.jar:9.0.12]
	at org.springframework.web.filter.HiddenHttpMethodFilter.doFilterInternal(HiddenHttpMethodFilter.java:93) [spring-web-5.1.2.RELEASE.jar:5.1.2.RELEASE]
	at org.springframework.web.filter.OncePerRequestFilter.doFilter(OncePerRequestFilter.java:107) [spring-web-5.1.2.RELEASE.jar:5.1.2.RELEASE]
	at org.apache.catalina.core.ApplicationFilterChain.internalDoFilter(ApplicationFilterChain.java:193) [tomcat-embed-core-9.0.12.jar:9.0.12]
	at org.apache.catalina.core.ApplicationFilterChain.doFilter(ApplicationFilterChain.java:166) [tomcat-embed-core-9.0.12.jar:9.0.12]
	at org.springframework.web.filter.CharacterEncodingFilter.doFilterInternal(CharacterEncodingFilter.java:200) [spring-web-5.1.2.RELEASE.jar:5.1.2.RELEASE]
	at org.springframework.web.filter.OncePerRequestFilter.doFilter(OncePerRequestFilter.java:107) [spring-web-5.1.2.RELEASE.jar:5.1.2.RELEASE]
	at org.apache.catalina.core.ApplicationFilterChain.internalDoFilter(ApplicationFilterChain.java:193) [tomcat-embed-core-9.0.12.jar:9.0.12]
	at org.apache.catalina.core.ApplicationFilterChain.doFilter(ApplicationFilterChain.java:166) [tomcat-embed-core-9.0.12.jar:9.0.12]
	at org.apache.catalina.core.StandardWrapperValve.invoke(StandardWrapperValve.java:199) [tomcat-embed-core-9.0.12.jar:9.0.12]
	at org.apache.catalina.core.StandardContextValve.invoke(StandardContextValve.java:96) [tomcat-embed-core-9.0.12.jar:9.0.12]
	at org.apache.catalina.authenticator.AuthenticatorBase.invoke(AuthenticatorBase.java:490) [tomcat-embed-core-9.0.12.jar:9.0.12]
	at org.apache.catalina.core.StandardHostValve.invoke(StandardHostValve.java:139) [tomcat-embed-core-9.0.12.jar:9.0.12]
	at org.apache.catalina.valves.ErrorReportValve.invoke(ErrorReportValve.java:92) [tomcat-embed-core-9.0.12.jar:9.0.12]
	at org.apache.catalina.core.StandardEngineValve.invoke(StandardEngineValve.java:74) [tomcat-embed-core-9.0.12.jar:9.0.12]
	at org.apache.catalina.connector.CoyoteAdapter.service(CoyoteAdapter.java:343) [tomcat-embed-core-9.0.12.jar:9.0.12]
	at org.apache.coyote.http11.Http11Processor.service(Http11Processor.java:408) [tomcat-embed-core-9.0.12.jar:9.0.12]
	at org.apache.coyote.AbstractProcessorLight.process(AbstractProcessorLight.java:66) [tomcat-embed-core-9.0.12.jar:9.0.12]
	at org.apache.coyote.AbstractProtocol$ConnectionHandler.process(AbstractProtocol.java:770) [tomcat-embed-core-9.0.12.jar:9.0.12]
	at org.apache.tomcat.util.net.NioEndpoint$SocketProcessor.doRun(NioEndpoint.java:1415) [tomcat-embed-core-9.0.12.jar:9.0.12]
	at org.apache.tomcat.util.net.SocketProcessorBase.run(SocketProcessorBase.java:49) [tomcat-embed-core-9.0.12.jar:9.0.12]
	at java.util.concurrent.ThreadPoolExecutor.runWorker(ThreadPoolExecutor.java:1149) [na:1.8.0_451]
	at java.util.concurrent.ThreadPoolExecutor$Worker.run(ThreadPoolExecutor.java:624) [na:1.8.0_451]
	at org.apache.tomcat.util.threads.TaskThread$WrappingRunnable.run(TaskThread.java:61) [tomcat-embed-core-9.0.12.jar:9.0.12]
	at java.lang.Thread.run(Thread.java:750) [na:1.8.0_451]
Caused by: java.sql.SQLSyntaxErrorException: Unknown column 'level' in 'field list'
	at com.mysql.cj.jdbc.exceptions.SQLError.createSQLException(SQLError.java:120) ~[mysql-connector-java-8.0.13.jar:8.0.13]
	at com.mysql.cj.jdbc.exceptions.SQLError.createSQLException(SQLError.java:97) ~[mysql-connector-java-8.0.13.jar:8.0.13]
	at com.mysql.cj.jdbc.exceptions.SQLExceptionsMapping.translateException(SQLExceptionsMapping.java:122) ~[mysql-connector-java-8.0.13.jar:8.0.13]
	at com.mysql.cj.jdbc.ClientPreparedStatement.executeInternal(ClientPreparedStatement.java:974) ~[mysql-connector-java-8.0.13.jar:8.0.13]
	at com.mysql.cj.jdbc.ClientPreparedStatement.execute(ClientPreparedStatement.java:391) ~[mysql-connector-java-8.0.13.jar:8.0.13]
	at com.zaxxer.hikari.pool.ProxyPreparedStatement.execute(ProxyPreparedStatement.java:44) ~[HikariCP-3.2.0.jar:na]
	at com.zaxxer.hikari.pool.HikariProxyPreparedStatement.execute(HikariProxyPreparedStatement.java) ~[HikariCP-3.2.0.jar:na]
	at org.apache.ibatis.executor.statement.PreparedStatementHandler.update(PreparedStatementHandler.java:46) ~[mybatis-3.4.6.jar:3.4.6]
	at org.apache.ibatis.executor.statement.RoutingStatementHandler.update(RoutingStatementHandler.java:74) ~[mybatis-3.4.6.jar:3.4.6]
	at org.apache.ibatis.executor.SimpleExecutor.doUpdate(SimpleExecutor.java:50) ~[mybatis-3.4.6.jar:3.4.6]
	at org.apache.ibatis.executor.BaseExecutor.update(BaseExecutor.java:117) ~[mybatis-3.4.6.jar:3.4.6]
	at org.apache.ibatis.executor.CachingExecutor.update(CachingExecutor.java:76) ~[mybatis-3.4.6.jar:3.4.6]
	at sun.reflect.NativeMethodAccessorImpl.invoke0(Native Method) ~[na:1.8.0_451]
	at sun.reflect.NativeMethodAccessorImpl.invoke(NativeMethodAccessorImpl.java:62) ~[na:1.8.0_451]
	at sun.reflect.DelegatingMethodAccessorImpl.invoke(DelegatingMethodAccessorImpl.java:43) ~[na:1.8.0_451]
	at java.lang.reflect.Method.invoke(Method.java:498) ~[na:1.8.0_451]
	at org.apache.ibatis.plugin.Plugin.invoke(Plugin.java:63) ~[mybatis-3.4.6.jar:3.4.6]
	at com.sun.proxy.$Proxy109.update(Unknown Source) ~[na:na]
	at org.apache.ibatis.session.defaults.DefaultSqlSession.update(DefaultSqlSession.java:198) ~[mybatis-3.4.6.jar:3.4.6]
	at org.apache.ibatis.session.defaults.DefaultSqlSession.insert(DefaultSqlSession.java:185) ~[mybatis-3.4.6.jar:3.4.6]
	at sun.reflect.NativeMethodAccessorImpl.invoke0(Native Method) ~[na:1.8.0_451]
	at sun.reflect.NativeMethodAccessorImpl.invoke(NativeMethodAccessorImpl.java:62) ~[na:1.8.0_451]
	at sun.reflect.DelegatingMethodAccessorImpl.invoke(DelegatingMethodAccessorImpl.java:43) ~[na:1.8.0_451]
	at java.lang.reflect.Method.invoke(Method.java:498) ~[na:1.8.0_451]
	at org.mybatis.spring.SqlSessionTemplate$SqlSessionInterceptor.invoke(SqlSessionTemplate.java:433) ~[mybatis-spring-1.3.2.jar:1.3.2]
	... 72 common frames omitted

2026-04-23 16:31:51.142  INFO 6272 --- [Thread-3] o.s.s.concurrent.ThreadPoolTaskExecutor  : Shutting down ExecutorService 'applicationTaskExecutor'
2026-04-23 16:31:51.143  INFO 6272 --- [Thread-3] com.zaxxer.hikari.HikariDataSource       : HikariPool-1 - Shutdown initiated...
2026-04-23 16:31:51.148  INFO 6272 --- [Thread-3] com.zaxxer.hikari.HikariDataSource       : HikariPool-1 - Shutdown completed.
2026-04-23 16:59:21.353  INFO 27980 --- [main] com.example.Application                  : Starting Application on HYH with PID 27980 (started by 48938 in C:\Users\48938\Documents\AAA\一堆2.2\信息系统实践\1716035241321-学生选课管理系统)
2026-04-23 16:59:21.355  INFO 27980 --- [main] com.example.Application                  : No active profile set, falling back to default profiles: default
2026-04-23 16:59:21.765  WARN 27980 --- [main] o.m.s.mapper.ClassPathMapperScanner      : No MyBatis mapper was found in '[com.example]' package. Please check your configuration.
2026-04-23 16:59:22.512  INFO 27980 --- [main] o.s.b.w.embedded.tomcat.TomcatWebServer  : Tomcat initialized with port(s): 8888 (http)
2026-04-23 16:59:22.526  INFO 27980 --- [main] o.apache.catalina.core.StandardService   : Starting service [Tomcat]
2026-04-23 16:59:22.526  INFO 27980 --- [main] org.apache.catalina.core.StandardEngine  : Starting Servlet Engine: Apache Tomcat/9.0.12
2026-04-23 16:59:22.532  INFO 27980 --- [main] o.a.catalina.core.AprLifecycleListener   : The APR based Apache Tomcat Native library which allows optimal performance in production environments was not found on the java.library.path: [C:\Program Files (x86)\Java\jdk-1.8\bin;C:\WINDOWS\Sun\Java\bin;C:\WINDOWS\system32;C:\WINDOWS;C:\Program Files\Common Files\Oracle\Java\javapath;C:\Program Files (x86)\Common Files\Oracle\Java\java8path;C:\Program Files (x86)\Common Files\Oracle\Java\javapath;C:\Program Files\NVIDIA GPU Computing Toolkit\CUDA\v12.9\bin;C:\Program Files\NVIDIA GPU Computing Toolkit\CUDA\v12.9\libnvvp;C:\Windows\system32;C:\Windows;C:\Windows\System32\Wbem;C:\Windows\System32\WindowsPowerShell\v1.0\;C:\Windows\System32\OpenSSH\;C:\Program Files (x86)\NVIDIA Corporation\PhysX\Common;C:\Program Files\dotnet\;C:\Oracle\instantclient-basic-windows.x64-23.26.1.0.0\instantclient_23_0;C:\WINDOWS\system32;C:\WINDOWS;C:\WINDOWS\System32\Wbem;C:\WINDOWS\System32\WindowsPowerShell\v1.0\;C:\WINDOWS\System32\OpenSSH\;C:\Program Files\Bandizip\;C:\Program Files (x86)\Windows Kits\10\Windows Performance Toolkit\;C:\Program Files\NVIDIA Corporation\NVIDIA App\NvDLISR;C:\Program Files\NVIDIA Corporation\Nsight Compute 2025.2.0\;C:\Program Files (x86)\Java\jdk-1.8\bin;%JRE_HOME%\bin;C:\Users\48938\AppData\Local\Programs\Python\Launcher\;C:\Users\48938\AppData\Local\Programs\Python\Python313;C:\Users\48938\AppData\Local\Microsoft\WindowsApps;C:\Users\48938\.dotnet\tools;C:\Users\48938\AppData\Local\Programs\Ollama;C:\Users\48938\AppData\Local\Programs\Python\Python313\Scripts;C:\Users\48938\AppData\Local\GitHubDesktop\bin;C:\mingw64\bin;.]
2026-04-23 16:59:22.634  INFO 27980 --- [main] o.a.c.c.C.[Tomcat].[localhost].[/]       : Initializing Spring embedded WebApplicationContext
2026-04-23 16:59:22.634  INFO 27980 --- [main] o.s.web.context.ContextLoader            : Root WebApplicationContext: initialization completed in 1248 ms
2026-04-23 16:59:22.650  INFO 27980 --- [main] o.s.b.w.servlet.ServletRegistrationBean  : Servlet dispatcherServlet mapped to [/]
2026-04-23 16:59:22.653  INFO 27980 --- [main] o.s.b.w.servlet.FilterRegistrationBean   : Mapping filter: 'characterEncodingFilter' to: [/*]
2026-04-23 16:59:22.653  INFO 27980 --- [main] o.s.b.w.servlet.FilterRegistrationBean   : Mapping filter: 'hiddenHttpMethodFilter' to: [/*]
2026-04-23 16:59:22.653  INFO 27980 --- [main] o.s.b.w.servlet.FilterRegistrationBean   : Mapping filter: 'formContentFilter' to: [/*]
2026-04-23 16:59:22.653  INFO 27980 --- [main] o.s.b.w.servlet.FilterRegistrationBean   : Mapping filter: 'requestContextFilter' to: [/*]
2026-04-23 16:59:23.139  INFO 27980 --- [main] o.s.s.concurrent.ThreadPoolTaskExecutor  : Initializing ExecutorService 'applicationTaskExecutor'
2026-04-23 16:59:23.314  INFO 27980 --- [main] o.s.b.w.embedded.tomcat.TomcatWebServer  : Tomcat started on port(s): 8888 (http) with context path ''
2026-04-23 16:59:23.316  INFO 27980 --- [main] com.example.Application                  : Started Application in 2.317 seconds (JVM running for 2.616)
2026-04-23 16:59:23.318  INFO 27980 --- [main] com.example.common.config.OpenBrowser    : 项目启动成功……
2026-04-23 16:59:23.822  INFO 27980 --- [http-nio-8888-exec-1] o.a.c.c.C.[Tomcat].[localhost].[/]       : Initializing Spring DispatcherServlet 'dispatcherServlet'
2026-04-23 16:59:23.823  INFO 27980 --- [http-nio-8888-exec-1] o.s.web.servlet.DispatcherServlet        : Initializing Servlet 'dispatcherServlet'
2026-04-23 16:59:23.829  INFO 27980 --- [http-nio-8888-exec-1] o.s.web.servlet.DispatcherServlet        : Completed initialization in 6 ms
2026-04-23 16:59:35.946  INFO 27980 --- [http-nio-8888-exec-7] com.zaxxer.hikari.HikariDataSource       : HikariPool-1 - Starting...
2026-04-23 16:59:36.053  INFO 27980 --- [http-nio-8888-exec-7] com.zaxxer.hikari.HikariDataSource       : HikariPool-1 - Start completed.
2026-04-23 17:00:39.583  INFO 27980 --- [Thread-3] o.s.s.concurrent.ThreadPoolTaskExecutor  : Shutting down ExecutorService 'applicationTaskExecutor'
2026-04-23 17:00:39.584  INFO 27980 --- [Thread-3] com.zaxxer.hikari.HikariDataSource       : HikariPool-1 - Shutdown initiated...
2026-04-23 17:00:39.588  INFO 27980 --- [Thread-3] com.zaxxer.hikari.HikariDataSource       : HikariPool-1 - Shutdown completed.
2026-04-23 17:00:43.564  INFO 1232 --- [main] com.example.Application                  : Starting Application on HYH with PID 1232 (started by 48938 in C:\Users\48938\Documents\AAA\一堆2.2\信息系统实践\1716035241321-学生选课管理系统)
2026-04-23 17:00:43.567  INFO 1232 --- [main] com.example.Application                  : No active profile set, falling back to default profiles: default
2026-04-23 17:00:43.980  WARN 1232 --- [main] o.m.s.mapper.ClassPathMapperScanner      : No MyBatis mapper was found in '[com.example]' package. Please check your configuration.
2026-04-23 17:00:44.725  INFO 1232 --- [main] o.s.b.w.embedded.tomcat.TomcatWebServer  : Tomcat initialized with port(s): 8888 (http)
2026-04-23 17:00:44.739  INFO 1232 --- [main] o.apache.catalina.core.StandardService   : Starting service [Tomcat]
2026-04-23 17:00:44.739  INFO 1232 --- [main] org.apache.catalina.core.StandardEngine  : Starting Servlet Engine: Apache Tomcat/9.0.12
2026-04-23 17:00:44.745  INFO 1232 --- [main] o.a.catalina.core.AprLifecycleListener   : The APR based Apache Tomcat Native library which allows optimal performance in production environments was not found on the java.library.path: [C:\Program Files (x86)\Java\jdk-1.8\bin;C:\WINDOWS\Sun\Java\bin;C:\WINDOWS\system32;C:\WINDOWS;C:\Program Files\Common Files\Oracle\Java\javapath;C:\Program Files (x86)\Common Files\Oracle\Java\java8path;C:\Program Files (x86)\Common Files\Oracle\Java\javapath;C:\Program Files\NVIDIA GPU Computing Toolkit\CUDA\v12.9\bin;C:\Program Files\NVIDIA GPU Computing Toolkit\CUDA\v12.9\libnvvp;C:\Windows\system32;C:\Windows;C:\Windows\System32\Wbem;C:\Windows\System32\WindowsPowerShell\v1.0\;C:\Windows\System32\OpenSSH\;C:\Program Files (x86)\NVIDIA Corporation\PhysX\Common;C:\Program Files\dotnet\;C:\Oracle\instantclient-basic-windows.x64-23.26.1.0.0\instantclient_23_0;C:\WINDOWS\system32;C:\WINDOWS;C:\WINDOWS\System32\Wbem;C:\WINDOWS\System32\WindowsPowerShell\v1.0\;C:\WINDOWS\System32\OpenSSH\;C:\Program Files\Bandizip\;C:\Program Files (x86)\Windows Kits\10\Windows Performance Toolkit\;C:\Program Files\NVIDIA Corporation\NVIDIA App\NvDLISR;C:\Program Files\NVIDIA Corporation\Nsight Compute 2025.2.0\;C:\Program Files (x86)\Java\jdk-1.8\bin;%JRE_HOME%\bin;C:\Users\48938\AppData\Local\Programs\Python\Launcher\;C:\Users\48938\AppData\Local\Programs\Python\Python313;C:\Users\48938\AppData\Local\Microsoft\WindowsApps;C:\Users\48938\.dotnet\tools;C:\Users\48938\AppData\Local\Programs\Ollama;C:\Users\48938\AppData\Local\Programs\Python\Python313\Scripts;C:\Users\48938\AppData\Local\GitHubDesktop\bin;C:\mingw64\bin;.]
2026-04-23 17:00:44.837  INFO 1232 --- [main] o.a.c.c.C.[Tomcat].[localhost].[/]       : Initializing Spring embedded WebApplicationContext
2026-04-23 17:00:44.837  INFO 1232 --- [main] o.s.web.context.ContextLoader            : Root WebApplicationContext: initialization completed in 1238 ms
2026-04-23 17:00:44.852  INFO 1232 --- [main] o.s.b.w.servlet.ServletRegistrationBean  : Servlet dispatcherServlet mapped to [/]
2026-04-23 17:00:44.855  INFO 1232 --- [main] o.s.b.w.servlet.FilterRegistrationBean   : Mapping filter: 'characterEncodingFilter' to: [/*]
2026-04-23 17:00:44.855  INFO 1232 --- [main] o.s.b.w.servlet.FilterRegistrationBean   : Mapping filter: 'hiddenHttpMethodFilter' to: [/*]
2026-04-23 17:00:44.855  INFO 1232 --- [main] o.s.b.w.servlet.FilterRegistrationBean   : Mapping filter: 'formContentFilter' to: [/*]
2026-04-23 17:00:44.856  INFO 1232 --- [main] o.s.b.w.servlet.FilterRegistrationBean   : Mapping filter: 'requestContextFilter' to: [/*]
2026-04-23 17:00:45.337  INFO 1232 --- [main] o.s.s.concurrent.ThreadPoolTaskExecutor  : Initializing ExecutorService 'applicationTaskExecutor'
2026-04-23 17:00:45.515  INFO 1232 --- [main] o.s.b.w.embedded.tomcat.TomcatWebServer  : Tomcat started on port(s): 8888 (http) with context path ''
2026-04-23 17:00:45.517  INFO 1232 --- [main] com.example.Application                  : Started Application in 2.306 seconds (JVM running for 2.6)
2026-04-23 17:00:45.519  INFO 1232 --- [main] com.example.common.config.OpenBrowser    : 项目启动成功……
2026-04-23 17:00:46.368  INFO 1232 --- [http-nio-8888-exec-1] o.a.c.c.C.[Tomcat].[localhost].[/]       : Initializing Spring DispatcherServlet 'dispatcherServlet'
2026-04-23 17:00:46.369  INFO 1232 --- [http-nio-8888-exec-1] o.s.web.servlet.DispatcherServlet        : Initializing Servlet 'dispatcherServlet'
2026-04-23 17:00:46.376  INFO 1232 --- [http-nio-8888-exec-1] o.s.web.servlet.DispatcherServlet        : Completed initialization in 6 ms
2026-04-23 17:01:07.479  INFO 1232 --- [http-nio-8888-exec-2] com.zaxxer.hikari.HikariDataSource       : HikariPool-1 - Starting...
2026-04-23 17:01:07.597  INFO 1232 --- [http-nio-8888-exec-2] com.zaxxer.hikari.HikariDataSource       : HikariPool-1 - Start completed.
2026-04-23 17:03:14.129  INFO 1232 --- [Thread-3] o.s.s.concurrent.ThreadPoolTaskExecutor  : Shutting down ExecutorService 'applicationTaskExecutor'
2026-04-23 17:03:14.130  INFO 1232 --- [Thread-3] com.zaxxer.hikari.HikariDataSource       : HikariPool-1 - Shutdown initiated...
2026-04-23 17:03:14.135  INFO 1232 --- [Thread-3] com.zaxxer.hikari.HikariDataSource       : HikariPool-1 - Shutdown completed.
2026-04-23 17:52:31.492  INFO 3684 --- [main] com.example.Application                  : Starting Application on HYH with PID 3684 (started by 48938 in C:\Users\48938\Documents\AAA\一堆2.2\信息系统实践\1716035241321-学生选课管理系统)
2026-04-23 17:52:31.494  INFO 3684 --- [main] com.example.Application                  : No active profile set, falling back to default profiles: default
2026-04-23 17:52:31.934  WARN 3684 --- [main] o.m.s.mapper.ClassPathMapperScanner      : No MyBatis mapper was found in '[com.example]' package. Please check your configuration.
2026-04-23 17:52:32.697  INFO 3684 --- [main] o.s.b.w.embedded.tomcat.TomcatWebServer  : Tomcat initialized with port(s): 8888 (http)
2026-04-23 17:52:32.711  INFO 3684 --- [main] o.apache.catalina.core.StandardService   : Starting service [Tomcat]
2026-04-23 17:52:32.711  INFO 3684 --- [main] org.apache.catalina.core.StandardEngine  : Starting Servlet Engine: Apache Tomcat/9.0.12
2026-04-23 17:52:32.717  INFO 3684 --- [main] o.a.catalina.core.AprLifecycleListener   : The APR based Apache Tomcat Native library which allows optimal performance in production environments was not found on the java.library.path: [C:\Program Files (x86)\Java\jdk-1.8\bin;C:\WINDOWS\Sun\Java\bin;C:\WINDOWS\system32;C:\WINDOWS;C:\Program Files\Common Files\Oracle\Java\javapath;C:\Program Files (x86)\Common Files\Oracle\Java\java8path;C:\Program Files (x86)\Common Files\Oracle\Java\javapath;C:\Program Files\NVIDIA GPU Computing Toolkit\CUDA\v12.9\bin;C:\Program Files\NVIDIA GPU Computing Toolkit\CUDA\v12.9\libnvvp;C:\Windows\system32;C:\Windows;C:\Windows\System32\Wbem;C:\Windows\System32\WindowsPowerShell\v1.0\;C:\Windows\System32\OpenSSH\;C:\Program Files (x86)\NVIDIA Corporation\PhysX\Common;C:\Program Files\dotnet\;C:\Oracle\instantclient-basic-windows.x64-23.26.1.0.0\instantclient_23_0;C:\WINDOWS\system32;C:\WINDOWS;C:\WINDOWS\System32\Wbem;C:\WINDOWS\System32\WindowsPowerShell\v1.0\;C:\WINDOWS\System32\OpenSSH\;C:\Program Files\Bandizip\;C:\Program Files (x86)\Windows Kits\10\Windows Performance Toolkit\;C:\Program Files\NVIDIA Corporation\NVIDIA App\NvDLISR;C:\Program Files\NVIDIA Corporation\Nsight Compute 2025.2.0\;C:\Program Files (x86)\Java\jdk-1.8\bin;%JRE_HOME%\bin;C:\Users\48938\AppData\Local\Programs\Python\Launcher\;C:\Users\48938\AppData\Local\Programs\Python\Python313;C:\Users\48938\AppData\Local\Microsoft\WindowsApps;C:\Users\48938\.dotnet\tools;C:\Users\48938\AppData\Local\Programs\Ollama;C:\Users\48938\AppData\Local\Programs\Python\Python313\Scripts;C:\Users\48938\AppData\Local\GitHubDesktop\bin;C:\mingw64\bin;.]
2026-04-23 17:52:32.810  INFO 3684 --- [main] o.a.c.c.C.[Tomcat].[localhost].[/]       : Initializing Spring embedded WebApplicationContext
2026-04-23 17:52:32.812  INFO 3684 --- [main] o.s.web.context.ContextLoader            : Root WebApplicationContext: initialization completed in 1287 ms
2026-04-23 17:52:32.829  INFO 3684 --- [main] o.s.b.w.servlet.ServletRegistrationBean  : Servlet dispatcherServlet mapped to [/]
2026-04-23 17:52:32.833  INFO 3684 --- [main] o.s.b.w.servlet.FilterRegistrationBean   : Mapping filter: 'characterEncodingFilter' to: [/*]
2026-04-23 17:52:32.833  INFO 3684 --- [main] o.s.b.w.servlet.FilterRegistrationBean   : Mapping filter: 'hiddenHttpMethodFilter' to: [/*]
2026-04-23 17:52:32.834  INFO 3684 --- [main] o.s.b.w.servlet.FilterRegistrationBean   : Mapping filter: 'formContentFilter' to: [/*]
2026-04-23 17:52:32.834  INFO 3684 --- [main] o.s.b.w.servlet.FilterRegistrationBean   : Mapping filter: 'requestContextFilter' to: [/*]
2026-04-23 17:52:33.338  INFO 3684 --- [main] o.s.s.concurrent.ThreadPoolTaskExecutor  : Initializing ExecutorService 'applicationTaskExecutor'
2026-04-23 17:52:33.515  INFO 3684 --- [main] o.s.b.w.embedded.tomcat.TomcatWebServer  : Tomcat started on port(s): 8888 (http) with context path ''
2026-04-23 17:52:33.516  INFO 3684 --- [main] com.example.Application                  : Started Application in 2.364 seconds (JVM running for 2.667)
2026-04-23 17:52:33.518  INFO 3684 --- [main] com.example.common.config.OpenBrowser    : 项目启动成功……
2026-04-23 17:52:33.998  INFO 3684 --- [http-nio-8888-exec-1] o.a.c.c.C.[Tomcat].[localhost].[/]       : Initializing Spring DispatcherServlet 'dispatcherServlet'
2026-04-23 17:52:33.998  INFO 3684 --- [http-nio-8888-exec-1] o.s.web.servlet.DispatcherServlet        : Initializing Servlet 'dispatcherServlet'
2026-04-23 17:52:34.004  INFO 3684 --- [http-nio-8888-exec-1] o.s.web.servlet.DispatcherServlet        : Completed initialization in 6 ms
2026-04-23 17:53:09.664  INFO 3684 --- [http-nio-8888-exec-8] com.zaxxer.hikari.HikariDataSource       : HikariPool-1 - Starting...
2026-04-23 17:53:09.781  INFO 3684 --- [http-nio-8888-exec-8] com.zaxxer.hikari.HikariDataSource       : HikariPool-1 - Start completed.
2026-04-23 17:53:55.250  INFO 3684 --- [Thread-3] o.s.s.concurrent.ThreadPoolTaskExecutor  : Shutting down ExecutorService 'applicationTaskExecutor'
2026-04-23 17:53:55.251  INFO 3684 --- [Thread-3] com.zaxxer.hikari.HikariDataSource       : HikariPool-1 - Shutdown initiated...
2026-04-23 17:53:55.257  INFO 3684 --- [Thread-3] com.zaxxer.hikari.HikariDataSource       : HikariPool-1 - Shutdown completed.
2026-04-23 17:54:03.514  INFO 3252 --- [main] com.example.Application                  : Starting Application on HYH with PID 3252 (started by 48938 in C:\Users\48938\Documents\AAA\一堆2.2\信息系统实践\1716035241321-学生选课管理系统)
2026-04-23 17:54:03.516  INFO 3252 --- [main] com.example.Application                  : No active profile set, falling back to default profiles: default
2026-04-23 17:54:03.937  WARN 3252 --- [main] o.m.s.mapper.ClassPathMapperScanner      : No MyBatis mapper was found in '[com.example]' package. Please check your configuration.
2026-04-23 17:54:04.683  INFO 3252 --- [main] o.s.b.w.embedded.tomcat.TomcatWebServer  : Tomcat initialized with port(s): 8888 (http)
2026-04-23 17:54:04.696  INFO 3252 --- [main] o.apache.catalina.core.StandardService   : Starting service [Tomcat]
2026-04-23 17:54:04.696  INFO 3252 --- [main] org.apache.catalina.core.StandardEngine  : Starting Servlet Engine: Apache Tomcat/9.0.12
2026-04-23 17:54:04.703  INFO 3252 --- [main] o.a.catalina.core.AprLifecycleListener   : The APR based Apache Tomcat Native library which allows optimal performance in production environments was not found on the java.library.path: [C:\Program Files (x86)\Java\jdk-1.8\bin;C:\WINDOWS\Sun\Java\bin;C:\WINDOWS\system32;C:\WINDOWS;C:\Program Files\Common Files\Oracle\Java\javapath;C:\Program Files (x86)\Common Files\Oracle\Java\java8path;C:\Program Files (x86)\Common Files\Oracle\Java\javapath;C:\Program Files\NVIDIA GPU Computing Toolkit\CUDA\v12.9\bin;C:\Program Files\NVIDIA GPU Computing Toolkit\CUDA\v12.9\libnvvp;C:\Windows\system32;C:\Windows;C:\Windows\System32\Wbem;C:\Windows\System32\WindowsPowerShell\v1.0\;C:\Windows\System32\OpenSSH\;C:\Program Files (x86)\NVIDIA Corporation\PhysX\Common;C:\Program Files\dotnet\;C:\Oracle\instantclient-basic-windows.x64-23.26.1.0.0\instantclient_23_0;C:\WINDOWS\system32;C:\WINDOWS;C:\WINDOWS\System32\Wbem;C:\WINDOWS\System32\WindowsPowerShell\v1.0\;C:\WINDOWS\System32\OpenSSH\;C:\Program Files\Bandizip\;C:\Program Files (x86)\Windows Kits\10\Windows Performance Toolkit\;C:\Program Files\NVIDIA Corporation\NVIDIA App\NvDLISR;C:\Program Files\NVIDIA Corporation\Nsight Compute 2025.2.0\;C:\Program Files (x86)\Java\jdk-1.8\bin;%JRE_HOME%\bin;C:\Users\48938\AppData\Local\Programs\Python\Launcher\;C:\Users\48938\AppData\Local\Programs\Python\Python313;C:\Users\48938\AppData\Local\Microsoft\WindowsApps;C:\Users\48938\.dotnet\tools;C:\Users\48938\AppData\Local\Programs\Ollama;C:\Users\48938\AppData\Local\Programs\Python\Python313\Scripts;C:\Users\48938\AppData\Local\GitHubDesktop\bin;C:\mingw64\bin;.]
2026-04-23 17:54:04.791  INFO 3252 --- [main] o.a.c.c.C.[Tomcat].[localhost].[/]       : Initializing Spring embedded WebApplicationContext
2026-04-23 17:54:04.792  INFO 3252 --- [main] o.s.web.context.ContextLoader            : Root WebApplicationContext: initialization completed in 1245 ms
2026-04-23 17:54:04.808  INFO 3252 --- [main] o.s.b.w.servlet.ServletRegistrationBean  : Servlet dispatcherServlet mapped to [/]
2026-04-23 17:54:04.811  INFO 3252 --- [main] o.s.b.w.servlet.FilterRegistrationBean   : Mapping filter: 'characterEncodingFilter' to: [/*]
2026-04-23 17:54:04.811  INFO 3252 --- [main] o.s.b.w.servlet.FilterRegistrationBean   : Mapping filter: 'hiddenHttpMethodFilter' to: [/*]
2026-04-23 17:54:04.811  INFO 3252 --- [main] o.s.b.w.servlet.FilterRegistrationBean   : Mapping filter: 'formContentFilter' to: [/*]
2026-04-23 17:54:04.811  INFO 3252 --- [main] o.s.b.w.servlet.FilterRegistrationBean   : Mapping filter: 'requestContextFilter' to: [/*]
2026-04-23 17:54:05.311  INFO 3252 --- [main] o.s.s.concurrent.ThreadPoolTaskExecutor  : Initializing ExecutorService 'applicationTaskExecutor'
2026-04-23 17:54:05.511  INFO 3252 --- [main] o.s.b.w.embedded.tomcat.TomcatWebServer  : Tomcat started on port(s): 8888 (http) with context path ''
2026-04-23 17:54:05.513  INFO 3252 --- [main] com.example.Application                  : Started Application in 2.355 seconds (JVM running for 2.65)
2026-04-23 17:54:05.515  INFO 3252 --- [main] com.example.common.config.OpenBrowser    : 项目启动成功……
2026-04-23 17:54:06.017  INFO 3252 --- [http-nio-8888-exec-1] o.a.c.c.C.[Tomcat].[localhost].[/]       : Initializing Spring DispatcherServlet 'dispatcherServlet'
2026-04-23 17:54:06.018  INFO 3252 --- [http-nio-8888-exec-1] o.s.web.servlet.DispatcherServlet        : Initializing Servlet 'dispatcherServlet'
2026-04-23 17:54:06.023  INFO 3252 --- [http-nio-8888-exec-1] o.s.web.servlet.DispatcherServlet        : Completed initialization in 5 ms
2026-04-23 17:54:44.562  INFO 3252 --- [http-nio-8888-exec-4] com.zaxxer.hikari.HikariDataSource       : HikariPool-1 - Starting...
2026-04-23 17:54:44.681  INFO 3252 --- [http-nio-8888-exec-4] com.zaxxer.hikari.HikariDataSource       : HikariPool-1 - Start completed.
2026-04-23 17:54:55.333  INFO 3252 --- [Thread-3] o.s.s.concurrent.ThreadPoolTaskExecutor  : Shutting down ExecutorService 'applicationTaskExecutor'
2026-04-23 17:54:55.334  INFO 3252 --- [Thread-3] com.zaxxer.hikari.HikariDataSource       : HikariPool-1 - Shutdown initiated...
2026-04-23 17:54:55.337  INFO 3252 --- [Thread-3] com.zaxxer.hikari.HikariDataSource       : HikariPool-1 - Shutdown completed.
